reg_no,name,category,status,source_url,snapshot_date,is_sample
INA000000001,SAMPLE ADVISORY ONE (DEMO),Investment Adviser,Active,https://www.sebi.gov.in,2026-03-01,true
INA000000037,KAVITHA MENON,Investment Adviser,Active,https://www.sebi.gov.in,2026-10-03,false
INA000000045,PRAKASH CHANDRA PRAHARAJ,Investment Adviser,Active,https://www.sebi.gov.in,2026-10-03,false
INA000000060,VALUEFY SOLUTIONS PRIVATE LIMITED,Investment Adviser,Active,https://www.sebi.gov.in,2026-10-03,false
INA000000094,ICICI SECURITIES LIMITED,Investment Adviser,Active,https://www.sebi.gov.in,2026-10-03,false
INA000000276,ASTEYA INVESTMENT MANAGERS LLP,Investment Adviser,Active,https://www.sebi.gov.in,2026-10-03,false
INA000000326,SPT INVESTMENT ADVISORY SERVICES PVT. LTD.,Investment Adviser,Active,https://www.sebi.gov.in,2026-10-03,false
INA000000383,V R WEALTH ADVISORS PRIVATE LIMITED,Investment Adviser,Active,https://www.sebi.gov.in,2026-10-03,false
INA000000391,BARCLAYS SECURITIES (INDIA) PRIVATE LIMITED,Investment Adviser,Active,https://www.sebi.gov.in,2026-10-03,false
INA000000409,PLAN AHEAD WEALTH ADVISORS PRIVATE LIMITED,Investment Adviser,Active,https://www.sebi.gov.in,2026-10-03,false
INA000000425,SANDIP SABHARWAL,Investment Adviser,Active,https://www.sebi.gov.in,2026-10-03,false
INA000000441,GORAKH KADAM,Investment Adviser,Active,https://www.sebi.gov.in,2026-10-03,false
INA000000482,WEALTH FIRST ADVISORS PRIVATE LTD,Investment Adviser,Active,https://www.sebi.gov.in,2026-10-03,false
INA000000532,ASK Wealth Advisors Private Limited,Investment Adviser,Active,https://www.sebi.gov.in,2026-10-03,false
INA000000557,TRUSTPLUTUS FAMILY OFFICE & INVESTMENT ADVISERS (INDIA) PRIVATE LIMITED,Investment Adviser,Active,https://www.sebi.gov.in,2026-10-03,false
INA000000615,AXIS SECURITIES LIMITED,Investment Adviser,Active,https://www.sebi.gov.in,2026-10-03,false
INA000000623,IIFL Capital Services Limited,Investment Adviser,Active,https://www.sebi.gov.in,2026-10-03,false
INA000000631,AJIT SINGH DUA,Investment Adviser,Active,https://www.sebi.gov.in,2026-10-03,false
INA000000672,Purnartha Investment Advisers Pvt.Ltd.,Investment Adviser,Active,https://www.sebi.gov.in,2026-10-03,false
INA000000680,QUANTUM INFORMATION SERVICES PRIVATE LIMITED,Investment Adviser,Active,https://www.sebi.gov.in,2026-10-03,false
INA000000789,JIGNESH HARSHADRAI SHAH,Investment Adviser,Active,https://www.sebi.gov.in,2026-10-03,false
INA000000805,SACHIN MAHESH WALAVALKAR,Investment Adviser,Active,https://www.sebi.gov.in,2026-10-03,false
INA000000854,SHRI. AMIT BHADANG,Investment Adviser,Active,https://www.sebi.gov.in,2026-10-03,false
INA000000888,360 ONE Investment Adviser and Trustee Services Limited,Investment Adviser,Active,https://www.sebi.gov.in,2026-10-03,false
INA000001001,UNIQUEST INVESTMENT ADVISER PRIVATE LIMITED,Investment Adviser,Active,https://www.sebi.gov.in,2026-10-03,false
INA000001027,KALPESH N ASHAR,Investment Adviser,Active,https://www.sebi.gov.in,2026-10-03,false
INA000001035,SHEPHERD'S HILL CAPITAL ADVISORS,Investment Adviser,Active,https://www.sebi.gov.in,2026-10-03,false
INA000001126,SHRI AKHILESH CHAWDA PROPRIETOR M/S CAPITAL COW RESEARCH,Investment Adviser,Active,https://www.sebi.gov.in,2026-10-03,false
INA000001142,DSIJ Wealth Advisory Private Limited,Investment Adviser,Active,https://www.sebi.gov.in,2026-10-03,false
INA000001365,RAJIV SHARMA PROPRIETOR M/S CAPITAL LIFE MARKET RESEARCH,Investment Adviser,Active,https://www.sebi.gov.in,2026-10-03,false
INA000001472,VIKRAM ADVISORY SERVICES PVT. LTD.,Investment Adviser,Active,https://www.sebi.gov.in,2026-10-03,false
INA000001522,HAREN JAYENDRA BANKER,Investment Adviser,Active,https://www.sebi.gov.in,2026-10-03,false
INA000001597,STEVEN NELSON FERNANDES Proprietor of PROFICIENT FINANCIAL PLANNERS,Investment Adviser,Active,https://www.sebi.gov.in,2026-10-03,false
INA000001761,CENTRUM INVESTMENT ADVISORS LIMITED,Investment Adviser,Active,https://www.sebi.gov.in,2026-10-03,false
INA000001811,WATERFIELD FINANCIAL AND INVESTMENT ADVISORS PRIVATE LIMITED,Investment Adviser,Active,https://www.sebi.gov.in,2026-10-03,false
INA000001837,TBNG CAPITAL ADVISORS PVT. LTD.,Investment Adviser,Active,https://www.sebi.gov.in,2026-10-03,false
INA000002173,HARSH VARDHAN DAWAR,Investment Adviser,Active,https://www.sebi.gov.in,2026-10-03,false
INA000002470,MUNJAL RAJENDRA SHAH,Investment Adviser,Active,https://www.sebi.gov.in,2026-10-03,false
INA000002611,AJIT ROONGTA,Investment Adviser,Active,https://www.sebi.gov.in,2026-10-03,false
INA000002678,GAURAV AGRAWAL PROPRIETOR PROFIT VISTA FINANCIAL RESEARCH,Investment Adviser,Active,https://www.sebi.gov.in,2026-10-03,false
INA000002744,GEPL INVESTMENT ADVISORS PRIVATE LIMITED,Investment Adviser,Active,https://www.sebi.gov.in,2026-10-03,false
INA000002751,FORT CAPITAL INVESTMENT ADVISORY PRIVATE LIMITED,Investment Adviser,Active,https://www.sebi.gov.in,2026-10-03,false
INA000002892,KRISHNA RATH,Investment Adviser,Active,https://www.sebi.gov.in,2026-10-03,false
INA000003130,Julius Baer Wealth Advisors (India) Private Limited,Investment Adviser,Active,https://www.sebi.gov.in,2026-10-03,false
INA000003205,NVS WEALTH MANAGERS PVT. LTD.,Investment Adviser,Active,https://www.sebi.gov.in,2026-10-03,false
INA000003254,AKANSHA JAIN PROPRIETOR DYNAMIC MONEY RESEARCH ADVISORY SERVICES,Investment Adviser,Active,https://www.sebi.gov.in,2026-10-03,false
INA000003296,UMESH KUMAR PANDEY PROP. AUROSTAR INVESTMENT ADVISORY SERVICES,Investment Adviser,Active,https://www.sebi.gov.in,2026-10-03,false
INA000003395,DINESH DA COSTA (PROPRIETOR ZARA INVESTMENT ADVISORY),Investment Adviser,Active,https://www.sebi.gov.in,2026-10-03,false
INA000003643,VIPIN KHANDELWAL,Investment Adviser,Active,https://www.sebi.gov.in,2026-10-03,false
INA000003767,AKHILESH JAIN PROPRIETOR EH RESEARCH,Investment Adviser,Active,https://www.sebi.gov.in,2026-10-03,false
INA000003783,HEMANG MEHTA,Investment Adviser,Active,https://www.sebi.gov.in,2026-10-03,false
INA000003809,INNOVAGE INVESTMENT ADVISERS PVT LTD,Investment Adviser,Active,https://www.sebi.gov.in,2026-10-03,false
INA000003833,BLUE OCEAN FINANCIAL SERVICES PRIVATE LIMITED,Investment Adviser,Active,https://www.sebi.gov.in,2026-10-03,false
INA000003874,EQUENTIS WEALTH ADVISORY SERVICES LIMITED,Investment Adviser,Active,https://www.sebi.gov.in,2026-10-03,false
INA000003924,quant Portfolio Managers Private Limited,Investment Adviser,Active,https://www.sebi.gov.in,2026-10-03,false
INA000003957,ACUITAS CAPITAL ADVISORS PRIVATE LIMITED,Investment Adviser,Active,https://www.sebi.gov.in,2026-10-03,false
INA000004013,GAURAV MASHRUWALA,Investment Adviser,Active,https://www.sebi.gov.in,2026-10-03,false
INA000004039,DEVENDRA KUMAR BAIRATHI,Investment Adviser,Active,https://www.sebi.gov.in,2026-10-03,false
INA000004070,KONGRUENT WEALTH MANAGEMENT SERVICES LLP,Investment Adviser,Active,https://www.sebi.gov.in,2026-10-03,false
INA000004088,RC CAPITAL MANAGEMENT,Investment Adviser,Active,https://www.sebi.gov.in,2026-10-03,false
INA000004146,Nishit Vinay Shah,Investment Adviser,Active,https://www.sebi.gov.in,2026-10-03,false
INA000004187,NIMISH DEHARIYA PROPRIETOR IR24,Investment Adviser,Active,https://www.sebi.gov.in,2026-10-03,false
INA000004237,HEMENDRA GANDHI,Investment Adviser,Active,https://www.sebi.gov.in,2026-10-03,false
INA000004245,Atul Mishra (Proprietor - AMIGOS FINSERV),Investment Adviser,Active,https://www.sebi.gov.in,2026-10-03,false
INA000004377,RAJU SATPUTE PROPRIETOR THE EQUAL RESEARCH,Investment Adviser,Active,https://www.sebi.gov.in,2026-10-03,false
INA000004401,MANEK FINANCIAL ADVISORS PRIVATE LIMITED,Investment Adviser,Active,https://www.sebi.gov.in,2026-10-03,false
INA000004427,SANTOSH KUMAR SAHU PROPRIETOR SMART MONEY FINANCIAL SERVICES,Investment Adviser,Active,https://www.sebi.gov.in,2026-10-03,false
INA000004450,DEEP KANDPAL PROP. RESEARCH INN INVESTMENT ADVISOR,Investment Adviser,Active,https://www.sebi.gov.in,2026-10-03,false
INA000004492,BRIJESH C PARIKH (PROPRIETOR OF PLANETWEALTH FINANCIAL ADVISORS),Investment Adviser,Active,https://www.sebi.gov.in,2026-10-03,false
INA000004500,MONEYMAP INVESTMENT ADVISORS PVT LTD,Investment Adviser,Active,https://www.sebi.gov.in,2026-10-03,false
INA000004518,PHILLIPCAPITAL (INDIA) PVT. LTD.,Investment Adviser,Active,https://www.sebi.gov.in,2026-10-03,false
INA000004773,Mobikwik Investment Adviser Private Limited,Investment Adviser,Active,https://www.sebi.gov.in,2026-10-03,false
INA000004906,PRUDENT CORPORATE ADVISORY SERVICES LIMITED,Investment Adviser,Active,https://www.sebi.gov.in,2026-10-03,false
INA000004930,RIGHT RETURNS FINANCIAL PLANNING LLP,Investment Adviser,Active,https://www.sebi.gov.in,2026-10-03,false
INA000005291,RAJU JHARIYA PROPRIETOR CAPITAL VRADDHI FINANCIAL SERVICES,Investment Adviser,Active,https://www.sebi.gov.in,2026-10-03,false
INA000005333,Market-Hub Stock Broking Private Limited,Investment Adviser,Active,https://www.sebi.gov.in,2026-10-03,false
INA000005358,EQUITY99,Investment Adviser,Active,https://www.sebi.gov.in,2026-10-03,false
INA000005366,OPPORTUNE WEALTH ADVISORS PRIVATE LIMITED,Investment Adviser,Active,https://www.sebi.gov.in,2026-10-03,false
INA000005457,CEDRUS CONSULTANTS PRIVATE LIMITED,Investment Adviser,Active,https://www.sebi.gov.in,2026-10-03,false
INA000005564,BIA INVESTMENT ADVISORS,Investment Adviser,Active,https://www.sebi.gov.in,2026-10-03,false
INA000005580,KURTOSIS ANALYTICS & ADVISORS,Investment Adviser,Active,https://www.sebi.gov.in,2026-10-03,false
INA000005606,VIKAS KUMAR PANDEY PROP. PARAMOUNT RESEARCH SERVICES,Investment Adviser,Active,https://www.sebi.gov.in,2026-10-03,false
INA000005622,ANMOL GUPTA PROP. SEVEN PROSPER FINANCIAL PLANNERS,Investment Adviser,Active,https://www.sebi.gov.in,2026-10-03,false
INA000005713,HIRENSINH P BHATTI (PROPRIETOR OF SANCHI CONSULTANCY),Investment Adviser,Active,https://www.sebi.gov.in,2026-10-03,false
INA000005721,MONARCH NETWORTH INVESTMENT ADVISORS PVT. LTD.,Investment Adviser,Active,https://www.sebi.gov.in,2026-10-03,false
INA000005812,WEALTH FIRST INVESTMENT ADVISERS PVT. LTD.,Investment Adviser,Active,https://www.sebi.gov.in,2026-10-03,false
INA000005846,ANAND D NANAVATI (PROPRIETOR OF ARYA ADVISORY SERVICE),Investment Adviser,Active,https://www.sebi.gov.in,2026-10-03,false
INA000006527,Avendus Wealth Management Private Limited,Investment Adviser,Active,https://www.sebi.gov.in,2026-10-03,false
INA000006651,Alphafront Finserv Private Limited,Investment Adviser,Active,https://www.sebi.gov.in,2026-10-03,false
INA000006688,EQUITYPANDIT FINANCIAL SERVICES PRIVATE LIMITED,Investment Adviser,Active,https://www.sebi.gov.in,2026-10-03,false
INA000006703,Abhijit Talukdar,Investment Adviser,Active,https://www.sebi.gov.in,2026-10-03,false
INA000006837,Chinmay Harshad Kelkar,Investment Adviser,Active,https://www.sebi.gov.in,2026-10-03,false
INA000006846,Ashmore Investment Management India LLP,Investment Adviser,Active,https://www.sebi.gov.in,2026-10-03,false
INA000006952,Ekvity Investment Advisors,Investment Adviser,Active,https://www.sebi.gov.in,2026-10-03,false
INA000007021,QBER ASSET ADVISORS LLP,Investment Adviser,Active,https://www.sebi.gov.in,2026-10-03,false
INA000007058,Jitendra Dangi,Investment Adviser,Active,https://www.sebi.gov.in,2026-10-03,false
INA000007216,Dyota Solutions Private Limited,Investment Adviser,Active,https://www.sebi.gov.in,2026-10-03,false
INA000007252,TRUPTI NILESH VEDAK,Investment Adviser,Active,https://www.sebi.gov.in,2026-10-03,false
INA000007313,Shobhit Khare,Investment Adviser,Active,https://www.sebi.gov.in,2026-10-03,false
INA000007331,YES SECURITIES INDIA LIMITED,Investment Adviser,Active,https://www.sebi.gov.in,2026-10-03,false
INA000007492,Ankur Jain Proprietor Winway Research,Investment Adviser,Active,https://www.sebi.gov.in,2026-10-03,false
INA000007526,NIFTYONLY,Investment Adviser,Active,https://www.sebi.gov.in,2026-10-03,false
INA000007580,ALPHA INVESTMENT ADVISER,Investment Adviser,Active,https://www.sebi.gov.in,2026-10-03,false
INA000007623,Omniscience Capital Advisors Private Limited,Investment Adviser,Active,https://www.sebi.gov.in,2026-10-03,false
INA000007757,Ankit Shah - Proprietor of White Equity,Investment Adviser,Active,https://www.sebi.gov.in,2026-10-03,false
INA000007818,Mr Dick Hosy Mody,Investment Adviser,Active,https://www.sebi.gov.in,2026-10-03,false
INA000007881,Smart Sync Services,Investment Adviser,Active,https://www.sebi.gov.in,2026-10-03,false
INA000007924,Amit Malviya Proprietor of Moneyplant Investment Advisory,Investment Adviser,Active,https://www.sebi.gov.in,2026-10-03,false
INA000007933,RAJIV SHAH (PROPRIETOR: RMS INVESTMENTS),Investment Adviser,Active,https://www.sebi.gov.in,2026-10-03,false
INA000007951,Nivesh Research,Investment Adviser,Active,https://www.sebi.gov.in,2026-10-03,false
INA000007997,JHANAVIKA SINGH PROPRIETOR FINTHERP WEALTH MANAGEMENT,Investment Adviser,Active,https://www.sebi.gov.in,2026-10-03,false
INA000008084,CHIRAG V GANDHI,Investment Adviser,Active,https://www.sebi.gov.in,2026-10-03,false
INA000008093,Moral Financial Research,Investment Adviser,Active,https://www.sebi.gov.in,2026-10-03,false
INA000008154,RACHIT KHANDELWAL,Investment Adviser,Active,https://www.sebi.gov.in,2026-10-03,false
INA000008172,ANGEL ONE LIMITED,Investment Adviser,Active,https://www.sebi.gov.in,2026-10-03,false
INA000008251,Chandan Singh Padiyar,Investment Adviser,Active,https://www.sebi.gov.in,2026-10-03,false
INA000008482,Moneycontrol.Dot Com India Limited,Investment Adviser,Active,https://www.sebi.gov.in,2026-10-03,false
INA000008525,KUSH BOHRA,Investment Adviser,Active,https://www.sebi.gov.in,2026-10-03,false
INA000008589,Multi Act Trade and Investments Private Limited,Investment Adviser,Active,https://www.sebi.gov.in,2026-10-03,false
INA000008604,Arul Valan Lawrence,Investment Adviser,Active,https://www.sebi.gov.in,2026-10-03,false
INA000008659,White Oak Capital Management Consultants LLP,Investment Adviser,Active,https://www.sebi.gov.in,2026-10-03,false
INA000008668,FRR SHARES AND SECURITIES LIMITED,Investment Adviser,Active,https://www.sebi.gov.in,2026-10-03,false
INA000008738,SWAPNIL DHANANJAY KENDHE,Investment Adviser,Active,https://www.sebi.gov.in,2026-10-03,false
INA000008792,NEERAJ KUMAR JAIN PROPRIETOR of CAPITAL PRIDE,Investment Adviser,Active,https://www.sebi.gov.in,2026-10-03,false
INA000008808,HIMANSHU MURALIA PROPRIETOR OF TRADE GYAN SOLUTIONS,Investment Adviser,Active,https://www.sebi.gov.in,2026-10-03,false
INA000008826,Sachin Motilal Neema,Investment Adviser,Active,https://www.sebi.gov.in,2026-10-03,false
INA000008862,DEEPAK OSTWAL PROPRIETOR OF CAPITAL WAYS INVESTMENT ADVISER,Investment Adviser,Active,https://www.sebi.gov.in,2026-10-03,false
INA000008880,NANDINEE MANDAR VAIDYA,Investment Adviser,Active,https://www.sebi.gov.in,2026-10-03,false
INA000009065,PROALPHA CAPITAL PRIVATE LIMITED,Investment Adviser,Active,https://www.sebi.gov.in,2026-10-03,false
INA000009083,Trade Nexa Research Investment Advisor,Investment Adviser,Active,https://www.sebi.gov.in,2026-10-03,false
INA000009180,RIPPLEWAVE EQUITY ADVISORS LLP,Investment Adviser,Active,https://www.sebi.gov.in,2026-10-03,false
INA000009278,ANKUSH SANODIYA PROPRIE TOR of DELIGHT FINANCIAL SERVICES,Investment Adviser,Active,https://www.sebi.gov.in,2026-10-03,false
INA000009427,SHIVANSU JAISWAL PROPRIETOR of INVESTMENT MULTIPLIER FINANCIAL SERVICES,Investment Adviser,Active,https://www.sebi.gov.in,2026-10-03,false
INA000009481,Alphaniti Fintech Private Limited,Investment Adviser,Active,https://www.sebi.gov.in,2026-10-03,false
INA000009551,NS WEALTH SOLUTION PVT. LTD.,Investment Adviser,Active,https://www.sebi.gov.in,2026-10-03,false
INA000009649,Ketan Kiran Gogte,Investment Adviser,Active,https://www.sebi.gov.in,2026-10-03,false
INA000009685,SANGUINE WEALTH ADVISORS LLP,Investment Adviser,Active,https://www.sebi.gov.in,2026-10-03,false
INA000009719,SUDHANSHU SHEKHAR PATEL,Investment Adviser,Active,https://www.sebi.gov.in,2026-10-03,false
INA000009834,Sicomoro Advisors Private Limited,Investment Adviser,Active,https://www.sebi.gov.in,2026-10-03,false
INA000009843,SWASTIKA INVESTMART LTD.,Investment Adviser,Active,https://www.sebi.gov.in,2026-10-03,false
INA000009861,LKP Wealth Advisory Limited,Investment Adviser,Active,https://www.sebi.gov.in,2026-10-03,false
INA000009931,Ajendra,Investment Adviser,Active,https://www.sebi.gov.in,2026-10-03,false
INA000009959,ANUGYA SINGH,Investment Adviser,Active,https://www.sebi.gov.in,2026-10-03,false
INA000010070,JAVERI FISCAL SERVICES LIMITED,Investment Adviser,Active,https://www.sebi.gov.in,2026-10-03,false
INA000010104,SHIVANGI CHANDEL,Investment Adviser,Active,https://www.sebi.gov.in,2026-10-03,false
INA000010113,Yogesh Kukadia Chhaganbhai,Investment Adviser,Active,https://www.sebi.gov.in,2026-10-03,false
INA000010159,"Networth Research And Investment Advisor, Proprietor Neha Saluja",Investment Adviser,Active,https://www.sebi.gov.in,2026-10-03,false
INA000010344,Ritesh Chouksey,Investment Adviser,Active,https://www.sebi.gov.in,2026-10-03,false
INA000010380,Godrej Ventures And Investment Advisers Private Limited,Investment Adviser,Active,https://www.sebi.gov.in,2026-10-03,false
INA000010584,Hersh Tolani,Investment Adviser,Active,https://www.sebi.gov.in,2026-10-03,false
INA000010636,Lightrock Investment Advisors Private Limited,Investment Adviser,Active,https://www.sebi.gov.in,2026-10-03,false
INA000010742,Pradeep Gobind Mahtani,Investment Adviser,Active,https://www.sebi.gov.in,2026-10-03,false
INA000010779,AMPLE INVESTMENT ADVISER,Investment Adviser,Active,https://www.sebi.gov.in,2026-10-03,false
INA000010919,FinIntent Investment Adviser,Investment Adviser,Active,https://www.sebi.gov.in,2026-10-03,false
INA000011219,Compounding Wealth Advisors LLP,Investment Adviser,Active,https://www.sebi.gov.in,2026-10-03,false
INA000011413,SENORA ADVISORS LLP,Investment Adviser,Active,https://www.sebi.gov.in,2026-10-03,false
INA000011477,Jenil k shah,Investment Adviser,Active,https://www.sebi.gov.in,2026-10-03,false
INA000011538,HDFC SECURITIES LIMITED,Investment Adviser,Active,https://www.sebi.gov.in,2026-10-03,false
INA000011574,GreenEdge Wealth Services LLP,Investment Adviser,Active,https://www.sebi.gov.in,2026-10-03,false
INA000011617,L.F.C. SECURITIES PVT. LTD.,Investment Adviser,Active,https://www.sebi.gov.in,2026-10-03,false
INA000011644,OPULENT INVESTMENT ADVISER PRIVATE LIMITED,Investment Adviser,Active,https://www.sebi.gov.in,2026-10-03,false
INA000011796,Priyadarshini Moreshwar Mulye,Investment Adviser,Active,https://www.sebi.gov.in,2026-10-03,false
INA000011802,IDBI Capital Markets & Securities Limited,Investment Adviser,Active,https://www.sebi.gov.in,2026-10-03,false
INA000011875,Ritwik Rai,Investment Adviser,Active,https://www.sebi.gov.in,2026-10-03,false
INA000011909,Avestar Advisory LLP,Investment Adviser,Active,https://www.sebi.gov.in,2026-10-03,false
INA000012102,VARDE INDIA INVESTMENT ADVISER PRIVATE LIMITED,Investment Adviser,Active,https://www.sebi.gov.in,2026-10-03,false
INA000012166,SSBA INNOVATIONS LIMITED,Investment Adviser,Active,https://www.sebi.gov.in,2026-10-03,false
INA000012175,Venkateshwaran Subramanian,Investment Adviser,Active,https://www.sebi.gov.in,2026-10-03,false
INA000012218,Finology Ventures Private Limited,Investment Adviser,Active,https://www.sebi.gov.in,2026-10-03,false
INA000012351,JM FINANCIAL SERVICES LIMITED,Investment Adviser,Active,https://www.sebi.gov.in,2026-10-03,false
INA000012412,TARA CAPITAL PARTNERS INDIA PRIVATE LIMITED,Investment Adviser,Active,https://www.sebi.gov.in,2026-10-03,false
INA000012519,Kotak Alternate Asset Managers Limited,Investment Adviser,Active,https://www.sebi.gov.in,2026-10-03,false
INA000012528,MOJO MARKETS PRIVATE LIMITED,Investment Adviser,Active,https://www.sebi.gov.in,2026-10-03,false
INA000012652,"Arpit Jain (Proprietor, Duvera Capital Advisors)",Investment Adviser,Active,https://www.sebi.gov.in,2026-10-03,false
INA000012713,FUNDWISERS,Investment Adviser,Active,https://www.sebi.gov.in,2026-10-03,false
INA000012777,Preeti K Zende,Investment Adviser,Active,https://www.sebi.gov.in,2026-10-03,false
INA000012838,HARISH MENON,Investment Adviser,Active,https://www.sebi.gov.in,2026-10-03,false
INA000012874,Dalton Investment Advisory Services Private Limited,Investment Adviser,Active,https://www.sebi.gov.in,2026-10-03,false
INA000012953,Manish Khandelwal,Investment Adviser,Active,https://www.sebi.gov.in,2026-10-03,false
INA000013040,REDDITO CAPITAL INVESTMENT ADVISORS PRIVATE LIMITED,Investment Adviser,Active,https://www.sebi.gov.in,2026-10-03,false
INA000013059,Sanaka India Advisors LLP,Investment Adviser,Active,https://www.sebi.gov.in,2026-10-03,false
INA000013183,Adhish patel,Investment Adviser,Active,https://www.sebi.gov.in,2026-10-03,false
INA000013217,JEENA SCRIPTECH ALPHA ADVISORS PRIVATE LIMITED,Investment Adviser,Active,https://www.sebi.gov.in,2026-10-03,false
INA000013235,Ventugrow consultants Private Limited,Investment Adviser,Active,https://www.sebi.gov.in,2026-10-03,false
INA000013262,Affirma Capital Investment Adviser India Private Limited,Investment Adviser,Active,https://www.sebi.gov.in,2026-10-03,false
INA000013323,The Alchemists Ark Pvt. Ltd.,Investment Adviser,Active,https://www.sebi.gov.in,2026-10-03,false
INA000013402,Rio Capital Investment Advisor,Investment Adviser,Active,https://www.sebi.gov.in,2026-10-03,false
INA000013457,Tavaga Advisory Services Private Limited,Investment Adviser,Active,https://www.sebi.gov.in,2026-10-03,false
INA000013493,Devendra Tripathi Sole Proprietor Stock Bull Investment Advisory Services,Investment Adviser,Active,https://www.sebi.gov.in,2026-10-03,false
INA000013518,FINNOVATE FINANCIAL SERVICES PVT LTD,Investment Adviser,Active,https://www.sebi.gov.in,2026-10-03,false
INA000013527,Finance First Advisers,Investment Adviser,Active,https://www.sebi.gov.in,2026-10-03,false
INA000013697,Eminent Investments,Investment Adviser,Active,https://www.sebi.gov.in,2026-10-03,false
INA000013785,ICICI Investment Management Company Ltd,Investment Adviser,Active,https://www.sebi.gov.in,2026-10-03,false
INA000013800,Hrushikesh Kale,Investment Adviser,Active,https://www.sebi.gov.in,2026-10-03,false
INA000013828,Samco Ventures Pvt. Ltd.,Investment Adviser,Active,https://www.sebi.gov.in,2026-10-03,false
INA000013855,DIPEN DEEPAK DOSHI (SOLE PROPRIETOR OF FOCUS INVESTING),Investment Adviser,Active,https://www.sebi.gov.in,2026-10-03,false
INA000013961,Emkay Wealth Advisory Limited,Investment Adviser,Active,https://www.sebi.gov.in,2026-10-03,false
INA000014128,Finkasturi Nivesh Private Limited,Investment Adviser,Active,https://www.sebi.gov.in,2026-10-03,false
INA000014207,MADHUVAN INVESTMENT ADVISORS,Investment Adviser,Active,https://www.sebi.gov.in,2026-10-03,false
INA000014322,Aishwarya Agarwal,Investment Adviser,Active,https://www.sebi.gov.in,2026-10-03,false
INA000014331,Mangal Keshav Financial Services LLP,Investment Adviser,Active,https://www.sebi.gov.in,2026-10-03,false
INA000014410,IndusInd Securities Limited,Investment Adviser,Active,https://www.sebi.gov.in,2026-10-03,false
INA000014580,Standard Chartered Securities India Limited,Investment Adviser,Active,https://www.sebi.gov.in,2026-10-03,false
INA000014614,ARETE SECURITIES LIMITED,Investment Adviser,Active,https://www.sebi.gov.in,2026-10-03,false
INA000014632,RACHNA CHAUHAN,Investment Adviser,Active,https://www.sebi.gov.in,2026-10-03,false
INA000014809,Jay Rajnikant Thacker,Investment Adviser,Active,https://www.sebi.gov.in,2026-10-03,false
INA000014818,VANSH CAPITAL PRIVATE LIMITED,Investment Adviser,Active,https://www.sebi.gov.in,2026-10-03,false
INA000014836,FEE ONLY INVESTMENT ADVISERS LLP,Investment Adviser,Active,https://www.sebi.gov.in,2026-10-03,false
INA000014845,Sundeep B Parmar (Proprietor of Fortuplier Investment Advisors),Investment Adviser,Active,https://www.sebi.gov.in,2026-10-03,false
INA000014890,Incred Capital Wealth Portfolio Managers Private Limited,Investment Adviser,Active,https://www.sebi.gov.in,2026-10-03,false
INA000015057,Yashraj Maheshwari,Investment Adviser,Active,https://www.sebi.gov.in,2026-10-03,false
INA000015145,Sahil Ahmed Chotalia (Proprietor Mount Bliss Capital),Investment Adviser,Active,https://www.sebi.gov.in,2026-10-03,false
INA000015233,Triquetra Wealth,Investment Adviser,Active,https://www.sebi.gov.in,2026-10-03,false
INA000015260,PHAEDRUS ADVISORY LLP,Investment Adviser,Active,https://www.sebi.gov.in,2026-10-03,false
INA000015279,ARTHYA WEALTH AND INVESTMENTS PRIVATE LIMITED,Investment Adviser,Active,https://www.sebi.gov.in,2026-10-03,false
INA000015297,PRITESHKUMAR CHAMPAKLAL SHAH,Investment Adviser,Active,https://www.sebi.gov.in,2026-10-03,false
INA000015312,ADV PARTNERS INVESTMENT ADVISER INDIA PRIVATE LIMITED,Investment Adviser,Active,https://www.sebi.gov.in,2026-10-03,false
INA000015321,Samyama Advisors Private Limited,Investment Adviser,Active,https://www.sebi.gov.in,2026-10-03,false
INA000015367,YOGESH AJMIRE,Investment Adviser,Active,https://www.sebi.gov.in,2026-10-03,false
INA000015385,Cervin Family Office & Advisors Pvt. Ltd.,Investment Adviser,Active,https://www.sebi.gov.in,2026-10-03,false
INA000015455,Harshad Chetanwala,Investment Adviser,Active,https://www.sebi.gov.in,2026-10-03,false
INA000015491,PIYUSH SARAWAGI,Investment Adviser,Active,https://www.sebi.gov.in,2026-10-03,false
INA000015525,Kedia Capital Services Pvt. Ltd.,Investment Adviser,Active,https://www.sebi.gov.in,2026-10-03,false
INA000015534,Finvin Financial Planners,Investment Adviser,Active,https://www.sebi.gov.in,2026-10-03,false
INA000015543,FERMI 325 INVESTMENT ADVISER,Investment Adviser,Active,https://www.sebi.gov.in,2026-10-03,false
INA000015552,VIPUL P SHAH(PROPRIETOR: INPACT WEALTH ADVISORS),Investment Adviser,Active,https://www.sebi.gov.in,2026-10-03,false
INA000015561,Sapient Wealth Advisors & Brokers Private Limited,Investment Adviser,Active,https://www.sebi.gov.in,2026-10-03,false
INA000015701,ALFACCURATE ADVISORS PVT LTD,Investment Adviser,Active,https://www.sebi.gov.in,2026-10-03,false
INA000015729,Abakkus Asset Manager Private Limited,Investment Adviser,Active,https://www.sebi.gov.in,2026-10-03,false
INA000015747,Alphaware Advisory Services Private Limited,Investment Adviser,Active,https://www.sebi.gov.in,2026-10-03,false
INA000015774,Accelpru Investment Advisors,Investment Adviser,Active,https://www.sebi.gov.in,2026-10-03,false
INA000015808,InvesQ Investment Advisors Private Limited,Investment Adviser,Active,https://www.sebi.gov.in,2026-10-03,false
INA000015817,GreenOak India Investment Advisors Private Limited,Investment Adviser,Active,https://www.sebi.gov.in,2026-10-03,false
INA000015899,Lazara Capital Advisors Private Limited,Investment Adviser,Active,https://www.sebi.gov.in,2026-10-03,false
INA000015914,FINCORE ADVISORY SERVICES PVT LTD,Investment Adviser,Active,https://www.sebi.gov.in,2026-10-03,false
INA000015923,MAHESH KABRA (PROPRIETOR : TAURUSCAP INVESTMENT ADVISERS),Investment Adviser,Active,https://www.sebi.gov.in,2026-10-03,false
INA000015932,KASHYAP POPAT,Investment Adviser,Active,https://www.sebi.gov.in,2026-10-03,false
INA000015950,SANKALPNARAYAN KRISHNAN,Investment Adviser,Active,https://www.sebi.gov.in,2026-10-03,false
INA000015969,Multistrato Capital Advisors Private Limited,Investment Adviser,Active,https://www.sebi.gov.in,2026-10-03,false
INA000015996,GYR Financial Planners Private Limited,Investment Adviser,Active,https://www.sebi.gov.in,2026-10-03,false
INA000016001,Ladder7 Wealth Planners Pvt. Ltd.,Investment Adviser,Active,https://www.sebi.gov.in,2026-10-03,false
INA000016010,ETHINVEST ADVISORS PRIVATE LIMITED,Investment Adviser,Active,https://www.sebi.gov.in,2026-10-03,false
INA000016038,Roshni Nayak,Investment Adviser,Active,https://www.sebi.gov.in,2026-10-03,false
INA000016056,Kislay Upadhyay,Investment Adviser,Active,https://www.sebi.gov.in,2026-10-03,false
INA000016083,Bajaj Finserv Direct Limited,Investment Adviser,Active,https://www.sebi.gov.in,2026-10-03,false
INA000016171,Alpha Alternatives Fund Advisors LLP,Investment Adviser,Active,https://www.sebi.gov.in,2026-10-03,false
INA000016180,Manish K Shah,Investment Adviser,Active,https://www.sebi.gov.in,2026-10-03,false
INA000016214,VINOD KANAIYALAL DAS,Investment Adviser,Active,https://www.sebi.gov.in,2026-10-03,false
INA000016223,Midas Wealth Advisory Private Ltd,Investment Adviser,Active,https://www.sebi.gov.in,2026-10-03,false
INA000016278,QUANTSAPP WEALTH PRIVATE LIMITED,Investment Adviser,Active,https://www.sebi.gov.in,2026-10-03,false
INA000016296,Nirmiti Investment Advisors LLP,Investment Adviser,Active,https://www.sebi.gov.in,2026-10-03,false
INA000016302,DV Investment Advisors LLP,Investment Adviser,Active,https://www.sebi.gov.in,2026-10-03,false
INA000016348,Citrus Advisors Private Limited,Investment Adviser,Active,https://www.sebi.gov.in,2026-10-03,false
INA000016384,Deepesh Jain,Investment Adviser,Active,https://www.sebi.gov.in,2026-10-03,false
INA000016427,Varsha Vasant Shingate,Investment Adviser,Active,https://www.sebi.gov.in,2026-10-03,false
INA000016436,RENAISSANCE SMART TECH PRIVATE LIMITED,Investment Adviser,Active,https://www.sebi.gov.in,2026-10-03,false
INA000016454,Aarti Mohan (Proprietor : Aurion Advisors),Investment Adviser,Active,https://www.sebi.gov.in,2026-10-03,false
INA000016463,Estee Advisors Private Limited,Investment Adviser,Active,https://www.sebi.gov.in,2026-10-03,false
INA000016481,Neuron Wealth Advisors LLP,Investment Adviser,Active,https://www.sebi.gov.in,2026-10-03,false
INA000016506,Nischal Santosh Jain,Investment Adviser,Active,https://www.sebi.gov.in,2026-10-03,false
INA000016515,Investor First Advisors,Investment Adviser,Active,https://www.sebi.gov.in,2026-10-03,false
INA000016603,Degree 212 Investment Services & IMF Private Limited,Investment Adviser,Active,https://www.sebi.gov.in,2026-10-03,false
INA000016612,Nuqi Wealth India Private Limited,Investment Adviser,Active,https://www.sebi.gov.in,2026-10-03,false
INA000016621,Sixth Element Capital,Investment Adviser,Active,https://www.sebi.gov.in,2026-10-03,false
INA000016649,Parami Financial Services Private Limited,Investment Adviser,Active,https://www.sebi.gov.in,2026-10-03,false
INA000016685,Preeti Passi,Investment Adviser,Active,https://www.sebi.gov.in,2026-10-03,false
INA000016719,Appreciate Investment Advisory Private Limited,Investment Adviser,Active,https://www.sebi.gov.in,2026-10-03,false
INA000016728,PINPOINT INVESTMENT ADVISORY SERVICES INDIA LLP,Investment Adviser,Active,https://www.sebi.gov.in,2026-10-03,false
INA000016764,Varun Ginodia - Proprietor Bulwark Advisors,Investment Adviser,Active,https://www.sebi.gov.in,2026-10-03,false
INA000016773,Prosperity Wealth Adviser,Investment Adviser,Active,https://www.sebi.gov.in,2026-10-03,false
INA000016782,CIRCLE WEALTH ADVISORS PRIVATE LIMITED,Investment Adviser,Active,https://www.sebi.gov.in,2026-10-03,false
INA000016791,SHARAD SANKARAN,Investment Adviser,Active,https://www.sebi.gov.in,2026-10-03,false
INA000016825,Omkara Capital Private Limited,Investment Adviser,Active,https://www.sebi.gov.in,2026-10-03,false
INA000016843,Chase Alpha Partners LLP,Investment Adviser,Active,https://www.sebi.gov.in,2026-10-03,false
INA000016889,Trufid Advisors Private Limited,Investment Adviser,Active,https://www.sebi.gov.in,2026-10-03,false
INA000016922,ARVO WEALTH ADVISORS PRIVATE LIMITED,Investment Adviser,Active,https://www.sebi.gov.in,2026-10-03,false
INA000016977,Atul Gupta,Investment Adviser,Active,https://www.sebi.gov.in,2026-10-03,false
INA000017019,PARAS V. LAKHANI,Investment Adviser,Active,https://www.sebi.gov.in,2026-10-03,false
INA000017064,ASCENT FINANCIAL SOLUTIONS PVT LTD,Investment Adviser,Active,https://www.sebi.gov.in,2026-10-03,false
INA000017198,Compound Everyday Capital Management LLP,Investment Adviser,Active,https://www.sebi.gov.in,2026-10-03,false
INA000017204,Marcellus Capital Partners LLP,Investment Adviser,Active,https://www.sebi.gov.in,2026-10-03,false
INA000017213,PUSPENDU DATTA,Investment Adviser,Active,https://www.sebi.gov.in,2026-10-03,false
INA000017222,SALMA SONY,Investment Adviser,Active,https://www.sebi.gov.in,2026-10-03,false
INA000017231,21G INVESTMENT ADVISERS PRIVATE LIMITED,Investment Adviser,Active,https://www.sebi.gov.in,2026-10-03,false
INA000017259,Pioneer Wealth Management Services Limited,Investment Adviser,Active,https://www.sebi.gov.in,2026-10-03,false
INA000017277,ALGONAUTS ADVISORY SERVICES PRIVATE LIMITED,Investment Adviser,Active,https://www.sebi.gov.in,2026-10-03,false
INA000017286,Neo Wealth Management Private Limited,Investment Adviser,Active,https://www.sebi.gov.in,2026-10-03,false
INA000017295,MFS Capital Partners,Investment Adviser,Active,https://www.sebi.gov.in,2026-10-03,false
INA000017310,Himanshu Pravinchandra Pandya,Investment Adviser,Active,https://www.sebi.gov.in,2026-10-03,false
INA000017347,Deepak Motwani (Proprietor: Marquee Investment Managers),Investment Adviser,Active,https://www.sebi.gov.in,2026-10-03,false
INA000017356,Mohit Chawla,Investment Adviser,Active,https://www.sebi.gov.in,2026-10-03,false
INA000017365,CAPITAL LEAGUE LLP,Investment Adviser,Active,https://www.sebi.gov.in,2026-10-03,false
INA000017383,EVAREAP INVESTMENT ADVISORS LLP,Investment Adviser,Active,https://www.sebi.gov.in,2026-10-03,false
INA000017426,ValueArk Advisors LLP,Investment Adviser,Active,https://www.sebi.gov.in,2026-10-03,false
INA000017435,Nag Munagapati wealth advisors,Investment Adviser,Active,https://www.sebi.gov.in,2026-10-03,false
INA000017444,Care Portfolio Managers Private Limited,Investment Adviser,Active,https://www.sebi.gov.in,2026-10-03,false
INA000017453,SINCERE SYNDICATION AND CORPORATE SERVICES LLP,Investment Adviser,Active,https://www.sebi.gov.in,2026-10-03,false
INA000017471,GAURI ANAND,Investment Adviser,Active,https://www.sebi.gov.in,2026-10-03,false
INA000017480,Credcap Consultants LLP,Investment Adviser,Active,https://www.sebi.gov.in,2026-10-03,false
INA000017499,Arun Mathur Proprietor of Dhantripti Financial Planners,Investment Adviser,Active,https://www.sebi.gov.in,2026-10-03,false
INA000017505,Shankar K,Investment Adviser,Active,https://www.sebi.gov.in,2026-10-03,false
INA000017523,1 Finance Private Limited,Investment Adviser,Active,https://www.sebi.gov.in,2026-10-03,false
INA000017532,Fort Investments,Investment Adviser,Active,https://www.sebi.gov.in,2026-10-03,false
INA000017587,UFICS Investment Advisory LLP,Investment Adviser,Active,https://www.sebi.gov.in,2026-10-03,false
INA000017602,PAWAN KUMAR,Investment Adviser,Active,https://www.sebi.gov.in,2026-10-03,false
INA000017611,Urvil Bharatkumar Modi,Investment Adviser,Active,https://www.sebi.gov.in,2026-10-03,false
INA000017620,VSK FINANCIAL CONSULTANCY SERVICES PVT. LTD.,Investment Adviser,Active,https://www.sebi.gov.in,2026-10-03,false
INA000017639,Uniapps Investment Adviser Private Limited,Investment Adviser,Active,https://www.sebi.gov.in,2026-10-03,false
INA000017648,Safejar Advisers Private Limited,Investment Adviser,Active,https://www.sebi.gov.in,2026-10-03,false
INA000017657,Apricus Wealth Investment Managers LLP,Investment Adviser,Active,https://www.sebi.gov.in,2026-10-03,false
INA000017666,Vaibhav Pandey,Investment Adviser,Active,https://www.sebi.gov.in,2026-10-03,false
INA000017675,Rinshad P P,Investment Adviser,Active,https://www.sebi.gov.in,2026-10-03,false
INA000017693,Rama Subramanyam Nimmagadda,Investment Adviser,Active,https://www.sebi.gov.in,2026-10-03,false
INA000017709,DEEPAK KUMAR AGARWAL,Investment Adviser,Active,https://www.sebi.gov.in,2026-10-03,false
INA000017718,ACME INVESTMENT ADVISORS PRIVATE LIMITED,Investment Adviser,Active,https://www.sebi.gov.in,2026-10-03,false
INA000017754,Alfama Research & Advisory,Investment Adviser,Active,https://www.sebi.gov.in,2026-10-03,false
INA000017763,Ashish Khetan- Proprietor of Meeraj Advisors,Investment Adviser,Active,https://www.sebi.gov.in,2026-10-03,false
INA000017806,PRUDENO WEALTH ADVISORS PRIVATE LIMITED,Investment Adviser,Active,https://www.sebi.gov.in,2026-10-03,false
INA000017815,Zebu Share and Wealth Managements Private Limited,Investment Adviser,Active,https://www.sebi.gov.in,2026-10-03,false
INA000017833,SIGFYN INVESTMENT ADVISORS PRIVATE LIMITED,Investment Adviser,Active,https://www.sebi.gov.in,2026-10-03,false
INA000017842,Tamohara Investment Managers Private Limited,Investment Adviser,Active,https://www.sebi.gov.in,2026-10-03,false
INA000017851,Chander P Chellani - Proprietor IDA Wealth,Investment Adviser,Active,https://www.sebi.gov.in,2026-10-03,false
INA000017879,Hardik Jain- Proprietor of Eternal Research Investment Advisor,Investment Adviser,Active,https://www.sebi.gov.in,2026-10-03,false
INA000017888,Devraj Dhagat,Investment Adviser,Active,https://www.sebi.gov.in,2026-10-03,false
INA000017897,Yadnya Academy Private Limited,Investment Adviser,Active,https://www.sebi.gov.in,2026-10-03,false
INA000017903,DRCHOKSEY FINSERV PRIVATE LIMITED,Investment Adviser,Active,https://www.sebi.gov.in,2026-10-03,false
INA000017912,Essential Investment Managers Private Limited,Investment Adviser,Active,https://www.sebi.gov.in,2026-10-03,false
INA000017921,MOONBOW INVESTMENT ADVISORS PRIVATE LIMITED,Investment Adviser,Active,https://www.sebi.gov.in,2026-10-03,false
INA000017930,Milind Jagannath More Proprietor of MUKUR Financial Planners and Consultants,Investment Adviser,Active,https://www.sebi.gov.in,2026-10-03,false
INA000017949,WEALTH YANTRA TECHNOLOGIES PRIVATE LIMITED,Investment Adviser,Active,https://www.sebi.gov.in,2026-10-03,false
INA000017958,Neo Wealth Partners Private Limited,Investment Adviser,Active,https://www.sebi.gov.in,2026-10-03,false
INA000017967,Viren Sameer Deshpande Proprietor of Alphapeak Investments,Investment Adviser,Active,https://www.sebi.gov.in,2026-10-03,false
INA000017976,SRIRAM R,Investment Adviser,Active,https://www.sebi.gov.in,2026-10-03,false
INA000017994,SHOMITA SAHA,Investment Adviser,Active,https://www.sebi.gov.in,2026-10-03,false
INA000018018,ARYZEN CAPITAL ADVISORS LLP,Investment Adviser,Active,https://www.sebi.gov.in,2026-10-03,false
INA000018027,Sridhar Nagarajan,Investment Adviser,Active,https://www.sebi.gov.in,2026-10-03,false
INA000018036,Finfam Investment Advisors Private Limited,Investment Adviser,Active,https://www.sebi.gov.in,2026-10-03,false
INA000018045,FINIDEAS INVESTMENT ADVISOR PRIVATE LIMITED,Investment Adviser,Active,https://www.sebi.gov.in,2026-10-03,false
INA000018054,Goldmine Assets Private Limited,Investment Adviser,Active,https://www.sebi.gov.in,2026-10-03,false
INA000018072,Lunchbrake Classic Private Limited,Investment Adviser,Active,https://www.sebi.gov.in,2026-10-03,false
INA000018090,Anshul Khare Proprietor of Inertia Equities for Wealth,Investment Adviser,Active,https://www.sebi.gov.in,2026-10-03,false
INA000018115,THAMARAPALLIL ABRAHAM JOSEPH,Investment Adviser,Active,https://www.sebi.gov.in,2026-10-03,false
INA000018124,Equal Identity Private Limited,Investment Adviser,Active,https://www.sebi.gov.in,2026-10-03,false
INA000018133,Lime Internet Private Limited,Investment Adviser,Active,https://www.sebi.gov.in,2026-10-03,false
INA000018142,Vinay Simon George,Investment Adviser,Active,https://www.sebi.gov.in,2026-10-03,false
INA000018160,Ajay Pradhan,Investment Adviser,Active,https://www.sebi.gov.in,2026-10-03,false
INA000018179,Pi Square Advisors,Investment Adviser,Active,https://www.sebi.gov.in,2026-10-03,false
INA000018197,Hum Fauji Financial Services Pvt Ltd,Investment Adviser,Active,https://www.sebi.gov.in,2026-10-03,false
INA000018212,Sivamurugan Sankaralingam Proprietor Maxima Wealth Advisors,Investment Adviser,Active,https://www.sebi.gov.in,2026-10-03,false
INA000018221,Chintan Shantilal Madhvani Proprietor Be Wealth Wise,Investment Adviser,Active,https://www.sebi.gov.in,2026-10-03,false
INA000018230,PERPETUAL CAPITAL ADVISORS PRIVATE LIMITED,Investment Adviser,Active,https://www.sebi.gov.in,2026-10-03,false
INA000018249,CORPCARE INVESTMENT ADVISORY PRIVATE LIMITED,Investment Adviser,Active,https://www.sebi.gov.in,2026-10-03,false
INA000018258,Abhishek Goel proprietor Primedin Investment Adviser,Investment Adviser,Active,https://www.sebi.gov.in,2026-10-03,false
INA000018267,Prabhudas Lilladher Private Limited,Investment Adviser,Active,https://www.sebi.gov.in,2026-10-03,false
INA000018276,PROVITT CONSULTANTS,Investment Adviser,Active,https://www.sebi.gov.in,2026-10-03,false
INA000018285,ROKAD APP PRIVATE LIMITED,Investment Adviser,Active,https://www.sebi.gov.in,2026-10-03,false
INA000018294,ORIM ADVISORS PRIVATE LIMITED,Investment Adviser,Active,https://www.sebi.gov.in,2026-10-03,false
INA000018319,MARATHON TRENDS ADVISORY PRIVATE LIMITED,Investment Adviser,Active,https://www.sebi.gov.in,2026-10-03,false
INA000018328,Wealth Crafts,Investment Adviser,Active,https://www.sebi.gov.in,2026-10-03,false
INA000018337,Concept Investwell Private Limited,Investment Adviser,Active,https://www.sebi.gov.in,2026-10-03,false
INA000018355,Shefali Garg,Investment Adviser,Active,https://www.sebi.gov.in,2026-10-03,false
INA000018364,Nuvama Wealth Management Limited,Investment Adviser,Active,https://www.sebi.gov.in,2026-10-03,false
INA000018373,FINOME TECHNOLOGIES PRIVATE LIMITED,Investment Adviser,Active,https://www.sebi.gov.in,2026-10-03,false
INA000018382,Coinwise Research Private Limited,Investment Adviser,Active,https://www.sebi.gov.in,2026-10-03,false
INA000018391,Rahul Kalra,Investment Adviser,Active,https://www.sebi.gov.in,2026-10-03,false
INA000018407,Moneyvesta Capital Services Private Limited,Investment Adviser,Active,https://www.sebi.gov.in,2026-10-03,false
INA000018416,DSK INVESTMENT ADVISORS PRIVATE LIMITED,Investment Adviser,Active,https://www.sebi.gov.in,2026-10-03,false
INA000018425,Researchinfo Investment Advisors Private Limited,Investment Adviser,Active,https://www.sebi.gov.in,2026-10-03,false
INA000018434,Aurostarinvestment Advisory Private Limited,Investment Adviser,Active,https://www.sebi.gov.in,2026-10-03,false
INA000018443,Invexa Capital LLP,Investment Adviser,Active,https://www.sebi.gov.in,2026-10-03,false
INA000018461,Bodeddula Siva Prasad Reddy,Investment Adviser,Active,https://www.sebi.gov.in,2026-10-03,false
INA000018470,AlphaGrep Advisors Private Limited,Investment Adviser,Active,https://www.sebi.gov.in,2026-10-03,false
INA000018489,FINSHARPE PRIVATE LIMITED,Investment Adviser,Active,https://www.sebi.gov.in,2026-10-03,false
INA000018498,Basant Maheshwari Wealth Advisers LLP,Investment Adviser,Active,https://www.sebi.gov.in,2026-10-03,false
INA000018504,Epsilon Money Investment Management Private Limited,Investment Adviser,Active,https://www.sebi.gov.in,2026-10-03,false
INA000018522,Kaitav Shailesh Shah Proprietor Labdhi Advisory,Investment Adviser,Active,https://www.sebi.gov.in,2026-10-03,false
INA000018531,DEVAGNAYA R SHAH,Investment Adviser,Active,https://www.sebi.gov.in,2026-10-03,false
INA000018540,Turiya Advisory Services LLP,Investment Adviser,Active,https://www.sebi.gov.in,2026-10-03,false
INA000018559,CENTRICITY ADVISORY SERVICES PRIVATE LIMITED,Investment Adviser,Active,https://www.sebi.gov.in,2026-10-03,false
INA000018577,Jigar Pradipchandra Shah,Investment Adviser,Active,https://www.sebi.gov.in,2026-10-03,false
INA000018586,SKYRIDGE WEALTH MANAGEMENT PRIVATE LIMITED,Investment Adviser,Active,https://www.sebi.gov.in,2026-10-03,false
INA000018595,Swapnil Satish Nadkar,Investment Adviser,Active,https://www.sebi.gov.in,2026-10-03,false
INA000018601,DEVENDRA KUMAR CHAUDHARY-Proprietor-TRADE MANIACS INVESTMENT ADVISOR,Investment Adviser,Active,https://www.sebi.gov.in,2026-10-03,false
INA000018629,S MEENAKSHI SUNDAR,Investment Adviser,Active,https://www.sebi.gov.in,2026-10-03,false
INA000018638,K Prabhu,Investment Adviser,Active,https://www.sebi.gov.in,2026-10-03,false
INA000018647,Ramchandran S Iyer,Investment Adviser,Active,https://www.sebi.gov.in,2026-10-03,false
INA000018656,Korman Capital Investment Advisors LLP,Investment Adviser,Active,https://www.sebi.gov.in,2026-10-03,false
INA000018665,Growthvine Capital Private Limited,Investment Adviser,Active,https://www.sebi.gov.in,2026-10-03,false
INA000018674,SOURABH GHOSH,Investment Adviser,Active,https://www.sebi.gov.in,2026-10-03,false
INA000018683,Ramakrishnan M Proprietor Well Fare Investment Advisers,Investment Adviser,Active,https://www.sebi.gov.in,2026-10-03,false
INA000018692,Vishal Borasi Proprietor Muhurat Investing - Investment Advisor,Investment Adviser,Active,https://www.sebi.gov.in,2026-10-03,false
INA000018708,MOOL CAPITAL PRIVATE LIMITED,Investment Adviser,Active,https://www.sebi.gov.in,2026-10-03,false
INA000018726,Ajeet Kumar Pandey- Proprietor of Investment Climb Advisory,Investment Adviser,Active,https://www.sebi.gov.in,2026-10-03,false
INA000018735,VENKTESH PRASAD SHUKLA,Investment Adviser,Active,https://www.sebi.gov.in,2026-10-03,false
INA000018744,GOOD MONEYING WEALTH PLANNERS PRIVATE LIMITED,Investment Adviser,Active,https://www.sebi.gov.in,2026-10-03,false
INA000018753,Jahnvi Deepak Goradia,Investment Adviser,Active,https://www.sebi.gov.in,2026-10-03,false
INA000018762,Fluid Fincap Private Limited,Investment Adviser,Active,https://www.sebi.gov.in,2026-10-03,false
INA000018771,Starseed Investments Private Limited,Investment Adviser,Active,https://www.sebi.gov.in,2026-10-03,false
INA000018780,Llama Research LLP,Investment Adviser,Active,https://www.sebi.gov.in,2026-10-03,false
INA000018805,JAISAL DINESHCHANDRA SHAH,Investment Adviser,Active,https://www.sebi.gov.in,2026-10-03,false
INA000018814,Gaurav Agrawal,Investment Adviser,Active,https://www.sebi.gov.in,2026-10-03,false
INA000018823,Vinod Chinnaya Bangera- Proprietor- Karvin Capital,Investment Adviser,Active,https://www.sebi.gov.in,2026-10-03,false
INA000018832,MENTOR RING FINANCIAL ADVISORY PRIVATE LIMITED,Investment Adviser,Active,https://www.sebi.gov.in,2026-10-03,false
INA000018841,Dreamplug Advisory Solutions Private Limited,Investment Adviser,Active,https://www.sebi.gov.in,2026-10-03,false
INA000018850,Girish Ganaraj Proprietor of Finwise Financial Planners and Advisors,Investment Adviser,Active,https://www.sebi.gov.in,2026-10-03,false
INA000018878,Ananya Roy - Proprietor of Credibull Capital,Investment Adviser,Active,https://www.sebi.gov.in,2026-10-03,false
INA000018887,SREEHARI G,Investment Adviser,Active,https://www.sebi.gov.in,2026-10-03,false
INA000018896,ONE CENTURION VENTURES PRIVATE LIMITED,Investment Adviser,Active,https://www.sebi.gov.in,2026-10-03,false
INA000018902,GOLDVEST CAPITAL SERVICES PRIVATE LIMITED,Investment Adviser,Active,https://www.sebi.gov.in,2026-10-03,false
INA000018920,STOIC ADVISORS LLP,Investment Adviser,Active,https://www.sebi.gov.in,2026-10-03,false
INA000018939,Shruti Subhashchander Bhatia,Investment Adviser,Active,https://www.sebi.gov.in,2026-10-03,false
INA000018948,Econ Ventures LLP,Investment Adviser,Active,https://www.sebi.gov.in,2026-10-03,false
INA000018957,Prosperentia Investment Advisors LLP,Investment Adviser,Active,https://www.sebi.gov.in,2026-10-03,false
INA000018966,PLNR INVESTMENT ADVISORS,Investment Adviser,Active,https://www.sebi.gov.in,2026-10-03,false
INA000018975,Pavan Kumar Manchiraju Proprietor of Hubridge Investment Advisers,Investment Adviser,Active,https://www.sebi.gov.in,2026-10-03,false
INA000018984,MONEYDHAN INVESTMENT ADVISORY INDIA LLP,Investment Adviser,Active,https://www.sebi.gov.in,2026-10-03,false
INA000018993,Akshay Sunil Deora Proprietor DEORA INVESTMENT ADVISORY,Investment Adviser,Active,https://www.sebi.gov.in,2026-10-03,false
INA000019008,Banafshe Pashootanizadeh,Investment Adviser,Active,https://www.sebi.gov.in,2026-10-03,false
INA000019017,Dhruvin Jagdish Bhanushali,Investment Adviser,Active,https://www.sebi.gov.in,2026-10-03,false
INA000019026,I VENTURES CAPITAL PRIVATE LIMITED,Investment Adviser,Active,https://www.sebi.gov.in,2026-10-03,false
INA000019035,Anubhuti Advisors LLP,Investment Adviser,Active,https://www.sebi.gov.in,2026-10-03,false
INA000019053,BasuNivesh Fee Only Financial Planners,Investment Adviser,Active,https://www.sebi.gov.in,2026-10-03,false
INA000019062,Jay Distribution Links,Investment Adviser,Active,https://www.sebi.gov.in,2026-10-03,false
INA000019071,Dhilip Krishna SS Proprietor of Apta Investment Advisors,Investment Adviser,Active,https://www.sebi.gov.in,2026-10-03,false
INA000019080,HEXAWEALTH FINANCIAL TECHNOLOGIES PRIVATE LIMITED,Investment Adviser,Active,https://www.sebi.gov.in,2026-10-03,false
INA000019099,MYFI FINTECH ADVISORY SERVICES PRIVATE LIMITED,Investment Adviser,Active,https://www.sebi.gov.in,2026-10-03,false
INA000019114,SFI INVESTMENT ADVISORS LLP,Investment Adviser,Active,https://www.sebi.gov.in,2026-10-03,false
INA000019123,BIGMANS CONSULTANT & MARKETING PVT. LTD.,Investment Adviser,Active,https://www.sebi.gov.in,2026-10-03,false
INA000019132,JVT Investment Adviser LLP,Investment Adviser,Active,https://www.sebi.gov.in,2026-10-03,false
INA000019141,BYLD WEALTH ADVISORY PVT LTD,Investment Adviser,Active,https://www.sebi.gov.in,2026-10-03,false
INA000019150,Ashwin Ramakrishnan,Investment Adviser,Active,https://www.sebi.gov.in,2026-10-03,false
INA000019169,Samvitti Capital Private Limited,Investment Adviser,Active,https://www.sebi.gov.in,2026-10-03,false
INA000019178,Winwize Research and Advisory Private Limited,Investment Adviser,Active,https://www.sebi.gov.in,2026-10-03,false
INA000019187,RAVI KABRA Proprietor MONEYSAAR INVESTMENT ADVISORS,Investment Adviser,Active,https://www.sebi.gov.in,2026-10-03,false
INA000019202,PRISHA WEALTH MANAGEMENT PRIVATE LIMITED,Investment Adviser,Active,https://www.sebi.gov.in,2026-10-03,false
INA000019211,Naveen Rego Capital Private Limited,Investment Adviser,Active,https://www.sebi.gov.in,2026-10-03,false
INA000019220,Vishal Bharat Shah,Investment Adviser,Active,https://www.sebi.gov.in,2026-10-03,false
INA000019239,QICAP MANAGEMENT PRIVATE LIMITED,Investment Adviser,Active,https://www.sebi.gov.in,2026-10-03,false
INA000019248,Madhur Gundecha Sole Proprietor of Ligna Wealth Advisors,Investment Adviser,Active,https://www.sebi.gov.in,2026-10-03,false
INA000019266,Challa Surya Teja - Proprietor of Empirai Research and Advisory,Investment Adviser,Active,https://www.sebi.gov.in,2026-10-03,false
INA000019284,Fintrek Research Advisors Private Limited,Investment Adviser,Active,https://www.sebi.gov.in,2026-10-03,false
INA000019293,Qubit Investment Advisors Private Limited,Investment Adviser,Active,https://www.sebi.gov.in,2026-10-03,false
INA000019309,U-Klickkit Enterprises Private Limited,Investment Adviser,Active,https://www.sebi.gov.in,2026-10-03,false
INA000019327,HENSEX SECURITIES PRIVATE LIMITED,Investment Adviser,Active,https://www.sebi.gov.in,2026-10-03,false
INA000019336,Niranjan Goyal,Investment Adviser,Active,https://www.sebi.gov.in,2026-10-03,false
INA000019345,Samar Wealth Advisors,Investment Adviser,Active,https://www.sebi.gov.in,2026-10-03,false
INA000019354,Chavod Dasharathbhai Narsangabhai,Investment Adviser,Active,https://www.sebi.gov.in,2026-10-03,false
INA000019363,Mahesh Thangaraju -Proprietor EquityStreet Investment Advisor,Investment Adviser,Active,https://www.sebi.gov.in,2026-10-03,false
INA000019381,Sanket Awate Fintech Private Limited,Investment Adviser,Active,https://www.sebi.gov.in,2026-10-03,false
INA000019390,Seshaphani Jonnalagadda Proprietor of Invest Street Investment Advisers,Investment Adviser,Active,https://www.sebi.gov.in,2026-10-03,false
INA000019406,N Prabhanjan Rao Proprietor Elysian Investment Advisory Services,Investment Adviser,Active,https://www.sebi.gov.in,2026-10-03,false
INA000019415,FW Fintech Private Limited,Investment Adviser,Active,https://www.sebi.gov.in,2026-10-03,false
INA000019424,Safestack Wealth Private Limited,Investment Adviser,Active,https://www.sebi.gov.in,2026-10-03,false
INA000019433,BR Fiduciary Investment Advisory LLP,Investment Adviser,Active,https://www.sebi.gov.in,2026-10-03,false
INA000019442,Abhishek Phore - Proprietor Control Wealth Advisers,Investment Adviser,Active,https://www.sebi.gov.in,2026-10-03,false
INA000019451,ArthaVidhi Investment Advisors LLP,Investment Adviser,Active,https://www.sebi.gov.in,2026-10-03,false
INA000019479,Candour Asset Management LLP,Investment Adviser,Active,https://www.sebi.gov.in,2026-10-03,false
INA000019488,Dymon Asia Capital Investment Adviser India Private Limited,Investment Adviser,Active,https://www.sebi.gov.in,2026-10-03,false
INA000019497,Titiksha Wealth Private Limited,Investment Adviser,Active,https://www.sebi.gov.in,2026-10-03,false
INA000019503,Rudo Wealth Investment Advisory Private Limited,Investment Adviser,Active,https://www.sebi.gov.in,2026-10-03,false
INA000019512,Maximus Financial Advisors LLP,Investment Adviser,Active,https://www.sebi.gov.in,2026-10-03,false
INA000019521,Finuture Technologies Private Limited,Investment Adviser,Active,https://www.sebi.gov.in,2026-10-03,false
INA000019549,THORIA JIGNESH,Investment Adviser,Active,https://www.sebi.gov.in,2026-10-03,false
INA000019558,Nobias Analyst India Private Limited,Investment Adviser,Active,https://www.sebi.gov.in,2026-10-03,false
INA000019567,Legacy Custodians Advisory Private Limited,Investment Adviser,Active,https://www.sebi.gov.in,2026-10-03,false
INA000019576,Pugmark Fund Capital Advisors LLP,Investment Adviser,Active,https://www.sebi.gov.in,2026-10-03,false
INA000019594,Abraham Cherian Proprietor 360 wealth advice,Investment Adviser,Active,https://www.sebi.gov.in,2026-10-03,false
INA000019619,Malay Kirti Shah,Investment Adviser,Active,https://www.sebi.gov.in,2026-10-03,false
INA000019628,G KANNAN PROPRIETOR HAWKEYE TRADING FINANCE ACADEMY,Investment Adviser,Active,https://www.sebi.gov.in,2026-10-03,false
INA000019637,Findoc Investmart Private Limited,Investment Adviser,Active,https://www.sebi.gov.in,2026-10-03,false
INA000019646,Amit Vinayak Ghag,Investment Adviser,Active,https://www.sebi.gov.in,2026-10-03,false
INA000019655,Pinakin C Jaiswal,Investment Adviser,Active,https://www.sebi.gov.in,2026-10-03,false
INA000019664,Gopalakrishna Narayana Moni,Investment Adviser,Active,https://www.sebi.gov.in,2026-10-03,false
INA000019673,RISHU GOYAL - Proprietor of RURR ADVISORS,Investment Adviser,Active,https://www.sebi.gov.in,2026-10-03,false
INA000019682,Shilpi Maheshwari,Investment Adviser,Active,https://www.sebi.gov.in,2026-10-03,false
INA000019691,Navneet Sharma,Investment Adviser,Active,https://www.sebi.gov.in,2026-10-03,false
INA000019707,Ayushi Chauksey Adviser Private Limited,Investment Adviser,Active,https://www.sebi.gov.in,2026-10-03,false
INA000019716,LGT Securities India Private Limited,Investment Adviser,Active,https://www.sebi.gov.in,2026-10-03,false
INA000019734,Tender Financial Services Private Limited,Investment Adviser,Active,https://www.sebi.gov.in,2026-10-03,false
INA000019743,ValueX Fund Managers LLP,Investment Adviser,Active,https://www.sebi.gov.in,2026-10-03,false
INA000019752,Privus Advisors LLP,Investment Adviser,Active,https://www.sebi.gov.in,2026-10-03,false
INA000019761,Wealthspring Investment Adviser Pvt Ltd,Investment Adviser,Active,https://www.sebi.gov.in,2026-10-03,false
INA000019770,HEMLATA SOMANI,Investment Adviser,Active,https://www.sebi.gov.in,2026-10-03,false
INA000019789,ADARSH NIMBORKAR,Investment Adviser,Active,https://www.sebi.gov.in,2026-10-03,false
INA000019798,Powerup Money Wealth Management Private Limited,Investment Adviser,Active,https://www.sebi.gov.in,2026-10-03,false
INA000019804,Angel One Investment Managers & Advisors Private Limited,Investment Adviser,Active,https://www.sebi.gov.in,2026-10-03,false
INA000019813,Ankur Vipul Shah Proprietor Quasar Capital Investment Advisors,Investment Adviser,Active,https://www.sebi.gov.in,2026-10-03,false
INA000019822,Kashish Manjani,Investment Adviser,Active,https://www.sebi.gov.in,2026-10-03,false
INA000019831,Ardeko Asset Management Private Limited,Investment Adviser,Active,https://www.sebi.gov.in,2026-10-03,false
INA000019840,Equisense Advisors Private Limited,Investment Adviser,Active,https://www.sebi.gov.in,2026-10-03,false
INA000019859,Credent Asset Management Services Private Limited,Investment Adviser,Active,https://www.sebi.gov.in,2026-10-03,false
INA000019868,Tygo Investment Advisers LLP,Investment Adviser,Active,https://www.sebi.gov.in,2026-10-03,false
INA000019877,OMNIBUS INVESTMENT ADVISORS LLP,Investment Adviser,Active,https://www.sebi.gov.in,2026-10-03,false
INA000019938,Jio Finance Platform and Service Limited,Investment Adviser,Active,https://www.sebi.gov.in,2026-10-03,false
INA000019947,PLIRIS CAPITAL PRIVATE LIMITED,Investment Adviser,Active,https://www.sebi.gov.in,2026-10-03,false
INA000019956,IIFL Capital Asset Management Limited,Investment Adviser,Active,https://www.sebi.gov.in,2026-10-03,false
INA000019965,Growtheum Investment Advisors India Private Limited,Investment Adviser,Active,https://www.sebi.gov.in,2026-10-03,false
INA000019974,Ashutosh Kumar Gupta,Investment Adviser,Active,https://www.sebi.gov.in,2026-10-03,false
INA000019983,Saurabh Aggarwal Proprietor Eraqus Investment Advisors,Investment Adviser,Active,https://www.sebi.gov.in,2026-10-03,false
INA000019992,Nexedge Investment Adviser Private Limited,Investment Adviser,Active,https://www.sebi.gov.in,2026-10-03,false
INA000020004,CUSP MONEY ADVISORS PRIVATE LIMITED,Investment Adviser,Active,https://www.sebi.gov.in,2026-10-03,false
INA000020022,Wealthculture Advisory Services Private Limited,Investment Adviser,Active,https://www.sebi.gov.in,2026-10-03,false
INA000020031,Fintoo Wealth Private Limited,Investment Adviser,Active,https://www.sebi.gov.in,2026-10-03,false
INA000020040,Rajan Nileshbhai Gajariya Proprietor Truenorth Capital,Investment Adviser,Active,https://www.sebi.gov.in,2026-10-03,false
INA000020059,VASUPRADAH INVESTMENT ADVISORY SERVICES PVT. LTD.,Investment Adviser,Active,https://www.sebi.gov.in,2026-10-03,false
INA000020068,ASHUTOSH FINANCIAL SERVICES PRIVATE LIMITED,Investment Adviser,Active,https://www.sebi.gov.in,2026-10-03,false
INA000020077,PRATEEK SINGH,Investment Adviser,Active,https://www.sebi.gov.in,2026-10-03,false
INA000020086,SAHASTHA INVESTMENT ADVISERS PRIVATE LIMITED,Investment Adviser,Active,https://www.sebi.gov.in,2026-10-03,false
INA000020095,Profitmart Securities Private Limited,Investment Adviser,Active,https://www.sebi.gov.in,2026-10-03,false
INA000020101,Dolat Finserv Private Limited,Investment Adviser,Active,https://www.sebi.gov.in,2026-10-03,false
INA000020110,Punyasa Capital Advisors LLP,Investment Adviser,Active,https://www.sebi.gov.in,2026-10-03,false
INA000020129,NYE Investech Private Limited,Investment Adviser,Active,https://www.sebi.gov.in,2026-10-03,false
INA000020138,Rohit Gupta Proprietor Algolytical,Investment Adviser,Active,https://www.sebi.gov.in,2026-10-03,false
INA000020165,Navi Investment Advisors Private Limited,Investment Adviser,Active,https://www.sebi.gov.in,2026-10-03,false
INA000020174,Onebanc Technologies Private Limited,Investment Adviser,Active,https://www.sebi.gov.in,2026-10-03,false
INA000020183,Pradip Prabir Banerjee,Investment Adviser,Active,https://www.sebi.gov.in,2026-10-03,false
INA000020192,BLUESTRIDES FINANCIAL SERVICES PRIVATE LIMITED,Investment Adviser,Active,https://www.sebi.gov.in,2026-10-03,false
INA000020217,Ujvin Nevatia Proprietor Nevat Investments,Investment Adviser,Active,https://www.sebi.gov.in,2026-10-03,false
INA000020226,Narasimha Krishnakumar,Investment Adviser,Active,https://www.sebi.gov.in,2026-10-03,false
INA000020235,Navinkumar Mishra Proprietor NM India Investment Advisers,Investment Adviser,Active,https://www.sebi.gov.in,2026-10-03,false
INA000020244,Gurpreet Singh,Investment Adviser,Active,https://www.sebi.gov.in,2026-10-03,false
INA000020253,CASTLEGATE CAPITAL SERVICES PRIVATE LIMITED,Investment Adviser,Active,https://www.sebi.gov.in,2026-10-03,false
INA000020262,Deep Bhavesh Dhanecha,Investment Adviser,Active,https://www.sebi.gov.in,2026-10-03,false
INA000020271,Vikas Dimaniya,Investment Adviser,Active,https://www.sebi.gov.in,2026-10-03,false
INA000020280,KRUTIKA KATHAL,Investment Adviser,Active,https://www.sebi.gov.in,2026-10-03,false
INA000020299,AKHILESH V GOKARAJU,Investment Adviser,Active,https://www.sebi.gov.in,2026-10-03,false
INA000020305,Sushilkumar D Pardeshi,Investment Adviser,Active,https://www.sebi.gov.in,2026-10-03,false
INA000020314,Jio BlackRock Investment Advisers Private Limited,Investment Adviser,Active,https://www.sebi.gov.in,2026-10-03,false
INA000020323,ZEN NIVESH ADVISORS PRIVATE LIMITED,Investment Adviser,Active,https://www.sebi.gov.in,2026-10-03,false
INA000020332,MINERVA ASSET ADVISORS PRIVATE LIMITED,Investment Adviser,Active,https://www.sebi.gov.in,2026-10-03,false
INA000020341,PRANAV KUMAR TIWARY,Investment Adviser,Active,https://www.sebi.gov.in,2026-10-03,false
INA000020350,Minal Wagh,Investment Adviser,Active,https://www.sebi.gov.in,2026-10-03,false
INA000020369,Ocean Finvest India Private Limited,Investment Adviser,Active,https://www.sebi.gov.in,2026-10-03,false
INA000020378,Finfix Research and Analytics Private Limited,Investment Adviser,Active,https://www.sebi.gov.in,2026-10-03,false
INA000020387,INVESTCUES CAPITAL INVESTMENT ADVISORS,Investment Adviser,Active,https://www.sebi.gov.in,2026-10-03,false
INA000020396,NETWORTH TRACKER SOLUTIONS PRIVATE LIMITED,Investment Adviser,Active,https://www.sebi.gov.in,2026-10-03,false
INA000020402,Anushree Agarwal,Investment Adviser,Active,https://www.sebi.gov.in,2026-10-03,false
INA000020411,MS SQUARE INVESTMENT ADVISORS LLP,Investment Adviser,Active,https://www.sebi.gov.in,2026-10-03,false
INA000020420,Gunjal Jayadrath Suresh,Investment Adviser,Active,https://www.sebi.gov.in,2026-10-03,false
INA000020439,Clearsharp Technology Private Limited,Investment Adviser,Active,https://www.sebi.gov.in,2026-10-03,false
INA000020448,Varun Srivastava,Investment Adviser,Active,https://www.sebi.gov.in,2026-10-03,false
INA000020457,Mohammed Shoaib Dayma Proprietor FiSC Capital,Investment Adviser,Active,https://www.sebi.gov.in,2026-10-03,false
INA000020466,JAYAPRAKASH,Investment Adviser,Active,https://www.sebi.gov.in,2026-10-03,false
INA000020475,Ayush Sharma,Investment Adviser,Active,https://www.sebi.gov.in,2026-10-03,false
INA000020484,UPSTOX SECURITIES PRIVATE LIMITED,Investment Adviser,Active,https://www.sebi.gov.in,2026-10-03,false
INA000020493,Arjun K A Proprietor Sukruthi,Investment Adviser,Active,https://www.sebi.gov.in,2026-10-03,false
INA000020509,INFINASK ADVISORS LLP,Investment Adviser,Active,https://www.sebi.gov.in,2026-10-03,false
INA000020518,Weallat Solutions Private Limited,Investment Adviser,Active,https://www.sebi.gov.in,2026-10-03,false
INA000020527,N Raghu Kumar,Investment Adviser,Active,https://www.sebi.gov.in,2026-10-03,false
INA000020536,ASK LONG-SHORT FUND MANAGERS PRIVATE LIMITED,Investment Adviser,Active,https://www.sebi.gov.in,2026-10-03,false
INA000020545,LN FINTECH ADVISORY PRIVATE LIMITED,Investment Adviser,Active,https://www.sebi.gov.in,2026-10-03,false
INA000020554,Vivek Gupta,Investment Adviser,Active,https://www.sebi.gov.in,2026-10-03,false
INA000020563,Krishna Goyal Proprietor Fynvestor Investment Advisory,Investment Adviser,Active,https://www.sebi.gov.in,2026-10-03,false
INA000020572,Invsify Technologies Private Limited,Investment Adviser,Active,https://www.sebi.gov.in,2026-10-03,false
INA000020581,Sakshi Gaurav Jalan,Investment Adviser,Active,https://www.sebi.gov.in,2026-10-03,false
INA000020590,Arun Ramabhadran,Investment Adviser,Active,https://www.sebi.gov.in,2026-10-03,false
INA000020606,INVESTORAI INVESTMENT MANAGEMENT SERVICES PRIVATE LIMITED,Investment Adviser,Active,https://www.sebi.gov.in,2026-10-03,false
INA000020615,Narendran,Investment Adviser,Active,https://www.sebi.gov.in,2026-10-03,false
INA000020624,CUBERA ASSET ADVISORS PRIVATE LIMITED,Investment Adviser,Active,https://www.sebi.gov.in,2026-10-03,false
INA000020633,Cettlx Services Private Limited,Investment Adviser,Active,https://www.sebi.gov.in,2026-10-03,false
INA000020642,NITISH CONSUL,Investment Adviser,Active,https://www.sebi.gov.in,2026-10-03,false
INA000020651,Profit Finstock Private Limited,Investment Adviser,Active,https://www.sebi.gov.in,2026-10-03,false
INA000020660,INDIUM INVESTMENT ADVISERS PRIVATE LIMITED,Investment Adviser,Active,https://www.sebi.gov.in,2026-10-03,false
INA000020679,FINOFIN INSURANCE & ADVISORY SERVICES PRIVATE LIMITED,Investment Adviser,Active,https://www.sebi.gov.in,2026-10-03,false
INA000020688,Orelius Financial Advisory and Management Services Private Limited,Investment Adviser,Active,https://www.sebi.gov.in,2026-10-03,false
INA000020697,Pramiti Rawat,Investment Adviser,Active,https://www.sebi.gov.in,2026-10-03,false
INA000020703,Shishir Agarwal,Investment Adviser,Active,https://www.sebi.gov.in,2026-10-03,false
INA000020712,Arthvruksh Capital Management LLP,Investment Adviser,Active,https://www.sebi.gov.in,2026-10-03,false
INA000020721,PI DELTA ENTERPRISES,Investment Adviser,Active,https://www.sebi.gov.in,2026-10-03,false
INA000020730,Aman Rakesh Shah,Investment Adviser,Active,https://www.sebi.gov.in,2026-10-03,false
INA000020749,Wealth Beacon Investment Advisors Private Limited,Investment Adviser,Active,https://www.sebi.gov.in,2026-10-03,false
INA000020758,SR ALPHA INVESTMENT ADVISERS,Investment Adviser,Active,https://www.sebi.gov.in,2026-10-03,false
INA000020776,Arigamoney India Pvt. Ltd.,Investment Adviser,Active,https://www.sebi.gov.in,2026-10-03,false
INA000020785,Kaustubh Dattatraya Agashe,Investment Adviser,Active,https://www.sebi.gov.in,2026-10-03,false
INA000020794,3Q FINANCIAL SERVICES PRIVATE LIMITED,Investment Adviser,Active,https://www.sebi.gov.in,2026-10-03,false
INA000020800,PLOUTUS ASSET SERVICES LLP,Investment Adviser,Active,https://www.sebi.gov.in,2026-10-03,false
INA000020819,Eiko Quantum Solutions Pvt Ltd,Investment Adviser,Active,https://www.sebi.gov.in,2026-10-03,false
INA000020828,Patel Poojan Praful,Investment Adviser,Active,https://www.sebi.gov.in,2026-10-03,false
INA000020846,CKREDENCE WEALTH MANAGEMENT PRIVATE LIMITED,Investment Adviser,Active,https://www.sebi.gov.in,2026-10-03,false
INA000020855,Everest Creators Pvt Ltd,Investment Adviser,Active,https://www.sebi.gov.in,2026-10-03,false
INA000020864,SUJAN SINGH,Investment Adviser,Active,https://www.sebi.gov.in,2026-10-03,false
INA000020873,Thinkfinny Tech Labs Pvt Ltd.,Investment Adviser,Active,https://www.sebi.gov.in,2026-10-03,false
INA000020882,TARUN ROKADIYA,Investment Adviser,Active,https://www.sebi.gov.in,2026-10-03,false
INA000020891,Newcamp Finserv Private Limited,Investment Adviser,Active,https://www.sebi.gov.in,2026-10-03,false
INA000020907,Crest Capital Management Private Limited,Investment Adviser,Active,https://www.sebi.gov.in,2026-10-03,false
INA000020916,Shivam Kumar Aggarwal Proprietor ASKCA Investment Advisors,Investment Adviser,Active,https://www.sebi.gov.in,2026-10-03,false
INA000020925,NERDYBIRD WEALTH ADVISORY LLP,Investment Adviser,Active,https://www.sebi.gov.in,2026-10-03,false
INA000020934,Vishrav Technologies,Investment Adviser,Active,https://www.sebi.gov.in,2026-10-03,false
INA000020943,ASHISH CHAUDHARY,Investment Adviser,Active,https://www.sebi.gov.in,2026-10-03,false
INA000020952,GOELA FINANCIAL SERVICES LLP,Investment Adviser,Active,https://www.sebi.gov.in,2026-10-03,false
INA000020961,Anudeep Yadav,Investment Adviser,Active,https://www.sebi.gov.in,2026-10-03,false
INA000020970,Vishal Pramod Rotwadkar Proprietor Heritage City Ventures,Investment Adviser,Active,https://www.sebi.gov.in,2026-10-03,false
INA000020989,SAGAR PUJARI PROPRIETOR FINCLIFF CAPITAL,Investment Adviser,Active,https://www.sebi.gov.in,2026-10-03,false
INA000020998,Wallet Wealth LLP,Investment Adviser,Active,https://www.sebi.gov.in,2026-10-03,false
INA000021003,Datla Venkata Satya Teja Krishnam Raju,Investment Adviser,Active,https://www.sebi.gov.in,2026-10-03,false
INA000021012,Peace Valley Ventures Private Limited,Investment Adviser,Active,https://www.sebi.gov.in,2026-10-03,false
INA000021021,DHANAYUSH CAPITAL SERVICES PRIVATE LIMITED,Investment Adviser,Active,https://www.sebi.gov.in,2026-10-03,false
INA000021030,Jaima Scientific Ventures LLP,Investment Adviser,Active,https://www.sebi.gov.in,2026-10-03,false
INA000021049,Ajay Jajam Proprietor Chanakya Investment,Investment Adviser,Active,https://www.sebi.gov.in,2026-10-03,false
INA000021058,ARC Spire Advisory Private Limited,Investment Adviser,Active,https://www.sebi.gov.in,2026-10-03,false
INA000021067,SPARK PWM PRIVATE LIMITED,Investment Adviser,Active,https://www.sebi.gov.in,2026-10-03,false
INA000021076,Viresh P Patel,Investment Adviser,Active,https://www.sebi.gov.in,2026-10-03,false
INA000021094,MOTILAL OSWAL WEALTH LIMITED,Investment Adviser,Active,https://www.sebi.gov.in,2026-10-03,false
INA000021100,Milan Kumar Sahu,Investment Adviser,Active,https://www.sebi.gov.in,2026-10-03,false
INA000021119,Anand Manish,Investment Adviser,Active,https://www.sebi.gov.in,2026-10-03,false
INA000021128,S Roshan Valiathan Proprietor Investantra,Investment Adviser,Active,https://www.sebi.gov.in,2026-10-03,false
INA000021137,EUREKA STOCK & SHARE BROKING SERVICES LIMITED,Investment Adviser,Active,https://www.sebi.gov.in,2026-10-03,false
INA000021146,JWA Wealth Private Limited,Investment Adviser,Active,https://www.sebi.gov.in,2026-10-03,false
INA000021155,Value Ethics Private Limited,Investment Adviser,Active,https://www.sebi.gov.in,2026-10-03,false
INA000021164,Investrite Fintech LLP,Investment Adviser,Active,https://www.sebi.gov.in,2026-10-03,false
INA000021173,Zactor Tech Private Limited,Investment Adviser,Active,https://www.sebi.gov.in,2026-10-03,false
INA000021182,Aryan Singhal Proprietor Ethos Investment Adviser,Investment Adviser,Active,https://www.sebi.gov.in,2026-10-03,false
INA000021191,Panchagnula Venkateswara Rama Prasad Proprietor RP Investment Advisor,Investment Adviser,Active,https://www.sebi.gov.in,2026-10-03,false
INA000021207,Octanom Tech Private Limited,Investment Adviser,Active,https://www.sebi.gov.in,2026-10-03,false
INA000021216,Himanshu Somani,Investment Adviser,Active,https://www.sebi.gov.in,2026-10-03,false
INA000021225,Amandeep Singh,Investment Adviser,Active,https://www.sebi.gov.in,2026-10-03,false
INA000021234,Ryze India Advisory Solutions Private Limited,Investment Adviser,Active,https://www.sebi.gov.in,2026-10-03,false
INA000021243,Parekh Rutviz Bharatkumar Proprietor Tanviz Capital,Investment Adviser,Active,https://www.sebi.gov.in,2026-10-03,false
INA000021252,Chinmay D Naik Proprietor Kautilya Capital Management,Investment Adviser,Active,https://www.sebi.gov.in,2026-10-03,false
INA000021261,MURALI KRISHNA SIVVALA,Investment Adviser,Active,https://www.sebi.gov.in,2026-10-03,false
INA000021270,Arun Baijnath Sharma,Investment Adviser,Active,https://www.sebi.gov.in,2026-10-03,false
INA000021289,SANICA VISHWAJEET DHAMNASKAR,Investment Adviser,Active,https://www.sebi.gov.in,2026-10-03,false
INA000021298,AMIT GORISHANKAR DHANUKA,Investment Adviser,Active,https://www.sebi.gov.in,2026-10-03,false
INA000021304,VINAYAK ARUN KINI,Investment Adviser,Active,https://www.sebi.gov.in,2026-10-03,false
INA000021313,Stackfin Technology Private Limited,Investment Adviser,Active,https://www.sebi.gov.in,2026-10-03,false
INA000021322,Pravia Investment Advisors Private Limited,Investment Adviser,Active,https://www.sebi.gov.in,2026-10-03,false
INA000021331,Chandrachuda Sarma Yemmanuru Proprietor Finwiser,Investment Adviser,Active,https://www.sebi.gov.in,2026-10-03,false
INA000021340,Pararthya Capital Management LLP,Investment Adviser,Active,https://www.sebi.gov.in,2026-10-03,false
INA000021359,Sudip Dipten Putatunda,Investment Adviser,Active,https://www.sebi.gov.in,2026-10-03,false
INA000021368,Ayush Lath,Investment Adviser,Active,https://www.sebi.gov.in,2026-10-03,false
INA000021377,Tushar Sharma,Investment Adviser,Active,https://www.sebi.gov.in,2026-10-03,false
INA000021386,IPK WEALTH SERVICES PRIVATE LIMITED,Investment Adviser,Active,https://www.sebi.gov.in,2026-10-03,false
INA000021395,Mudit Madan,Investment Adviser,Active,https://www.sebi.gov.in,2026-10-03,false
INA000021401,MEHAK WEALTH INVESTMENT ADVISORS PRIVATE LIMITED,Investment Adviser,Active,https://www.sebi.gov.in,2026-10-03,false
INA000021410,Indira Securities Private Limited,Investment Adviser,Active,https://www.sebi.gov.in,2026-10-03,false
INA000021429,JBV Share Broker And Fintech Private Limited,Investment Adviser,Active,https://www.sebi.gov.in,2026-10-03,false
INA000021438,Primew Financial Services Private Limited,Investment Adviser,Active,https://www.sebi.gov.in,2026-10-03,false
INA000021447,SAMEER VINAYAK JOSHI,Investment Adviser,Active,https://www.sebi.gov.in,2026-10-03,false
INA000021456,Sanidhya Arvind Mishra,Investment Adviser,Active,https://www.sebi.gov.in,2026-10-03,false
INA000021465,Kartik M Soni,Investment Adviser,Active,https://www.sebi.gov.in,2026-10-03,false
INA000021474,SURENDRA JAUHARI,Investment Adviser,Active,https://www.sebi.gov.in,2026-10-03,false
INA000021483,Arpita Harshavardhan Kulkarni Proprietor of Fin Neeti,Investment Adviser,Active,https://www.sebi.gov.in,2026-10-03,false
INA000021492,VINSMART WEALTH MANAGEMENT LLP,Investment Adviser,Active,https://www.sebi.gov.in,2026-10-03,false
INA000021508,Manoj Kumar Kaushik,Investment Adviser,Active,https://www.sebi.gov.in,2026-10-03,false
INA000021517,MARWADI CHANDARANA INTERMEDIARIES BROKERS PRIVATE LIMITED,Investment Adviser,Active,https://www.sebi.gov.in,2026-10-03,false
INA000021526,Plus91 Asset Management LLP,Investment Adviser,Active,https://www.sebi.gov.in,2026-10-03,false
INA000021544,Invesmate Insights Private Limited,Investment Adviser,Active,https://www.sebi.gov.in,2026-10-03,false
INA000021553,NBHAVA CAPITAL PRIVATE LIMITED,Investment Adviser,Active,https://www.sebi.gov.in,2026-10-03,false
INA000021562,Dushyant Vipinchandra Acharya,Investment Adviser,Active,https://www.sebi.gov.in,2026-10-03,false
INA000021571,SHWETANK DEV,Investment Adviser,Active,https://www.sebi.gov.in,2026-10-03,false
INA000021580,VSCVITTY.AI PRIVATE LIMITED,Investment Adviser,Active,https://www.sebi.gov.in,2026-10-03,false
INA000021599,Quicko Infosoft Private Limited,Investment Adviser,Active,https://www.sebi.gov.in,2026-10-03,false
INA000021605,Palnika Hemnani,Investment Adviser,Active,https://www.sebi.gov.in,2026-10-03,false
INA000021614,Ayush Bharat Bhutada Proprietor of Time Wheel Investment Advisors,Investment Adviser,Active,https://www.sebi.gov.in,2026-10-03,false
INA000021623,INVESTGOAL CAPITAL ADVISORS PRIVATE LIMITED,Investment Adviser,Active,https://www.sebi.gov.in,2026-10-03,false
INA000021632,ARTHOS FINSERV LLP,Investment Adviser,Active,https://www.sebi.gov.in,2026-10-03,false
INA000021641,ARPIT AGARWAL,Investment Adviser,Active,https://www.sebi.gov.in,2026-10-03,false
INA000021650,KOLADI UKKURU VARGHESE,Investment Adviser,Active,https://www.sebi.gov.in,2026-10-03,false
INA000021669,BFC Capital Private Limited,Investment Adviser,Active,https://www.sebi.gov.in,2026-10-03,false
INA000021678,MITALI GUNVANT SINGHI,Investment Adviser,Active,https://www.sebi.gov.in,2026-10-03,false
INA000021687,Houlihan Lokey Advisory India Private Limited,Investment Adviser,Active,https://www.sebi.gov.in,2026-10-03,false
INA000021696,Vishnu M,Investment Adviser,Active,https://www.sebi.gov.in,2026-10-03,false
INA000021702,Tiny Epic Solutions Private Limited,Investment Adviser,Active,https://www.sebi.gov.in,2026-10-03,false
INA000021711,DIVERSIFI LABS PRIVATE LIMITED,Investment Adviser,Active,https://www.sebi.gov.in,2026-10-03,false
INA000021720,RIQR LLP,Investment Adviser,Active,https://www.sebi.gov.in,2026-10-03,false
INA000021739,Sugam Rathi Proprietor Opening Bell Investment Advisors,Investment Adviser,Active,https://www.sebi.gov.in,2026-10-03,false
INA000021748,Anshul,Investment Adviser,Active,https://www.sebi.gov.in,2026-10-03,false
INA000021757,BALACHANDRAN RAMAN VISWANATHAN,Investment Adviser,Active,https://www.sebi.gov.in,2026-10-03,false
INA000021766,RITIK ANIL SONI,Investment Adviser,Active,https://www.sebi.gov.in,2026-10-03,false
INA000021775,ANURAG SINGHAL,Investment Adviser,Active,https://www.sebi.gov.in,2026-10-03,false
INA000021784,PRAVID FINANCIAL SERVICES LLP,Investment Adviser,Active,https://www.sebi.gov.in,2026-10-03,false
INA000021793,Hijli Investment Advisors Private Limited,Investment Adviser,Active,https://www.sebi.gov.in,2026-10-03,false
INA000021809,Beyondco Technologies Private Limited,Investment Adviser,Active,https://www.sebi.gov.in,2026-10-03,false
INA000021818,BUSIREDDY KAUSHIK REDDY,Investment Adviser,Active,https://www.sebi.gov.in,2026-10-03,false
INA000021827,Vijay Rajendra Kotak Proprietor of Brytlink Wealth Management,Investment Adviser,Active,https://www.sebi.gov.in,2026-10-03,false
INA000021836,Dr. Aniruddh Sahai,Investment Adviser,Active,https://www.sebi.gov.in,2026-10-03,false
INA000021845,Pravin Ratilal Investment Advisors Private Limited,Investment Adviser,Active,https://www.sebi.gov.in,2026-10-03,false
INA000021854,Pushpanjali Kumar,Investment Adviser,Active,https://www.sebi.gov.in,2026-10-03,false
INA000021863,WEALTHDNA FINVEST PRIVATE LIMITED,Investment Adviser,Active,https://www.sebi.gov.in,2026-10-03,false
INA000021872,Bristlecone Consultants,Investment Adviser,Active,https://www.sebi.gov.in,2026-10-03,false
INA000021881,Vijay kumar Gupta,Investment Adviser,Active,https://www.sebi.gov.in,2026-10-03,false
INA000021890,MATCAP WEALTH ADVISORS PRIVATE LIMITED,Investment Adviser,Active,https://www.sebi.gov.in,2026-10-03,false
INA000021906,Rajesh Sudhakar Prabhudesai,Investment Adviser,Active,https://www.sebi.gov.in,2026-10-03,false
INA000021915,HARIHARAN,Investment Adviser,Active,https://www.sebi.gov.in,2026-10-03,false
INA000021924,MAHESH KUMAR K,Investment Adviser,Active,https://www.sebi.gov.in,2026-10-03,false
INA000021933,Rahul Rajgopal,Investment Adviser,Active,https://www.sebi.gov.in,2026-10-03,false
INA000021942,FYNRO ADVISORY SERVICES PRIVATE LIMITED,Investment Adviser,Active,https://www.sebi.gov.in,2026-10-03,false
INA000021951,Koti Labs Private Limited,Investment Adviser,Active,https://www.sebi.gov.in,2026-10-03,false
INA000021960,KOWSIKA DEVI PROPRIETOR EXPLICIT,Investment Adviser,Active,https://www.sebi.gov.in,2026-10-03,false
INA000021979,Famli Technology Products Private Limited,Investment Adviser,Active,https://www.sebi.gov.in,2026-10-03,false
INA000021988,Harendra P Zatakia Proprietor Wealth Aligned Financial Advisory,Investment Adviser,Active,https://www.sebi.gov.in,2026-10-03,false
INA000021997,VIJAY KUMAR SHARMA,Investment Adviser,Active,https://www.sebi.gov.in,2026-10-03,false
INA000022002,ABHISHEK GUPTA Proprietor Qligence Capital,Investment Adviser,Active,https://www.sebi.gov.in,2026-10-03,false
INA000022011,Dakshamm Capital Services Private Limited,Investment Adviser,Active,https://www.sebi.gov.in,2026-10-03,false
INA000022020,Sixdis Technologies Private Limited,Investment Adviser,Active,https://www.sebi.gov.in,2026-10-03,false
INA000022039,VIRAL ARUN PAREKH PROPRIETOR OF REDWOODS WEALTH,Investment Adviser,Active,https://www.sebi.gov.in,2026-10-03,false
INA000022048,OJAS AGRAWAL,Investment Adviser,Active,https://www.sebi.gov.in,2026-10-03,false
INA000022057,WEALTHDOOR INVESTMENT ADVISERS PRIVATE LIMITED,Investment Adviser,Active,https://www.sebi.gov.in,2026-10-03,false
INA000022066,Anil Kumar Koul Proprietor of Koul Financial Advisor,Investment Adviser,Active,https://www.sebi.gov.in,2026-10-03,false
INA000022075,WHERE2INVEST LIMITED,Investment Adviser,Active,https://www.sebi.gov.in,2026-10-03,false
INA000022084,Potofwealth Nurturing LLP,Investment Adviser,Active,https://www.sebi.gov.in,2026-10-03,false
INA000022093,TWOCENTS VENTURES LLP,Investment Adviser,Active,https://www.sebi.gov.in,2026-10-03,false
INA000022109,Ashish Gupta,Investment Adviser,Active,https://www.sebi.gov.in,2026-10-03,false
INA000022118,SAMEER SAKURIKAR,Investment Adviser,Active,https://www.sebi.gov.in,2026-10-03,false
INA000022127,Jay Shah,Investment Adviser,Active,https://www.sebi.gov.in,2026-10-03,false
INA000022136,Arpan Kukreja,Investment Adviser,Active,https://www.sebi.gov.in,2026-10-03,false
INA000022145,JEETU KRISHNAN,Investment Adviser,Active,https://www.sebi.gov.in,2026-10-03,false
INA000022154,Nuvama Trusteeship Company Limited,Investment Adviser,Active,https://www.sebi.gov.in,2026-10-03,false
INA000022163,NATIVE INVESTMENT MANAGERS LLP,Investment Adviser,Active,https://www.sebi.gov.in,2026-10-03,false
INA000022172,NYVO Technology Private Limited,Investment Adviser,Active,https://www.sebi.gov.in,2026-10-03,false
INA000022181,TREND REVERSAL RESEARCH & INVESTMENT ADVISORS PRIVATE LIMITED,Investment Adviser,Active,https://www.sebi.gov.in,2026-10-03,false
INA000022190,Kapil Aggarwal Proprietor investkaps,Investment Adviser,Active,https://www.sebi.gov.in,2026-10-03,false
INA000022206,Shubham Jaiswal,Investment Adviser,Active,https://www.sebi.gov.in,2026-10-03,false
INA000022215,Sunil Vyas,Investment Adviser,Active,https://www.sebi.gov.in,2026-10-03,false
INA000022224,Crystalline Capserve Private Limited,Investment Adviser,Active,https://www.sebi.gov.in,2026-10-03,false
INA000022233,NIKITA RAJKUMAR GEHANI PROPRIETOR OF TRADEMINT,Investment Adviser,Active,https://www.sebi.gov.in,2026-10-03,false
INA000022242,Jasween Malik,Investment Adviser,Active,https://www.sebi.gov.in,2026-10-03,false
INA000022251,ARTHA ADVISORY,Investment Adviser,Active,https://www.sebi.gov.in,2026-10-03,false
INA000022260,Money Purse Finserv LLP,Investment Adviser,Active,https://www.sebi.gov.in,2026-10-03,false
INA000022279,PARASURAMA PRAVEEN M,Investment Adviser,Active,https://www.sebi.gov.in,2026-10-03,false
INA000022288,FIRSTCOREADVISERS LLP,Investment Adviser,Active,https://www.sebi.gov.in,2026-10-03,false
INA000022297,MYFINVEST INVESTMENT ADVISORS LLP,Investment Adviser,Active,https://www.sebi.gov.in,2026-10-03,false
INA000022321,Partha Harshal Deshpande,Investment Adviser,Active,https://www.sebi.gov.in,2026-10-03,false
INA000022330,VITTUS WEALTH PRIVATE LIMITED,Investment Adviser,Active,https://www.sebi.gov.in,2026-10-03,false
INA000022349,Eton Solutions and Technologies India LLP,Investment Adviser,Active,https://www.sebi.gov.in,2026-10-03,false
INA000022358,ACUITY INSIGHTS PRIVATE LIMITED,Investment Adviser,Active,https://www.sebi.gov.in,2026-10-03,false
INA000022367,QUANT ART MARKET SOLUTIONS PRIVATE LIMITED,Investment Adviser,Active,https://www.sebi.gov.in,2026-10-03,false
INA000022376,CLARITAS INSIGHTS LLP,Investment Adviser,Active,https://www.sebi.gov.in,2026-10-03,false
INA000022385,Srikrishna M S,Investment Adviser,Active,https://www.sebi.gov.in,2026-10-03,false
INA000022394,Persevera Wealth Advisors LLP,Investment Adviser,Active,https://www.sebi.gov.in,2026-10-03,false
INA000022400,Shankh Wealth Advisors LLP,Investment Adviser,Active,https://www.sebi.gov.in,2026-10-03,false
INA000022419,A58 KNOWLEDGE SERVICES PRIVATE LIMITED,Investment Adviser,Active,https://www.sebi.gov.in,2026-10-03,false
INA000022428,BLACKLITT TECHNOLOGIES PRIVATE LIMITED,Investment Adviser,Active,https://www.sebi.gov.in,2026-10-03,false
INA000022437,FINSPURT ANALYTICS PRIVATE LIMITED,Investment Adviser,Active,https://www.sebi.gov.in,2026-10-03,false
INA000022446,Nemtara Investment Advisors OPC Private Limited,Investment Adviser,Active,https://www.sebi.gov.in,2026-10-03,false
INA000022455,Pramukh Somisetty Sureshkumar,Investment Adviser,Active,https://www.sebi.gov.in,2026-10-03,false
INA000022464,Tatvartha Wealthnest Ai Private Limited,Investment Adviser,Active,https://www.sebi.gov.in,2026-10-03,false
INA000022473,PINSEC AI RESEARCH ADVISORY PRIVATE LIMITED,Investment Adviser,Active,https://www.sebi.gov.in,2026-10-03,false
INA000022482,Praveen Kumar H M,Investment Adviser,Active,https://www.sebi.gov.in,2026-10-03,false
INA000022491,Parth Malav Patel,Investment Adviser,Active,https://www.sebi.gov.in,2026-10-03,false
INA000022507,Arjit Anand,Investment Adviser,Active,https://www.sebi.gov.in,2026-10-03,false
INA000022516,Anesh K Vyaas LLP,Investment Adviser,Active,https://www.sebi.gov.in,2026-10-03,false
INA000022525,Banyan Capital Advisors LLP,Investment Adviser,Active,https://www.sebi.gov.in,2026-10-03,false
INA000022534,ASHOK KRISHNARAO,Investment Adviser,Active,https://www.sebi.gov.in,2026-10-03,false
INA000022543,SUNIL MAHADEV GHADAGE,Investment Adviser,Active,https://www.sebi.gov.in,2026-10-03,false
INA000022552,VINAYAK B PATIL,Investment Adviser,Active,https://www.sebi.gov.in,2026-10-03,false
INA000022561,Pooja Mahesh Proprietor IRA CONSULTING SERVICES,Investment Adviser,Active,https://www.sebi.gov.in,2026-10-03,false
INA000022570,Baskaran Nadarajan,Investment Adviser,Active,https://www.sebi.gov.in,2026-10-03,false
INA000022589,FINRIGHT INVESTMENT ADVISORS LLP,Investment Adviser,Active,https://www.sebi.gov.in,2026-10-03,false
INA000022598,Kartik Iyer proprietor of Finsenz Wealth Advisory,Investment Adviser,Active,https://www.sebi.gov.in,2026-10-03,false
INA000022604,Mangesh Sagane Proprietor TRUSTEDGE ADVISORY,Investment Adviser,Active,https://www.sebi.gov.in,2026-10-03,false
INA000022613,SAKSHAM SHARMA,Investment Adviser,Active,https://www.sebi.gov.in,2026-10-03,false
INA000022622,Yatindra Agrawal Proprietor Yellowsand,Investment Adviser,Active,https://www.sebi.gov.in,2026-10-03,false
INA000022631,SAMPADHA RESEARCH AND FINANCIAL CONSULTANTS PRIVATE LIMITED,Investment Adviser,Active,https://www.sebi.gov.in,2026-10-03,false
INA000022640,Vijayan N Proprietor Vudhi FinTech,Investment Adviser,Active,https://www.sebi.gov.in,2026-10-03,false
INA000022659,Anand Biswas,Investment Adviser,Active,https://www.sebi.gov.in,2026-10-03,false
INA000022668,MAHIR INVESTMENT ADVISERS PRIVATE LIMITED,Investment Adviser,Active,https://www.sebi.gov.in,2026-10-03,false
INA000022677,Nikkhiel Nerkaar,Investment Adviser,Active,https://www.sebi.gov.in,2026-10-03,false
INA000022686,Gautam Khemka Proprietor Sampatti Planning,Investment Adviser,Active,https://www.sebi.gov.in,2026-10-03,false
INA000022695,WORTHOS TECHNOLOGIES PRIVATE LIMITED,Investment Adviser,Active,https://www.sebi.gov.in,2026-10-03,false
INA000022701,Rupeestop LLP,Investment Adviser,Active,https://www.sebi.gov.in,2026-10-03,false
INA000022710,HER-MONY SERVICES PRIVATE LIMITED,Investment Adviser,Active,https://www.sebi.gov.in,2026-10-03,false
INA000022729,ADITYA SAKHARAM JADHAV,Investment Adviser,Active,https://www.sebi.gov.in,2026-10-03,false
INA000022738,Raghunandan Madhukar Alavani,Investment Adviser,Active,https://www.sebi.gov.in,2026-10-03,false
INA000022747,CHAITANYA VINOD AGARWAL,Investment Adviser,Active,https://www.sebi.gov.in,2026-10-03,false
INA000022756,Srinivas P,Investment Adviser,Active,https://www.sebi.gov.in,2026-10-03,false
INA000022765,Allvest Invesment Managers Private Limited,Investment Adviser,Active,https://www.sebi.gov.in,2026-10-03,false
INA000022774,ZENARA TECHNOLOGIES PRIVATE LIMITED,Investment Adviser,Active,https://www.sebi.gov.in,2026-10-03,false
INA000022783,Finanjo Ventures Private Limited,Investment Adviser,Active,https://www.sebi.gov.in,2026-10-03,false
INA000022792,Rahul Jain,Investment Adviser,Active,https://www.sebi.gov.in,2026-10-03,false
INA000022808,VERIQUS FINANCIAL SERVICES PRIVATE LIMITED,Investment Adviser,Active,https://www.sebi.gov.in,2026-10-03,false
INA000022817,Anushri Shukla Proprietor Mrigashira Consultancy,Investment Adviser,Active,https://www.sebi.gov.in,2026-10-03,false
INA000022826,Niranjan Sridharan Kumar Proprietor Artha Jnana Investment Advisors,Investment Adviser,Active,https://www.sebi.gov.in,2026-10-03,false
INA000022835,SHARAN KAMAL MULCHANDANI,Investment Adviser,Active,https://www.sebi.gov.in,2026-10-03,false
INA000022844,SHEO NARAYAN,Investment Adviser,Active,https://www.sebi.gov.in,2026-10-03,false
INA000022853,Poondi Devarajan Sundar,Investment Adviser,Active,https://www.sebi.gov.in,2026-10-03,false
INA000022862,ARTHAZEYRO TECHNOLOGIES PRIVATE LIMITED,Investment Adviser,Active,https://www.sebi.gov.in,2026-10-03,false
INA000022871,Kailasanathan Subramaniam Proprietor Tattvam Investment Advisors,Investment Adviser,Active,https://www.sebi.gov.in,2026-10-03,false
INA000022880,SAKSHUM KESHORE JAIN,Investment Adviser,Active,https://www.sebi.gov.in,2026-10-03,false
INA000022899,VARUN HARESH DODHIA PROPRIETOR OF LIGHT YEAR ADVISORY,Investment Adviser,Active,https://www.sebi.gov.in,2026-10-03,false
INA000022905,SUMIT KALRA,Investment Adviser,Active,https://www.sebi.gov.in,2026-10-03,false
INA000022914,Dezerv Investments Private Limited,Investment Adviser,Active,https://www.sebi.gov.in,2026-10-03,false
INA000022923,ADITI AGGARWAL,Investment Adviser,Active,https://www.sebi.gov.in,2026-10-03,false
INA000022932,Strateasy,Investment Adviser,Active,https://www.sebi.gov.in,2026-10-03,false
INA000022941,Avdesh Mishra Capitals Private Limited,Investment Adviser,Active,https://www.sebi.gov.in,2026-10-03,false
INA000022950,SUJAY MUKUND CHAUDHARI,Investment Adviser,Active,https://www.sebi.gov.in,2026-10-03,false
INA000022969,PRIMEVYUH WEALTH ADVISORS PRIVATE LIMITED,Investment Adviser,Active,https://www.sebi.gov.in,2026-10-03,false
INA000022978,Sheetal Kumar Proprietor Hyphasis Wealth Consultants,Investment Adviser,Active,https://www.sebi.gov.in,2026-10-03,false
INA000022987,Simplus Wealth Managers Private Limited,Investment Adviser,Active,https://www.sebi.gov.in,2026-10-03,false
INA000022996,Wealth Impression Associates,Investment Adviser,Active,https://www.sebi.gov.in,2026-10-03,false
INA000023001,WEALTH WAGON FINTECH PRIVATE LIMITED,Investment Adviser,Active,https://www.sebi.gov.in,2026-10-03,false
INA000023010,Nitin Purwar,Investment Adviser,Active,https://www.sebi.gov.in,2026-10-03,false
INA000023029,NEUROFI WEALTH ADVISORY,Investment Adviser,Active,https://www.sebi.gov.in,2026-10-03,false
INA000023038,Neeraj Pandey,Investment Adviser,Active,https://www.sebi.gov.in,2026-10-03,false
INA000023047,Salaryse Technologies Private Limited,Investment Adviser,Active,https://www.sebi.gov.in,2026-10-03,false
INA000023056,Sunit Nitin Nagori,Investment Adviser,Active,https://www.sebi.gov.in,2026-10-03,false
INA000023065,ABHINAV KHATTAR,Investment Adviser,Active,https://www.sebi.gov.in,2026-10-03,false
INA000023074,ANKIT AGRAWAL,Investment Adviser,Active,https://www.sebi.gov.in,2026-10-03,false
INA000023083,ARUN,Investment Adviser,Active,https://www.sebi.gov.in,2026-10-03,false
INA000023092,Sarvasthi Technologies Private Limited,Investment Adviser,Active,https://www.sebi.gov.in,2026-10-03,false
INA000023108,NEOGENTLE ADVISORY PRIVATE LIMITED,Investment Adviser,Active,https://www.sebi.gov.in,2026-10-03,false
INA000023117,RAGHAV GUMBER,Investment Adviser,Active,https://www.sebi.gov.in,2026-10-03,false
INA000023126,Madhu Srinivas V Proprietor Jeeves Investment Advisors,Investment Adviser,Active,https://www.sebi.gov.in,2026-10-03,false
INA000023135,WOVERP MANAGEMENT CONSULTANTS PRIVATE LIMITED,Investment Adviser,Active,https://www.sebi.gov.in,2026-10-03,false
INA000023144,Inclusive Wealth Services Private Limited,Investment Adviser,Active,https://www.sebi.gov.in,2026-10-03,false
INA000023153,Tarun Kumar Chaurasia,Investment Adviser,Active,https://www.sebi.gov.in,2026-10-03,false
INA000023162,NITHIN P,Investment Adviser,Active,https://www.sebi.gov.in,2026-10-03,false
INA000023171,FINVISION FINANCIAL SERVICES PRIVATE LIMITED,Investment Adviser,Active,https://www.sebi.gov.in,2026-10-03,false
INA000023180,Neil Jignesh Shah,Investment Adviser,Active,https://www.sebi.gov.in,2026-10-03,false
INA000023199,Onza Financial Services Private Limited,Investment Adviser,Active,https://www.sebi.gov.in,2026-10-03,false
INA000023205,GURURAJA HEBBAR-PROPRIETOR-HEBBAR INVESTMENT ADVISORS,Investment Adviser,Active,https://www.sebi.gov.in,2026-10-03,false
INA000023214,Manjunatha Vishwanatha Mathihalli,Investment Adviser,Active,https://www.sebi.gov.in,2026-10-03,false
INA000023223,YB TECHNOLOGIES PRIVATE LIMITED,Investment Adviser,Active,https://www.sebi.gov.in,2026-10-03,false
INA000023232,A AND A Capital,Investment Adviser,Active,https://www.sebi.gov.in,2026-10-03,false
INA000023241,Siddharth Dwarkani Proprietor Laksh Sarthi Financials,Investment Adviser,Active,https://www.sebi.gov.in,2026-10-03,false
INA000023250,Farhan Elias,Investment Adviser,Active,https://www.sebi.gov.in,2026-10-03,false
INA000023269,Ayush Khandelwal Proprietor Vera Money,Investment Adviser,Active,https://www.sebi.gov.in,2026-10-03,false
INA000023278,TULSIDAS T SURYAWANSHI Proprietor saaRathi Investment Advisory Service,Investment Adviser,Active,https://www.sebi.gov.in,2026-10-03,false
INA000023287,XLFI VENTURES PRIVATE LIMITED,Investment Adviser,Active,https://www.sebi.gov.in,2026-10-03,false
INA000023296,Parth Pahuja Proprietor of Heuriska Investment Advisors,Investment Adviser,Active,https://www.sebi.gov.in,2026-10-03,false
INA000023302,JMD AARTHIQ PRIVATE LIMITED,Investment Adviser,Active,https://www.sebi.gov.in,2026-10-03,false
INA000023311,PRAKASH S,Investment Adviser,Active,https://www.sebi.gov.in,2026-10-03,false
INA000023320,Flowlabs Investment Advisors Private Limited,Investment Adviser,Active,https://www.sebi.gov.in,2026-10-03,false
INA000023339,Mintbyte Investment Services Private Limited,Investment Adviser,Active,https://www.sebi.gov.in,2026-10-03,false
INA000023348,Aastha Rathore Proprietor of Sky Line Capital Research,Investment Adviser,Active,https://www.sebi.gov.in,2026-10-03,false
INA100000051,AMIT KUKREJA,Investment Adviser,Active,https://www.sebi.gov.in,2026-10-03,false
INA100000184,JITENDRA PRATAP SINGH SOLANKI,Investment Adviser,Active,https://www.sebi.gov.in,2026-10-03,false
INA100001158,SH ANKUR JAIN,Investment Adviser,Active,https://www.sebi.gov.in,2026-10-03,false
INA100001398,BAJAJ CAPITAL INVESTMENT ADVISERS PRIVATE LIMITED,Investment Adviser,Active,https://www.sebi.gov.in,2026-10-03,false
INA100001406,SH ANKUR KAPUR,Investment Adviser,Active,https://www.sebi.gov.in,2026-10-03,false
INA100001877,SH SURESH KUMAR NARULA,Investment Adviser,Active,https://www.sebi.gov.in,2026-10-03,false
INA100001927,ARK PRIMARY ADVISORS PVT. LTD,Investment Adviser,Active,https://www.sebi.gov.in,2026-10-03,false
INA100002032,VALUEQUEST CAPITAL LLP,Investment Adviser,Active,https://www.sebi.gov.in,2026-10-03,false
INA100002438,INDRESH MALIK,Investment Adviser,Active,https://www.sebi.gov.in,2026-10-03,false
INA100002693,DEVERE GROUP INVESTMENT ADVISORS PVT LTD,Investment Adviser,Active,https://www.sebi.gov.in,2026-10-03,false
INA100002719,DEEPESH RAGHAW,Investment Adviser,Active,https://www.sebi.gov.in,2026-10-03,false
INA100003279,DEEPAK PARNAMI,Investment Adviser,Active,https://www.sebi.gov.in,2026-10-03,false
INA100003899,MADHUPAM KRISHNA,Investment Adviser,Active,https://www.sebi.gov.in,2026-10-03,false
INA100003949,PAISABAZAAR MARKETING AND CONSULTING PRIVATE LIMITED,Investment Adviser,Active,https://www.sebi.gov.in,2026-10-03,false
INA100004533,CHADHA INVESTMENT CONSULTANT PRIVATE LIMITED,Investment Adviser,Active,https://www.sebi.gov.in,2026-10-03,false
INA100004590,VAIBHAV BADJATYA,Investment Adviser,Active,https://www.sebi.gov.in,2026-10-03,false
INA100004608,RAJAT SHARMA (PROP SANA SECURITIES),Investment Adviser,Active,https://www.sebi.gov.in,2026-10-03,false
INA100004657,BHAROSA TECHNOSERVE PRIVATE LIMITED,Investment Adviser,Active,https://www.sebi.gov.in,2026-10-03,false
INA100004814,AVEEK MITRA,Investment Adviser,Active,https://www.sebi.gov.in,2026-10-03,false
INA100004871,BOX WEALTH PLANNERS AND INVESTMENT ADVISORS,Investment Adviser,Active,https://www.sebi.gov.in,2026-10-03,false
INA100005050,AAUM INVESTMENT ADVISERS PRIVATE LIMITED,Investment Adviser,Active,https://www.sebi.gov.in,2026-10-03,false
INA100005241,DEV ASHISH,Investment Adviser,Active,https://www.sebi.gov.in,2026-10-03,false
INA100006773,Rakesh,Investment Adviser,Active,https://www.sebi.gov.in,2026-10-03,false
INA100006898,Banayantree Services Limited,Investment Adviser,Active,https://www.sebi.gov.in,2026-10-03,false
INA100007675,Sapna Tiwari,Investment Adviser,Active,https://www.sebi.gov.in,2026-10-03,false
INA100007718,ENSURE WEALTH INVESTMENT ADVISER,Investment Adviser,Active,https://www.sebi.gov.in,2026-10-03,false
INA100007736,Multibagger Securities Research & Advisory Private Limited,Investment Adviser,Active,https://www.sebi.gov.in,2026-10-03,false
INA100008045,ABHISHEK KUMAR,Investment Adviser,Active,https://www.sebi.gov.in,2026-10-03,false
INA100008203,Taponeel Mukherjee,Investment Adviser,Active,https://www.sebi.gov.in,2026-10-03,false
INA100008425,Himanshu Mahajan,Investment Adviser,Active,https://www.sebi.gov.in,2026-10-03,false
INA100008443,Independent Advisors Private Limited,Investment Adviser,Active,https://www.sebi.gov.in,2026-10-03,false
INA100008771,prashant Dubey,Investment Adviser,Active,https://www.sebi.gov.in,2026-10-03,false
INA100009327,Rays Investment Adviser Private Limited,Investment Adviser,Active,https://www.sebi.gov.in,2026-10-03,false
INA100009381,Prashant Raghuwanshi Proprietor Investment Solution Providers,Investment Adviser,Active,https://www.sebi.gov.in,2026-10-03,false
INA100009460,Wealth Bridge Consultants Private Limited,Investment Adviser,Active,https://www.sebi.gov.in,2026-10-03,false
INA100009798,Gursimran Singh,Investment Adviser,Active,https://www.sebi.gov.in,2026-10-03,false
INA100010004,Sumit Kumar Singh,Investment Adviser,Active,https://www.sebi.gov.in,2026-10-03,false
INA100010147,jUPITERR TECHNOLOGIES,Investment Adviser,Active,https://www.sebi.gov.in,2026-10-03,false
INA100010305,KUSHAL BHATEJA PROPRIETOR OF FINCLIN INVESTMENT ADVISORS,Investment Adviser,Active,https://www.sebi.gov.in,2026-10-03,false
INA100010323,Ashim Sharma,Investment Adviser,Active,https://www.sebi.gov.in,2026-10-03,false
INA100010439,Anup Kalra,Investment Adviser,Active,https://www.sebi.gov.in,2026-10-03,false
INA100010660,Pioneer Client Associates Pvt Ltd,Investment Adviser,Active,https://www.sebi.gov.in,2026-10-03,false
INA100010837,Vinay Prakash Tiwari,Investment Adviser,Active,https://www.sebi.gov.in,2026-10-03,false
INA100010943,Puneet Saxena,Investment Adviser,Active,https://www.sebi.gov.in,2026-10-03,false
INA100010970,Neha Goel,Investment Adviser,Active,https://www.sebi.gov.in,2026-10-03,false
INA100011775,Sheikh Imran Uz Zaman,Investment Adviser,Active,https://www.sebi.gov.in,2026-10-03,false
INA100011988,GULSHAN KHERA,Investment Adviser,Active,https://www.sebi.gov.in,2026-10-03,false
INA100012075,nitin sood,Investment Adviser,Active,https://www.sebi.gov.in,2026-10-03,false
INA100012279,Aseem Sen Gupta,Investment Adviser,Active,https://www.sebi.gov.in,2026-10-03,false
INA100012570,Nidhi Tripathi Proprietor of The Tradebond,Investment Adviser,Active,https://www.sebi.gov.in,2026-10-03,false
INA100013205,SUMAN SHANDIL,Investment Adviser,Active,https://www.sebi.gov.in,2026-10-03,false
INA100013445,VARUN SURESH MALHOTRA,Investment Adviser,Active,https://www.sebi.gov.in,2026-10-03,false
INA100013649,Kundan Mishra,Investment Adviser,Active,https://www.sebi.gov.in,2026-10-03,false
INA100013700,Robins Joseph,Investment Adviser,Active,https://www.sebi.gov.in,2026-10-03,false
INA100013861,Raman Kumar Verma,Investment Adviser,Active,https://www.sebi.gov.in,2026-10-03,false
INA100014055,Arpit Goel,Investment Adviser,Active,https://www.sebi.gov.in,2026-10-03,false
INA100014426,GAURAV GOEL,Investment Adviser,Active,https://www.sebi.gov.in,2026-10-03,false
INA100014569,KRISTAL ADVISORS PRIVATE LIMITED,Investment Adviser,Active,https://www.sebi.gov.in,2026-10-03,false
INA100014578,PRP Professional Edge Associates Private Limited,Investment Adviser,Active,https://www.sebi.gov.in,2026-10-03,false
INA100014648,BOWHEAD INVESTMENT ADVISORS PRIVATE LIMITED,Investment Adviser,Active,https://www.sebi.gov.in,2026-10-03,false
INA100014879,Clovek Wealth Management Private Limited,Investment Adviser,Active,https://www.sebi.gov.in,2026-10-03,false
INA100015115,MODULOR ADVISORY SERVICES PRIVATE LIMITED,Investment Adviser,Active,https://www.sebi.gov.in,2026-10-03,false
INA100015151,CANDURA INVESTMENT ADVISORS,Investment Adviser,Active,https://www.sebi.gov.in,2026-10-03,false
INA100015869,Prospurts Consulco Private Limited,Investment Adviser,Active,https://www.sebi.gov.in,2026-10-03,false
INA100016327,Vinny Arora (Prop. Money vs Me),Investment Adviser,Active,https://www.sebi.gov.in,2026-10-03,false
INA100016363,BRIGHTER MIND EQUITY ADVISOR PRIVATE LIMITED,Investment Adviser,Active,https://www.sebi.gov.in,2026-10-03,false
INA100016390,Alpha Capital,Investment Adviser,Active,https://www.sebi.gov.in,2026-10-03,false
INA100016406,Shruti Agrawal Proprietor of CAGRWEALTH,Investment Adviser,Active,https://www.sebi.gov.in,2026-10-03,false
INA100016752,Peeyush Kumar,Investment Adviser,Active,https://www.sebi.gov.in,2026-10-03,false
INA100016956,MRA INVESTMENT ADVISORS PRIVATE LIMITED,Investment Adviser,Active,https://www.sebi.gov.in,2026-10-03,false
INA100017089,TRUEMIND INVESTMENT ADVISER PRIVATE LIMITED,Investment Adviser,Active,https://www.sebi.gov.in,2026-10-03,false
INA100017186,"Manish Gupta, proprietor of M/s Equinox Investment Advisors",Investment Adviser,Active,https://www.sebi.gov.in,2026-10-03,false
INA200000027,SENSAGE FINANCIAL SERVICES PRIVATE LIMITED,Investment Adviser,Active,https://www.sebi.gov.in,2026-10-03,false
INA200000175,AROHA CAPITAL PRIVATE LTD,Investment Adviser,Active,https://www.sebi.gov.in,2026-10-03,false
INA200000316,VIVEKAM FINANCIAL SERVICES PRIVATE LIMITED,Investment Adviser,Active,https://www.sebi.gov.in,2026-10-03,false
INA200000365,29K INVESTMENT ADVISERS PRIVATE LTD,Investment Adviser,Active,https://www.sebi.gov.in,2026-10-03,false
INA200000571,Mercer Wealth India Private Limited,Investment Adviser,Active,https://www.sebi.gov.in,2026-10-03,false
INA200000589,RENU MAHESHWARI,Investment Adviser,Active,https://www.sebi.gov.in,2026-10-03,false
INA200000753,CASPIAN IMPACT INVESTMENT ADVISER PRIVATE LIMITED,Investment Adviser,Active,https://www.sebi.gov.in,2026-10-03,false
INA200000910,ABUBAKR SIDDIQUE. A.G.,Investment Adviser,Active,https://www.sebi.gov.in,2026-10-03,false
INA200001041,Scripbox Wealth Managers Private Limited,Investment Adviser,Active,https://www.sebi.gov.in,2026-10-03,false
INA200001231,"Maxie Jose (Sole Proprietor), Affluenz Wealth Advisors",Investment Adviser,Active,https://www.sebi.gov.in,2026-10-03,false
INA200001249,AKSHAYA WEALTH MANAGEMENT PRIVATE LTD,Investment Adviser,Active,https://www.sebi.gov.in,2026-10-03,false
INA200001330,WEALTH MANAGERS UNITED (INDIA) PRIVATE LTD,Investment Adviser,Active,https://www.sebi.gov.in,2026-10-03,false
INA200001702,HEXAGON CAPITAL ADVISORS PRIVATE LTD,Investment Adviser,Active,https://www.sebi.gov.in,2026-10-03,false
INA200002189,SATISH RAJAN N,Investment Adviser,Active,https://www.sebi.gov.in,2026-10-03,false
INA200002239,DILZER CONSULTANTS PRIVATE LTD,Investment Adviser,Active,https://www.sebi.gov.in,2026-10-03,false
INA200002361,MAHESH B PUTTAMADAPPA,Investment Adviser,Active,https://www.sebi.gov.in,2026-10-03,false
INA200002387,FINATWORK INVESTMENT ADVISOR,Investment Adviser,Active,https://www.sebi.gov.in,2026-10-03,false
INA200002429,WEALTH INDIA FINANCIAL SERVICES PVT. LTD,Investment Adviser,Active,https://www.sebi.gov.in,2026-10-03,false
INA200002544,SNOWBALL CAPITAL INVESTMENT ADVISORS LLP,Investment Adviser,Active,https://www.sebi.gov.in,2026-10-03,false
INA200002601,RIGHT HORIZONS INVESTMENT ADVISORY SERVICES PRIVATE LTD,Investment Adviser,Active,https://www.sebi.gov.in,2026-10-03,false
INA200002817,GEOJIT FINANCIAL SERVICES LIMITED,Investment Adviser,Active,https://www.sebi.gov.in,2026-10-03,false
INA200004177,SINHASI CONSULTANTS PVT LTD,Investment Adviser,Active,https://www.sebi.gov.in,2026-10-03,false
INA200004201,ENTRUST FAMILY OFFICE INVESTMENT ADVISORS PVT. LTD.,Investment Adviser,Active,https://www.sebi.gov.in,2026-10-03,false
INA200004284,PHI CAPITAL SERVICES LLP,Investment Adviser,Active,https://www.sebi.gov.in,2026-10-03,false
INA200004300,OYEPAISA CONSULTING PRIVATE LIMITED,Investment Adviser,Active,https://www.sebi.gov.in,2026-10-03,false
INA200004482,SHRI RAJU R J,Investment Adviser,Active,https://www.sebi.gov.in,2026-10-03,false
INA200005109,Bharat Jain (Proprietor of Manthan Research and Advisory),Investment Adviser,Active,https://www.sebi.gov.in,2026-10-03,false
INA200005125,WILLIAM O NEIL INDIA PRIVATE LIMITED,Investment Adviser,Active,https://www.sebi.gov.in,2026-10-03,false
INA200005141,BESTPALS RESEARCH & ADVISORY LLP,Investment Adviser,Active,https://www.sebi.gov.in,2026-10-03,false
INA200005158,NISHITH. B,Investment Adviser,Active,https://www.sebi.gov.in,2026-10-03,false
INA200005166,Arevuk Advisory Services Private Limited,Investment Adviser,Active,https://www.sebi.gov.in,2026-10-03,false
INA200005315,SUDHINDRA HOSKOTE KRISHNACHAR,Investment Adviser,Active,https://www.sebi.gov.in,2026-10-03,false
INA200005323,Finwizard Technology Private Limited,Investment Adviser,Active,https://www.sebi.gov.in,2026-10-03,false
INA200005380,GUARDIAN CAPITAL INVESTMENT ADVISORS PRIVATE LIMITED,Investment Adviser,Active,https://www.sebi.gov.in,2026-10-03,false
INA200006594,CHEKURI SUBBARAJU,Investment Adviser,Active,https://www.sebi.gov.in,2026-10-03,false
INA200006628,RightFocus Investments Pvt Ltd.,Investment Adviser,Active,https://www.sebi.gov.in,2026-10-03,false
INA200006910,Valuegrow Investment Advisors Private Limited,Investment Adviser,Active,https://www.sebi.gov.in,2026-10-03,false
INA200007043,PeakAlpha Investment Services Pvt Ltd,Investment Adviser,Active,https://www.sebi.gov.in,2026-10-03,false
INA200007159,WSIM Investment Advisors,Investment Adviser,Active,https://www.sebi.gov.in,2026-10-03,false
INA200007177,SRINIVASAN SUBRAMANIAN,Investment Adviser,Active,https://www.sebi.gov.in,2026-10-03,false
INA200007265,HEDGELOOP TECHNOLOGIES PVT LTD,Investment Adviser,Active,https://www.sebi.gov.in,2026-10-03,false
INA200007371,SRIKANTH UDAYAGIRI,Investment Adviser,Active,https://www.sebi.gov.in,2026-10-03,false
INA200007450,Zvest Financial Services LLP,Investment Adviser,Active,https://www.sebi.gov.in,2026-10-03,false
INA200007645,ASCENT CAPITAL ADVISORS INDIA PRIVATE LIMITED,Investment Adviser,Active,https://www.sebi.gov.in,2026-10-03,false
INA200007690,TAVASYA CAPITAL PRIVATE LIMITED,Investment Adviser,Active,https://www.sebi.gov.in,2026-10-03,false
INA200007779,NINEBARK ADVISORS PRIVATE LIMITED,Investment Adviser,Active,https://www.sebi.gov.in,2026-10-03,false
INA200008291,90-10 Financial Planners Pvt Ltd,Investment Adviser,Active,https://www.sebi.gov.in,2026-10-03,false
INA200008389,mohammed yusuf gaffoor,Investment Adviser,Active,https://www.sebi.gov.in,2026-10-03,false
INA200008592,Brijesh Vappala,Investment Adviser,Active,https://www.sebi.gov.in,2026-10-03,false
INA200008705,SUCCINCT FINTECH SERVICES PRIVATE LIMITED,Investment Adviser,Active,https://www.sebi.gov.in,2026-10-03,false
INA200009050,Suda Bhanu Prasad,Investment Adviser,Active,https://www.sebi.gov.in,2026-10-03,false
INA200009120,Monica Vikram Malkani,Investment Adviser,Active,https://www.sebi.gov.in,2026-10-03,false
INA200009573,Jose Varkey Naduthottam,Investment Adviser,Active,https://www.sebi.gov.in,2026-10-03,false
INA200009582,Ratnasri Karra,Investment Adviser,Active,https://www.sebi.gov.in,2026-10-03,false
INA200009874,KALEIDOFIN PRIVATE LIMITED,Investment Adviser,Active,https://www.sebi.gov.in,2026-10-03,false
INA200010393,Sajjan Kumar,Investment Adviser,Active,https://www.sebi.gov.in,2026-10-03,false
INA200010676,International Money Matters Private Limited,Investment Adviser,Active,https://www.sebi.gov.in,2026-10-03,false
INA200010904,PENAGALURU VENKATA RAVITEJA,Investment Adviser,Active,https://www.sebi.gov.in,2026-10-03,false
INA200010986,Sudheer M,Investment Adviser,Active,https://www.sebi.gov.in,2026-10-03,false
INA200011046,Moneybloom Advisory Services LLP,Investment Adviser,Active,https://www.sebi.gov.in,2026-10-03,false
INA200011125,AVINASH KHATOO LUTHRIA,Investment Adviser,Active,https://www.sebi.gov.in,2026-10-03,false
INA200011240,Narayan Kamath Kandel Proprietor of Finplifi Financial Planners and Consultants,Investment Adviser,Active,https://www.sebi.gov.in,2026-10-03,false
INA200011268,Finshield Investment Advisors,Investment Adviser,Active,https://www.sebi.gov.in,2026-10-03,false
INA200011365,Qovar Advisors Private Limited,Investment Adviser,Active,https://www.sebi.gov.in,2026-10-03,false
INA200011392,VIJAYA GOWRI MULAKALA,Investment Adviser,Active,https://www.sebi.gov.in,2026-10-03,false
INA200011666,Revathi Priya Balraj,Investment Adviser,Active,https://www.sebi.gov.in,2026-10-03,false
INA200011684,Upasana Mondal,Investment Adviser,Active,https://www.sebi.gov.in,2026-10-03,false
INA200011736,Aditya Govindaraj,Investment Adviser,Active,https://www.sebi.gov.in,2026-10-03,false
INA200011976,Sriram Jayaraman,Investment Adviser,Active,https://www.sebi.gov.in,2026-10-03,false
INA200012009,SHASHI KUMAR SINGH,Investment Adviser,Active,https://www.sebi.gov.in,2026-10-03,false
INA200012203,PRAMOD KANIPAKAM,Investment Adviser,Active,https://www.sebi.gov.in,2026-10-03,false
INA200012425,Shree Sidvin Investment Advisors Pvt Ltd,Investment Adviser,Active,https://www.sebi.gov.in,2026-10-03,false
INA200012568,Ankhonia Advisors Pvt. Ltd.,Investment Adviser,Active,https://www.sebi.gov.in,2026-10-03,false
INA200012601,Svobodha Infinity Investment Advisors Pvt. Ltd.,Investment Adviser,Active,https://www.sebi.gov.in,2026-10-03,false
INA200012674,BUGLEROCK BHUVI INVESTMENT ADVISERS PRIVATE LIMITED,Investment Adviser,Active,https://www.sebi.gov.in,2026-10-03,false
INA200013017,M/s Cycas Investment Advisers,Investment Adviser,Active,https://www.sebi.gov.in,2026-10-03,false
INA200013099,SUMIT KUMAR WAGHMARE,Investment Adviser,Active,https://www.sebi.gov.in,2026-10-03,false
INA200013132,SriNivesh Advisors,Investment Adviser,Active,https://www.sebi.gov.in,2026-10-03,false
INA200013284,Pari Washington Company Advisors Private Limited,Investment Adviser,Active,https://www.sebi.gov.in,2026-10-03,false
INA200013503,J Satheesh Kannan,Investment Adviser,Active,https://www.sebi.gov.in,2026-10-03,false
INA200013594,VIJAY DUTT VEMALA,Investment Adviser,Active,https://www.sebi.gov.in,2026-10-03,false
INA200013761,LEKH RAM,Investment Adviser,Active,https://www.sebi.gov.in,2026-10-03,false
INA200013798,Flameback Capital Private Limited,Investment Adviser,Active,https://www.sebi.gov.in,2026-10-03,false
INA200013886,AGNAM ADVISORS LLP,Investment Adviser,Active,https://www.sebi.gov.in,2026-10-03,false
INA200013983,Ravi Saraogi,Investment Adviser,Active,https://www.sebi.gov.in,2026-10-03,false
INA200013992,MANU CHHABRA,Investment Adviser,Active,https://www.sebi.gov.in,2026-10-03,false
INA200014016,VASISTH CAPITAL PRIVATE LIMITED,Investment Adviser,Active,https://www.sebi.gov.in,2026-10-03,false
INA200014043,INCOFIN INDIA INVESTMENT MANAGEMENT PRIVATE LIMITED,Investment Adviser,Active,https://www.sebi.gov.in,2026-10-03,false
INA200014061,Creaegis Investment Advisers Private Limited,Investment Adviser,Active,https://www.sebi.gov.in,2026-10-03,false
INA200014186,Kivah Advisors,Investment Adviser,Active,https://www.sebi.gov.in,2026-10-03,false
INA200014195,Griffin Family Office,Investment Adviser,Active,https://www.sebi.gov.in,2026-10-03,false
INA200014247,SHREEM DATATECH SOLUTIONS PRIVATE LIMITED,Investment Adviser,Active,https://www.sebi.gov.in,2026-10-03,false
INA200014283,Growthlift Investment Advisories Pvt Ltd,Investment Adviser,Active,https://www.sebi.gov.in,2026-10-03,false
INA200014292,DUDEKULA HASAN CHAITHANYA,Investment Adviser,Active,https://www.sebi.gov.in,2026-10-03,false
INA200014353,Sathyamoorthy N,Investment Adviser,Active,https://www.sebi.gov.in,2026-10-03,false
INA200014548,Unien Capital Advisors Private Limited,Investment Adviser,Active,https://www.sebi.gov.in,2026-10-03,false
INA200014557,RS Capfin Investment and Finance,Investment Adviser,Active,https://www.sebi.gov.in,2026-10-03,false
INA200014672,Mr. K Akshay Nayak,Investment Adviser,Active,https://www.sebi.gov.in,2026-10-03,false
INA200014681,Multipl Wealth Management Private Limited,Investment Adviser,Active,https://www.sebi.gov.in,2026-10-03,false
INA200014706,Altinvest Capital Advisors Private Limited,Investment Adviser,Active,https://www.sebi.gov.in,2026-10-03,false
INA200014715,VARDHARAJAN M,Investment Adviser,Active,https://www.sebi.gov.in,2026-10-03,false
INA200014724,Chethan Dhruva,Investment Adviser,Active,https://www.sebi.gov.in,2026-10-03,false
INA200014900,FINMO INVESTMENTS ADVISORS PRIVATE LIMITED,Investment Adviser,Active,https://www.sebi.gov.in,2026-10-03,false
INA200014982,Suhas Suresh Shetiya,Investment Adviser,Active,https://www.sebi.gov.in,2026-10-03,false
INA200015088,Shomesh Kumar,Investment Adviser,Active,https://www.sebi.gov.in,2026-10-03,false
INA200015176,TEJASWI SANGA,Investment Adviser,Active,https://www.sebi.gov.in,2026-10-03,false
INA200015219,KARAT CAPITAL ADVISORS PRIVATE LIMITED,Investment Adviser,Active,https://www.sebi.gov.in,2026-10-03,false
INA200015246,VINAYAK SAVANUR,Investment Adviser,Active,https://www.sebi.gov.in,2026-10-03,false
INA200015592,Right Alpha Capital Private Limited,Investment Adviser,Active,https://www.sebi.gov.in,2026-10-03,false
INA200015671,ASSETZ PREMIER WEALTH ADVISORY PVT LTD,Investment Adviser,Active,https://www.sebi.gov.in,2026-10-03,false
INA200015732,Insightful,Investment Adviser,Active,https://www.sebi.gov.in,2026-10-03,false
INA200015787,PUNIT M SETHIA,Investment Adviser,Active,https://www.sebi.gov.in,2026-10-03,false
INA200015857,InvestAscent Wealth Advisors Private Limited,Investment Adviser,Active,https://www.sebi.gov.in,2026-10-03,false
INA200016096,Quinstinct Advisory Private Ltd,Investment Adviser,Active,https://www.sebi.gov.in,2026-10-03,false
INA200016281,Ganesh Jayaraman,Investment Adviser,Active,https://www.sebi.gov.in,2026-10-03,false
INA200016412,Prashanth Sekhar,Investment Adviser,Active,https://www.sebi.gov.in,2026-10-03,false
INA200016555,ARUN KUMAR MANTRI,Investment Adviser,Active,https://www.sebi.gov.in,2026-10-03,false
INA200016564,UPWISERY ADVISORS LLP,Investment Adviser,Active,https://www.sebi.gov.in,2026-10-03,false
INA200016573,Multiplyy Investment Advisors LLP,Investment Adviser,Active,https://www.sebi.gov.in,2026-10-03,false
INA200016856,Induswealth Advisors,Investment Adviser,Active,https://www.sebi.gov.in,2026-10-03,false
INA200016892,PURPLEPOND FINANCIAL PLANNERS PRIVATE LIMITED,Investment Adviser,Active,https://www.sebi.gov.in,2026-10-03,false
INA200016917,Lookinglaz Technologies LLP,Investment Adviser,Active,https://www.sebi.gov.in,2026-10-03,false
INA200017022,Elystar Investment Management Private Limited,Investment Adviser,Active,https://www.sebi.gov.in,2026-10-03,false
INA200017077,Manoj Thankamma Sasidharan,Investment Adviser,Active,https://www.sebi.gov.in,2026-10-03,false
INA300000984,Sanjay Roy (Proprietor of InvestEdge Consulting),Investment Adviser,Active,https://www.sebi.gov.in,2026-10-03,false
INA300002022,DYNAMIC EQUITIES PVT. LTD.,Investment Adviser,Active,https://www.sebi.gov.in,2026-10-03,false
INA300002857,STEP AHEAD INVESTMENT ADVISORS PVT. LTD.,Investment Adviser,Active,https://www.sebi.gov.in,2026-10-03,false
INA300003616,RAHUL AGARWAL (PROPRIETOR OF ADVENT FINANCIAL),Investment Adviser,Active,https://www.sebi.gov.in,2026-10-03,false
INA300003772,LAMRON ANALYSTS PVT LTD,Investment Adviser,Active,https://www.sebi.gov.in,2026-10-03,false
INA300004267,RIMA RAJIV VASA,Investment Adviser,Active,https://www.sebi.gov.in,2026-10-03,false
INA300004838,MRS. SONAL SAKUNIA,Investment Adviser,Active,https://www.sebi.gov.in,2026-10-03,false
INA300004853,ANKUR CHOUDHARY,Investment Adviser,Active,https://www.sebi.gov.in,2026-10-03,false
INA300005439,NARNOLIA INVESTMENT ADVISORS PRIVATE LIMITED,Investment Adviser,Active,https://www.sebi.gov.in,2026-10-03,false
INA300005835,DIBYAJIT SAHA,Investment Adviser,Active,https://www.sebi.gov.in,2026-10-03,false
INA300008614,Biswarup Sinha Ray,Investment Adviser,Active,https://www.sebi.gov.in,2026-10-03,false
INA300009312,KUNJ AGARWAL,Investment Adviser,Active,https://www.sebi.gov.in,2026-10-03,false
INA300011609,ARIJIT MAZUMDAR,Investment Adviser,Active,https://www.sebi.gov.in,2026-10-03,false
INA300011636,Vishal Shekhar,Investment Adviser,Active,https://www.sebi.gov.in,2026-10-03,false
INA300011885,Neeraj Kumar,Investment Adviser,Active,https://www.sebi.gov.in,2026-10-03,false
INA300012316,Bhargav Bujarbaruah,Investment Adviser,Active,https://www.sebi.gov.in,2026-10-03,false
INA300012723,Arijit Sen,Investment Adviser,Active,https://www.sebi.gov.in,2026-10-03,false
INA300015207,PRASOON KUMAR,Investment Adviser,Active,https://www.sebi.gov.in,2026-10-03,false
INA300015641,Mintbox Advisory LLP,Investment Adviser,Active,https://www.sebi.gov.in,2026-10-03,false
INA300016695,SOMRAJ DUTTA,Investment Adviser,Active,https://www.sebi.gov.in,2026-10-03,false
INA300016701,DAYCO SECURITIES PVT LTD,Investment Adviser,Active,https://www.sebi.gov.in,2026-10-03,false
INA300016738,Ginteja Fintech Private Limited,Investment Adviser,Active,https://www.sebi.gov.in,2026-10-03,false
INA300016862,GAURAV JAIN,Investment Adviser,Active,https://www.sebi.gov.in,2026-10-03,false
INA300016871,SUMAN TIWARI,Investment Adviser,Active,https://www.sebi.gov.in,2026-10-03,false
INA300016969,Elbee Investment Advisors Private Limited,Investment Adviser,Active,https://www.sebi.gov.in,2026-10-03,false
INA300017162,Cashvisory Pvt. Ltd.,Investment Adviser,Active,https://www.sebi.gov.in,2026-10-03,false
INAIFSC10001,Aavishkaar Investment Advisers IFSC Private Limited,Investment Adviser,Active,https://www.sebi.gov.in,2026-10-03,false
INP000000004,SAMPLE PORTFOLIO MANAGERS (DEMO),Portfolio Manager,Active,https://www.sebi.gov.in,2026-03-01,true
INP000000187,QUANTUM ADVISORS PVT.LTD.,Portfolio Manager,Active,https://www.sebi.gov.in,2026-10-03,false
INP000000209,IDBI CAPITAL MARKET SERVICES LTD,Portfolio Manager,Active,https://www.sebi.gov.in,2026-10-03,false
INP000000225,ENAM ASSET MANAGEMENT CO.PVT.LTD,Portfolio Manager,Active,https://www.sebi.gov.in,2026-10-03,false
INP000000241,PARAG PARIKH FINANCIAL ADVISORY SERVICES LIMITED,Portfolio Manager,Active,https://www.sebi.gov.in,2026-10-03,false
INP000000258,KOTAK SECURITIES LTD,Portfolio Manager,Active,https://www.sebi.gov.in,2026-10-03,false
INP000000282,ANAND RATHI ADVISORS LIMITED,Portfolio Manager,Active,https://www.sebi.gov.in,2026-10-03,false
INP000000340,KHANDWALA SECURITIES LTD,Portfolio Manager,Active,https://www.sebi.gov.in,2026-10-03,false
INP000000365,ALCHEMY CAPITAL MANAGEMENT PRIVATE LTD,Portfolio Manager,Active,https://www.sebi.gov.in,2026-10-03,false
INP000000373,ICICI PRUDENTIAL ASSET MANAGEMENT COMPANY LTD.,Portfolio Manager,Active,https://www.sebi.gov.in,2026-10-03,false
INP000000431,DARASHAW & COMPANY LTD,Portfolio Manager,Active,https://www.sebi.gov.in,2026-10-03,false
INP000000464,FRANKLIN TEMPLETON ASSET MANAGEMENT (INDIA) PRIVATE LIMITED,Portfolio Manager,Active,https://www.sebi.gov.in,2026-10-03,false
INP000000506,HDFC ASSET MANAGEMENT COMPANY LIMITED,Portfolio Manager,Active,https://www.sebi.gov.in,2026-10-03,false
INP000000530,ATLAS INTEGRATED FINANCE LTD,Portfolio Manager,Active,https://www.sebi.gov.in,2026-10-03,false
INP000000597,Aditya Birla Sun Life AMC Limited,Portfolio Manager,Active,https://www.sebi.gov.in,2026-10-03,false
INP000000613,UNIFI CAPITAL PRIVATE LIMITED,Portfolio Manager,Active,https://www.sebi.gov.in,2026-10-03,false
INP000000654,AXIS SECURITIES LIMITED,Portfolio Manager,Active,https://www.sebi.gov.in,2026-10-03,false
INP000000670,MOTILAL OSWAL ASSET MANAGEMENT COMPANY LIMITED,Portfolio Manager,Active,https://www.sebi.gov.in,2026-10-03,false
INP000000787,EQUITY INTELLIGENCE INDIA PVT. LTD.,Portfolio Manager,Active,https://www.sebi.gov.in,2026-10-03,false
INP000000795,THE HONGKONG AND SHANGHAI BANKING CORPOR,Portfolio Manager,Active,https://www.sebi.gov.in,2026-10-03,false
INP000000829,Shriram Financial Services Private Limited,Portfolio Manager,Active,https://www.sebi.gov.in,2026-10-03,false
INP000000837,KOTAK MAHINDRA ASSET MANAGEMENT COMPANY LTD,Portfolio Manager,Active,https://www.sebi.gov.in,2026-10-03,false
INP000000852,SBI FUNDS MANAGEMENT LIMITED,Portfolio Manager,Active,https://www.sebi.gov.in,2026-10-03,false
INP000000860,UTI ASSET MANAGEMENT COMPANY PVT LTD,Portfolio Manager,Active,https://www.sebi.gov.in,2026-10-03,false
INP000000910,BELLWETHER CAPITAL PRIVATE LIMITED,Portfolio Manager,Active,https://www.sebi.gov.in,2026-10-03,false
INP000000936,ZEN WEALTH MANAGEMENT SERVICES LIMITED,Portfolio Manager,Active,https://www.sebi.gov.in,2026-10-03,false
INP000000985,BONANZA PORTFOLIO LIMITED,Portfolio Manager,Active,https://www.sebi.gov.in,2026-10-03,false
INP000000993,JEETAY INVESTMENTS PVT LTD,Portfolio Manager,Active,https://www.sebi.gov.in,2026-10-03,false
INP000001041,KB CAPITAL MARKETS PVT. LTD.,Portfolio Manager,Active,https://www.sebi.gov.in,2026-10-03,false
INP000001058,Tata Asset Management Private Limited,Portfolio Manager,Active,https://www.sebi.gov.in,2026-10-03,false
INP000001066,CAPSTOCKS AND SECURITIES (INDIA) PRIVATE,Portfolio Manager,Active,https://www.sebi.gov.in,2026-10-03,false
INP000001173,BANYAN TREE ADVISORS PRIVATE LIMITED,Portfolio Manager,Active,https://www.sebi.gov.in,2026-10-03,false
INP000001199,CHONA FINANCIAL SERVICES LTD,Portfolio Manager,Active,https://www.sebi.gov.in,2026-10-03,false
INP000001215,JANAK MERCHANT SECURITIES PVT LTD,Portfolio Manager,Active,https://www.sebi.gov.in,2026-10-03,false
INP000001223,KARMA CAPITAL ADVISORS PVT. LTD.,Portfolio Manager,Active,https://www.sebi.gov.in,2026-10-03,false
INP000001322,HSBC ASSET MANAGEMENT (INDIA) PVT. LTD.,Portfolio Manager,Active,https://www.sebi.gov.in,2026-10-03,false
INP000001389,OHM PORTFOLIO EQUI RESEARCH PVT LTD.,Portfolio Manager,Active,https://www.sebi.gov.in,2026-10-03,false
INP000001413,MIV INVESTMENT SERVICES PVT. LTD.,Portfolio Manager,Active,https://www.sebi.gov.in,2026-10-03,false
INP000001447,MILLENNIUM FINANCE LTD.,Portfolio Manager,Active,https://www.sebi.gov.in,2026-10-03,false
INP000001546,ANGEL ONE LIMITED,Portfolio Manager,Active,https://www.sebi.gov.in,2026-10-03,false
INP000001637,MASTER PORTFOLIO SERVICES LTD,Portfolio Manager,Active,https://www.sebi.gov.in,2026-10-03,false
INP000001660,Wealth Managers India Private Limited,Portfolio Manager,Active,https://www.sebi.gov.in,2026-10-03,false
INP000001819,GUARDIAN ADVISORS PVT LTD,Portfolio Manager,Active,https://www.sebi.gov.in,2026-10-03,false
INP000001843,TRUST INVESTMENT ADVISORS PVT. LTD.,Portfolio Manager,Active,https://www.sebi.gov.in,2026-10-03,false
INP000001892,INDSEC SECURITIES AND FINANCE LTD.,Portfolio Manager,Active,https://www.sebi.gov.in,2026-10-03,false
INP000001959,MONEYBEE SECURITIES PRIVATE LIMITED,Portfolio Manager,Active,https://www.sebi.gov.in,2026-10-03,false
INP000001975,DALAL & BROACHA STOCK BROKING PVT. LTD.,Portfolio Manager,Active,https://www.sebi.gov.in,2026-10-03,false
INP000002130,IMPETUS ARTHASUTRA PRIVATE LIMITED,Portfolio Manager,Active,https://www.sebi.gov.in,2026-10-03,false
INP000002163,ELIXIR EQUITIES PVT. LTD.,Portfolio Manager,Active,https://www.sebi.gov.in,2026-10-03,false
INP000002254,TRUSTLINE HOLDING PVT. LTD.,Portfolio Manager,Active,https://www.sebi.gov.in,2026-10-03,false
INP000002338,P.C.S SECURITIES LIMITED,Portfolio Manager,Active,https://www.sebi.gov.in,2026-10-03,false
INP000002353,RELIANCE WEALTH MANAGEMENT LIMITED,Portfolio Manager,Active,https://www.sebi.gov.in,2026-10-03,false
INP000002361,GLOBE CAPITAL MARKET LTD.,Portfolio Manager,Active,https://www.sebi.gov.in,2026-10-03,false
INP000002437,ALLEGRO SECURITIES PRIVATE LIMITED,Portfolio Manager,Active,https://www.sebi.gov.in,2026-10-03,false
INP000002536,ASTUTE INVESTMENT MANAGEMENT PRIVATE LIMITED,Portfolio Manager,Active,https://www.sebi.gov.in,2026-10-03,false
INP000002585,BARCLAYS SECURITIES (INDIA) PRIVATE LIMITED,Portfolio Manager,Active,https://www.sebi.gov.in,2026-10-03,false
INP000002692,SYSTEMATIX SHARES AND STOCKS (INDIA) LIMITED,Portfolio Manager,Active,https://www.sebi.gov.in,2026-10-03,false
INP000002825,DEUTSCHE INVESTMENTS INDIA PRIVATE LIMITED,Portfolio Manager,Active,https://www.sebi.gov.in,2026-10-03,false
INP000002940,SECURITIES INVESTMENT MANAGEMENT PRIVATE LIMITED,Portfolio Manager,Active,https://www.sebi.gov.in,2026-10-03,false
INP000002965,MULTI-ACT EQUITY CONSULTANCY PVT LTD,Portfolio Manager,Active,https://www.sebi.gov.in,2026-10-03,false
INP000002981,NIRMAL BANG SECURITIES PRIVATE LIMITED,Portfolio Manager,Active,https://www.sebi.gov.in,2026-10-03,false
INP000003203,GEOJIT FINANCIAL SERVICES LIMITED,Portfolio Manager,Active,https://www.sebi.gov.in,2026-10-03,false
INP000003369,GIRIK WEALTH ADVISORS PRIVATE LIMITED,Portfolio Manager,Active,https://www.sebi.gov.in,2026-10-03,false
INP000003419,ALFACCURATE ADVISORS PVT. LTD.,Portfolio Manager,Active,https://www.sebi.gov.in,2026-10-03,false
INP000003468,DYNAMIC EQUITIES PRIVATE LIMITED,Portfolio Manager,Active,https://www.sebi.gov.in,2026-10-03,false
INP000003476,HEDGE EQUITIES LTD,Portfolio Manager,Active,https://www.sebi.gov.in,2026-10-03,false
INP000003518,NJ ASSET MANAGEMENT PRIVATE LIMITED,Portfolio Manager,Active,https://www.sebi.gov.in,2026-10-03,false
INP000003526,LABURNUM CAPITAL ADVISORS PRIVATE LIMITED,Portfolio Manager,Active,https://www.sebi.gov.in,2026-10-03,false
INP000003534,AXIS ASSET MANAGEMENT COMPANY LIMITED,Portfolio Manager,Active,https://www.sebi.gov.in,2026-10-03,false
INP000003542,STANDARD CHARTERED SECURITIES (INDIA) LIMITED,Portfolio Manager,Active,https://www.sebi.gov.in,2026-10-03,false
INP000003575,ENVISION CAPITAL SERVICES PVT.LTD.,Portfolio Manager,Active,https://www.sebi.gov.in,2026-10-03,false
INP000003658,CONSORTIUM SECURITIES PVT. LTD.,Portfolio Manager,Active,https://www.sebi.gov.in,2026-10-03,false
INP000003674,A. K. WEALTH MANAGEMENT PRIVATE LIMITED,Portfolio Manager,Active,https://www.sebi.gov.in,2026-10-03,false
INP000003716,Baroda BNP Paribas Asset Management India Private Limited,Portfolio Manager,Active,https://www.sebi.gov.in,2026-10-03,false
INP000003724,VALUEQUEST INVESTMENT ADVISORS PVT. LTD.,Portfolio Manager,Active,https://www.sebi.gov.in,2026-10-03,false
INP000003757,ADITYA BIRLA MONEY LIMITED,Portfolio Manager,Active,https://www.sebi.gov.in,2026-10-03,false
INP000003898,HARMONEY FINSERV INDIA PRIVATE LIMITED,Portfolio Manager,Active,https://www.sebi.gov.in,2026-10-03,false
INP000004003,REVELATION PORTFOLIO MANAGEMENT PVT. LTD.,Portfolio Manager,Active,https://www.sebi.gov.in,2026-10-03,false
INP000004045,R. WADIWALA SECURITIES PRIVATE LIMITED,Portfolio Manager,Active,https://www.sebi.gov.in,2026-10-03,false
INP000004060,ICICI SECURITIES LIMITED,Portfolio Manager,Active,https://www.sebi.gov.in,2026-10-03,false
INP000004094,VENTURA SECURITIES LIMITED,Portfolio Manager,Active,https://www.sebi.gov.in,2026-10-03,false
INP000004128,CARE PORTFOLIO MANAGERS PRIVATE LIMITED,Portfolio Manager,Active,https://www.sebi.gov.in,2026-10-03,false
INP000004169,NINE RIVERS CAPITAL HOLDINGS PRIVATE LIMITED,Portfolio Manager,Active,https://www.sebi.gov.in,2026-10-03,false
INP000004185,SHADE CAPITAL PRIVATE LIMITED,Portfolio Manager,Active,https://www.sebi.gov.in,2026-10-03,false
INP000004243,BANYAN CAPITAL ADVISORS LLP,Portfolio Manager,Active,https://www.sebi.gov.in,2026-10-03,false
INP000004268,TRUSTLINE SECURITIES LIMITED,Portfolio Manager,Active,https://www.sebi.gov.in,2026-10-03,false
INP000004318,SOLDIERS FIELD INVESTMENTS PRIVATE LIMITED,Portfolio Manager,Active,https://www.sebi.gov.in,2026-10-03,false
INP000004334,GHALLA BHANSALI STOCK BROKERS PRIVATE LIMITED,Portfolio Manager,Active,https://www.sebi.gov.in,2026-10-03,false
INP000004359,RIGHT HORIZONS PORTFOLIO MANAGEMENT PRIVATE LIMITED,Portfolio Manager,Active,https://www.sebi.gov.in,2026-10-03,false
INP000004409,MOTILAL OSWAL WEALTH LIMITED,Portfolio Manager,Active,https://www.sebi.gov.in,2026-10-03,false
INP000004417,AEQUITAS INVESTMENT CONSULTANCY PRIVATE LIMITED,Portfolio Manager,Active,https://www.sebi.gov.in,2026-10-03,false
INP000004433,PHILLIPCAPITAL (INDIA) PRIVATE LIMITED,Portfolio Manager,Active,https://www.sebi.gov.in,2026-10-03,false
INP000004441,PRITHVI FINMART PRIVATE LIMITED,Portfolio Manager,Active,https://www.sebi.gov.in,2026-10-03,false
INP000004458,EMKAY INVESTMENT MANAGERS LIMITED,Portfolio Manager,Active,https://www.sebi.gov.in,2026-10-03,false
INP000004466,TVS Capital Funds Private Limited,Portfolio Manager,Active,https://www.sebi.gov.in,2026-10-03,false
INP000004474,FIVE RIVERS PORTFOLIO MANAGERS PRIVATE LIMITED,Portfolio Manager,Active,https://www.sebi.gov.in,2026-10-03,false
INP000004482,MOAT FINANCIAL SERVICES PRIVATE LIMITED,Portfolio Manager,Active,https://www.sebi.gov.in,2026-10-03,false
INP000004490,TAURUS TREASURY MANAGEMENT SERVICES PRIVATE LIMITED,Portfolio Manager,Active,https://www.sebi.gov.in,2026-10-03,false
INP000004524,KARVY CAPITAL LIMITED,Portfolio Manager,Active,https://www.sebi.gov.in,2026-10-03,false
INP000004540,KUNVARJI FINSTOCK PRIVATE LIMITED,Portfolio Manager,Active,https://www.sebi.gov.in,2026-10-03,false
INP000004565,360 ONE Asset Management Limited,Portfolio Manager,Active,https://www.sebi.gov.in,2026-10-03,false
INP000004581,VAL-Q INVESTMENT ADVISORY PRIVATE LIMITED,Portfolio Manager,Active,https://www.sebi.gov.in,2026-10-03,false
INP000004599,AAROHAN HOLDINGS AND ADVISORS PRIVATE LIMITED,Portfolio Manager,Active,https://www.sebi.gov.in,2026-10-03,false
INP000004615,SIRIUS ADVISORS PRIVATE LIMITED,Portfolio Manager,Active,https://www.sebi.gov.in,2026-10-03,false
INP000004623,SMIFS LIMITED,Portfolio Manager,Active,https://www.sebi.gov.in,2026-10-03,false
INP000004631,EDELWEISS ASSET MANAGEMENT LIMITED,Portfolio Manager,Active,https://www.sebi.gov.in,2026-10-03,false
INP000004656,TRIVANTAGE CAPITAL MANAGMENT INDIA PRIVATE LIMITED,Portfolio Manager,Active,https://www.sebi.gov.in,2026-10-03,false
INP000004680,ASIAN MARKETS SECURITIES PRIVATE LIMITED,Portfolio Manager,Active,https://www.sebi.gov.in,2026-10-03,false
INP000004730,A C CHOKSI SHARE BROKERS PRIVATE LIMITED,Portfolio Manager,Active,https://www.sebi.gov.in,2026-10-03,false
INP000004748,SHEPHERDS HILL FINANCIAL ADVISORS LLP,Portfolio Manager,Active,https://www.sebi.gov.in,2026-10-03,false
INP000004771,ALDER CAPITAL ADVISORS LLP,Portfolio Manager,Active,https://www.sebi.gov.in,2026-10-03,false
INP000004813,INFINITY ALTERNATIVES INVESTMENT MANAGERS PRIVATE LIMITED,Portfolio Manager,Active,https://www.sebi.gov.in,2026-10-03,false
INP000004847,SAMVITTI CAPITAL PRIVATE LIMITED,Portfolio Manager,Active,https://www.sebi.gov.in,2026-10-03,false
INP000004854,ACEPRO ADVISORS PRIVATE LIMITED,Portfolio Manager,Active,https://www.sebi.gov.in,2026-10-03,false
INP000004870,DGS CAPITAL MANAGEMENT PRIVATE LIMITED,Portfolio Manager,Active,https://www.sebi.gov.in,2026-10-03,false
INP000004888,Oaks Asset Management Private Limited,Portfolio Manager,Active,https://www.sebi.gov.in,2026-10-03,false
INP000004904,ABCHLOR INVESTMENTS PRIVATE LIMITED,Portfolio Manager,Active,https://www.sebi.gov.in,2026-10-03,false
INP000004920,MO Alternate Investment Advisors Private Limited,Portfolio Manager,Active,https://www.sebi.gov.in,2026-10-03,false
INP000004946,BASANT MAHESHWARI WEALTH ADVISERS LLP,Portfolio Manager,Active,https://www.sebi.gov.in,2026-10-03,false
INP000004953,M/S JHP SECURITIES PRIVATE LIMITED,Portfolio Manager,Active,https://www.sebi.gov.in,2026-10-03,false
INP000004961,SOLIDARITY ADVISORS PRIVATE LIMITED,Portfolio Manager,Active,https://www.sebi.gov.in,2026-10-03,false
INP000004979,JAIN INVESTMENT ADVISORS PVT. LTD,Portfolio Manager,Active,https://www.sebi.gov.in,2026-10-03,false
INP000004987,KOTAK ALTERNATE ASSET MANAGERS LIMITED,Portfolio Manager,Active,https://www.sebi.gov.in,2026-10-03,false
INP000004995,SAMEEKSHA CAPITAL PRIVATE LIMITED,Portfolio Manager,Active,https://www.sebi.gov.in,2026-10-03,false
INP000005000,BUOYANT CAPITAL PRIVATE LIMITED,Portfolio Manager,Active,https://www.sebi.gov.in,2026-10-03,false
INP000005042,QUANT PORTFOLIO MANAGERS PRIVATE LIMITED,Portfolio Manager,Active,https://www.sebi.gov.in,2026-10-03,false
INP000005059,AMBIT INVESTMENT ADVISORS PRIVATE LIMITED,Portfolio Manager,Active,https://www.sebi.gov.in,2026-10-03,false
INP000005067,SANCTUM WEALTH PRIVATE LIMITED,Portfolio Manager,Active,https://www.sebi.gov.in,2026-10-03,false
INP000005075,QED CAPITAL ADVISORS LLP,Portfolio Manager,Active,https://www.sebi.gov.in,2026-10-03,false
INP000005117,MARFATIA STOCK BROKING PRIVATE LIMITED,Portfolio Manager,Active,https://www.sebi.gov.in,2026-10-03,false
INP000005125,VALENTIS ADVISORS PRIVATE LIMITED,Portfolio Manager,Active,https://www.sebi.gov.in,2026-10-03,false
INP000005133,TCG ADVISORY SERVICES PRIVATE LIMITED,Portfolio Manager,Active,https://www.sebi.gov.in,2026-10-03,false
INP000005166,SCIENT CAPITAL PRIVATE LIMITED,Portfolio Manager,Active,https://www.sebi.gov.in,2026-10-03,false
INP000005174,OLD BRIDGE CAPITAL MANAGEMENT PVT. LTD.,Portfolio Manager,Active,https://www.sebi.gov.in,2026-10-03,false
INP000005190,2POINT2 CAPITAL ADVISORS LLP,Portfolio Manager,Active,https://www.sebi.gov.in,2026-10-03,false
INP000005208,BAY CAPITAL INVESTMENT ADVISORS PRIVATE LIMITED,Portfolio Manager,Active,https://www.sebi.gov.in,2026-10-03,false
INP000005240,WEALTHBRIDGE CAPITAL ADVISORS PRIVATE LIMITED,Portfolio Manager,Active,https://www.sebi.gov.in,2026-10-03,false
INP000005257,AVENDUS WEALTH MANAGEMENT PRIVATE LTD,Portfolio Manager,Active,https://www.sebi.gov.in,2026-10-03,false
INP000005265,EKLAVYA CAPITAL ADVISORS LLP,Portfolio Manager,Active,https://www.sebi.gov.in,2026-10-03,false
INP000005273,Invesco Asset Management India Private Limited,Portfolio Manager,Active,https://www.sebi.gov.in,2026-10-03,false
INP000005281,VARANIUM CAPITAL ADVISORS PRIVATE LIMITED,Portfolio Manager,Active,https://www.sebi.gov.in,2026-10-03,false
INP000005299,LKP SECURITIES LTD,Portfolio Manager,Active,https://www.sebi.gov.in,2026-10-03,false
INP000005323,NEW BERRY CAPITALS PVT. LTD.,Portfolio Manager,Active,https://www.sebi.gov.in,2026-10-03,false
INP000005331,SAVVY CAPITAL ADVISORS LLP,Portfolio Manager,Active,https://www.sebi.gov.in,2026-10-03,false
INP000005349,ADROIT FINANCIAL SERVICES PRIVATE LIMITED,Portfolio Manager,Active,https://www.sebi.gov.in,2026-10-03,false
INP000005372,ESCORP ASSET MANAGEMENT LIMITED,Portfolio Manager,Active,https://www.sebi.gov.in,2026-10-03,false
INP000005380,CLUBMILLIONAIRE FINANCIAL SERVICES PRIVATE LIMITED,Portfolio Manager,Active,https://www.sebi.gov.in,2026-10-03,false
INP000005398,SEERS FUND MANAGEMENT PRIVATE LIMITED,Portfolio Manager,Active,https://www.sebi.gov.in,2026-10-03,false
INP000005414,NEGEN CAPITAL SERVICES PRIVATE LIMITED,Portfolio Manager,Active,https://www.sebi.gov.in,2026-10-03,false
INP000005422,PATERSON SECURITIES PRIVATE LTD,Portfolio Manager,Active,https://www.sebi.gov.in,2026-10-03,false
INP000005430,Buglerock Capital Private Limited,Portfolio Manager,Active,https://www.sebi.gov.in,2026-10-03,false
INP000005455,RENAISSANCE INVESTMENT MANAGERS PRIVATE LIMITED,Portfolio Manager,Active,https://www.sebi.gov.in,2026-10-03,false
INP000005713,ASK Property Investment Advisors Private Limited,Portfolio Manager,Active,https://www.sebi.gov.in,2026-10-03,false
INP000005722,Marathon Trends Advisory Private Limited,Portfolio Manager,Active,https://www.sebi.gov.in,2026-10-03,false
INP000005740,EUREKA PORTFOLIO MANAGEMENT SERVICES PVT LTD,Portfolio Manager,Active,https://www.sebi.gov.in,2026-10-03,false
INP000005759,SILVERARCH INVESTMENT ADVISERS PRIVATE LIMITED,Portfolio Manager,Active,https://www.sebi.gov.in,2026-10-03,false
INP000005777,Equitree Capital Advisors Private Limited,Portfolio Manager,Active,https://www.sebi.gov.in,2026-10-03,false
INP000005786,Sharekhan Limited,Portfolio Manager,Active,https://www.sebi.gov.in,2026-10-03,false
INP000005795,SYKES & RAY EQUITIES INDIA LIMITED,Portfolio Manager,Active,https://www.sebi.gov.in,2026-10-03,false
INP000005801,Asit C Mehta Investment Interrmediates Limited,Portfolio Manager,Active,https://www.sebi.gov.in,2026-10-03,false
INP000005810,Avestha Fund Management LLP,Portfolio Manager,Active,https://www.sebi.gov.in,2026-10-03,false
INP000005829,Green Lantern Capital LLP,Portfolio Manager,Active,https://www.sebi.gov.in,2026-10-03,false
INP000005838,TULSIAN PMS LIMITED,Portfolio Manager,Active,https://www.sebi.gov.in,2026-10-03,false
INP000005847,Capitalmind Financial Services Private Limited,Portfolio Manager,Active,https://www.sebi.gov.in,2026-10-03,false
INP000005874,360 ONE PORTFOLIO MANAGERS LIMITED,Portfolio Manager,Active,https://www.sebi.gov.in,2026-10-03,false
INP000005883,Pioneer Wealth Management Services Limited,Portfolio Manager,Active,https://www.sebi.gov.in,2026-10-03,false
INP000005892,QRC Investment Advisors LLP,Portfolio Manager,Active,https://www.sebi.gov.in,2026-10-03,false
INP000005944,DMZ Partners Investment Management LLP,Portfolio Manager,Active,https://www.sebi.gov.in,2026-10-03,false
INP000006022,GREEN PORTFOLIO PRIVATE LIMITED,Portfolio Manager,Active,https://www.sebi.gov.in,2026-10-03,false
INP000006031,Fort Capital Investment Advisory Private Limited,Portfolio Manager,Active,https://www.sebi.gov.in,2026-10-03,false
INP000006040,Chanakya Capital Services Private Limited,Portfolio Manager,Active,https://www.sebi.gov.in,2026-10-03,false
INP000006059,Monarch Networth Capital Limited,Portfolio Manager,Active,https://www.sebi.gov.in,2026-10-03,false
INP000006068,T.RAM FINANCIAL SERVICES PRIVATE LIMITED,Portfolio Manager,Active,https://www.sebi.gov.in,2026-10-03,false
INP000006077,Agreya Capital Advisors LLP,Portfolio Manager,Active,https://www.sebi.gov.in,2026-10-03,false
INP000006086,MICROSEC WEALTH MANAGEMENT LIMITED,Portfolio Manager,Active,https://www.sebi.gov.in,2026-10-03,false
INP000006101,AMPL Asset Management Private Limited,Portfolio Manager,Active,https://www.sebi.gov.in,2026-10-03,false
INP000006129,STALLION ASSET PRIVATE LIMITED,Portfolio Manager,Active,https://www.sebi.gov.in,2026-10-03,false
INP000006138,JOINDRE CAPITAL SERVICES LIMITED,Portfolio Manager,Active,https://www.sebi.gov.in,2026-10-03,false
INP000006147,CapGrow Capital Advisors LLP,Portfolio Manager,Active,https://www.sebi.gov.in,2026-10-03,false
INP000006165,Sky Impact Capital Advisors LLP,Portfolio Manager,Active,https://www.sebi.gov.in,2026-10-03,false
INP000006174,Avendus Investment Managers Private Limited,Portfolio Manager,Active,https://www.sebi.gov.in,2026-10-03,false
INP000006183,Marcellus Investment Managers Private Limited,Portfolio Manager,Active,https://www.sebi.gov.in,2026-10-03,false
INP000006192,Wallfort Fund Management LLP,Portfolio Manager,Active,https://www.sebi.gov.in,2026-10-03,false
INP000006235,Spark Asia Impact Managers Private Limited,Portfolio Manager,Active,https://www.sebi.gov.in,2026-10-03,false
INP000006253,MRG INVESTMENT PARTNERS PRIVATE LIMITED,Portfolio Manager,Active,https://www.sebi.gov.in,2026-10-03,false
INP000006271,Sundaram Alternate Assets Limited,Portfolio Manager,Active,https://www.sebi.gov.in,2026-10-03,false
INP000006280,Klay Securities Private Limited,Portfolio Manager,Active,https://www.sebi.gov.in,2026-10-03,false
INP000006299,KSEMA WEALTH PVT LTD,Portfolio Manager,Active,https://www.sebi.gov.in,2026-10-03,false
INP000006314,Entrust Family Office Investment Advisors Private Limited,Portfolio Manager,Active,https://www.sebi.gov.in,2026-10-03,false
INP000006323,CONCEPT INVESTWELL PRIVATE LIMITED,Portfolio Manager,Active,https://www.sebi.gov.in,2026-10-03,false
INP000006332,WEALTH FIRST PORTFOLIO MANAGERS LIMITED,Portfolio Manager,Active,https://www.sebi.gov.in,2026-10-03,false
INP000006341,Itus Capital Advisors Pvt Ltd,Portfolio Manager,Active,https://www.sebi.gov.in,2026-10-03,false
INP000006350,ACHINTYA SECURITIES LIMITED,Portfolio Manager,Active,https://www.sebi.gov.in,2026-10-03,false
INP000006387,CARNELIAN ASSET MANAGEMENT & ADVISORS PRIVATE LIMITED,Portfolio Manager,Active,https://www.sebi.gov.in,2026-10-03,false
INP000006396,COMPOSITE INVESTMENTS PRIVATE LIMITED,Portfolio Manager,Active,https://www.sebi.gov.in,2026-10-03,false
INP000006402,ITI Alternate Funds Management Limited,Portfolio Manager,Active,https://www.sebi.gov.in,2026-10-03,false
INP000006411,BHANA EQUITY ADVISORS LLP,Portfolio Manager,Active,https://www.sebi.gov.in,2026-10-03,false
INP000006420,NARNOLIA FINANCIAL SERVICES LTD,Portfolio Manager,Active,https://www.sebi.gov.in,2026-10-03,false
INP000006439,Hanut Alternate Investments LLP,Portfolio Manager,Active,https://www.sebi.gov.in,2026-10-03,false
INP000006448,ithought Financial consulting LLP,Portfolio Manager,Active,https://www.sebi.gov.in,2026-10-03,false
INP000006457,Abakkus Asset Manager Private Limited,Portfolio Manager,Active,https://www.sebi.gov.in,2026-10-03,false
INP000006484,ABANS BROKING SERVICES PRIVATE LIMITED,Portfolio Manager,Active,https://www.sebi.gov.in,2026-10-03,false
INP000006509,SKP SECURITIES LIMITED,Portfolio Manager,Active,https://www.sebi.gov.in,2026-10-03,false
INP000006518,ALPHA ALTERNATIVES FUND ADVISORS LLP,Portfolio Manager,Active,https://www.sebi.gov.in,2026-10-03,false
INP000006527,BADJATE WEALTH PRIVATE LIMITED,Portfolio Manager,Active,https://www.sebi.gov.in,2026-10-03,false
INP000006536,"M/S.ASTEYA INVESTMENT MANAGERS LLP,",Portfolio Manager,Active,https://www.sebi.gov.in,2026-10-03,false
INP000006545,Kriis Portfolio Pvt. Ltd.,Portfolio Manager,Active,https://www.sebi.gov.in,2026-10-03,false
INP000006554,COUNTER CYCLICAL INVESTMENTS PRIVATE LIMITED,Portfolio Manager,Active,https://www.sebi.gov.in,2026-10-03,false
INP000006563,Guardian Asset Management Private Limited,Portfolio Manager,Active,https://www.sebi.gov.in,2026-10-03,false
INP000006590,Kedia Shares & Stocks Brokers Ltd,Portfolio Manager,Active,https://www.sebi.gov.in,2026-10-03,false
INP000006615,Atman Capital Management Private Limited,Portfolio Manager,Active,https://www.sebi.gov.in,2026-10-03,false
INP000006624,OAKLANE CAPITAL MANAGEMENT LLP,Portfolio Manager,Active,https://www.sebi.gov.in,2026-10-03,false
INP000006633,COMPOUND EVERYDAY CAPITAL MANAGEMENT LLP,Portfolio Manager,Active,https://www.sebi.gov.in,2026-10-03,false
INP000006697,First Global Finance Pvt Ltd,Portfolio Manager,Active,https://www.sebi.gov.in,2026-10-03,false
INP000006703,SMC Global Securities Limited,Portfolio Manager,Active,https://www.sebi.gov.in,2026-10-03,false
INP000006730,Mittal Analytics Private Limited,Portfolio Manager,Active,https://www.sebi.gov.in,2026-10-03,false
INP000006749,Piper Serica Advisors Private Limited,Portfolio Manager,Active,https://www.sebi.gov.in,2026-10-03,false
INP000006758,TURTLE WEALTH MANAGEMENT PVT. LTD.,Portfolio Manager,Active,https://www.sebi.gov.in,2026-10-03,false
INP000006767,lakewater advisors private limited,Portfolio Manager,Active,https://www.sebi.gov.in,2026-10-03,false
INP000006785,JAINAM BROKING LIMITED,Portfolio Manager,Active,https://www.sebi.gov.in,2026-10-03,false
INP000006794,Hem Securities Limited,Portfolio Manager,Active,https://www.sebi.gov.in,2026-10-03,false
INP000006800,Altlnvest Capital Advisors Private Limited,Portfolio Manager,Active,https://www.sebi.gov.in,2026-10-03,false
INP000006846,Merisis Advisors Private Limited,Portfolio Manager,Active,https://www.sebi.gov.in,2026-10-03,false
INP000006855,UNIQUE ASSET MANAGEMENT LLP,Portfolio Manager,Active,https://www.sebi.gov.in,2026-10-03,false
INP000006873,Moneylife Advisory Services Pvt Ltd,Portfolio Manager,Active,https://www.sebi.gov.in,2026-10-03,false
INP000006891,Pelican Holdings Private Limited,Portfolio Manager,Active,https://www.sebi.gov.in,2026-10-03,false
INP000006907,INVASSET LLP,Portfolio Manager,Active,https://www.sebi.gov.in,2026-10-03,false
INP000006916,Helios Capital Asset Management (India) Private Limited,Portfolio Manager,Active,https://www.sebi.gov.in,2026-10-03,false
INP000006925,WILLOW ADVISORS LLP,Portfolio Manager,Active,https://www.sebi.gov.in,2026-10-03,false
INP000006934,Awriga Capital Advisors LLP,Portfolio Manager,Active,https://www.sebi.gov.in,2026-10-03,false
INP000006943,Sageone Investment Managers LLP,Portfolio Manager,Active,https://www.sebi.gov.in,2026-10-03,false
INP000006952,PGIM India Asset Management Private Limited,Portfolio Manager,Active,https://www.sebi.gov.in,2026-10-03,false
INP000006970,White Whale Partners LLP,Portfolio Manager,Active,https://www.sebi.gov.in,2026-10-03,false
INP000006989,NAFA ASSET MANAGERS PRIVATE LIMITED,Portfolio Manager,Active,https://www.sebi.gov.in,2026-10-03,false
INP000006998,PACE FINANCIAL INVESTMENT ADVISER PRIVATE LIMITED,Portfolio Manager,Active,https://www.sebi.gov.in,2026-10-03,false
INP000007012,Julius Baer Wealth Advisors India Private Limited,Portfolio Manager,Active,https://www.sebi.gov.in,2026-10-03,false
INP000007021,Purnartha Investment Advisers Pvt.Ltd.,Portfolio Manager,Active,https://www.sebi.gov.in,2026-10-03,false
INP000007030,ROHA ASSET MANAGERS LLP,Portfolio Manager,Active,https://www.sebi.gov.in,2026-10-03,false
INP000007049,Prosperity Wealth Management Private Limited,Portfolio Manager,Active,https://www.sebi.gov.in,2026-10-03,false
INP000007058,East Lane Capital LLP,Portfolio Manager,Active,https://www.sebi.gov.in,2026-10-03,false
INP000007076,EQUIRUS WEALTH PRIVATE LIMITED,Portfolio Manager,Active,https://www.sebi.gov.in,2026-10-03,false
INP000007085,Nippon Life India Asset Management Limited,Portfolio Manager,Active,https://www.sebi.gov.in,2026-10-03,false
INP000007100,NNM Securities Private Limited,Portfolio Manager,Active,https://www.sebi.gov.in,2026-10-03,false
INP000007119,BRAIN POINT Investment Centre Pvt Ltd,Portfolio Manager,Active,https://www.sebi.gov.in,2026-10-03,false
INP000007128,Incred Capital Wealth Portfolio Managers Private Limited,Portfolio Manager,Active,https://www.sebi.gov.in,2026-10-03,false
INP000007146,Fractal Capital Investments LLP,Portfolio Manager,Active,https://www.sebi.gov.in,2026-10-03,false
INP000007155,Magadh Capital Advisors LLP,Portfolio Manager,Active,https://www.sebi.gov.in,2026-10-03,false
INP000007164,CKREDENCE WEALTH MANAGEMENT PRIVATE LIMITED,Portfolio Manager,Active,https://www.sebi.gov.in,2026-10-03,false
INP000007173,Profusion Investment Advisors LLP,Portfolio Manager,Active,https://www.sebi.gov.in,2026-10-03,false
INP000007207,NUVAMA ASSET MANAGEMENT LIMITED,Portfolio Manager,Active,https://www.sebi.gov.in,2026-10-03,false
INP000007216,Molecule Ventures LLP,Portfolio Manager,Active,https://www.sebi.gov.in,2026-10-03,false
INP000007225,Arthya Wealth and Investments Pvt Ltd,Portfolio Manager,Active,https://www.sebi.gov.in,2026-10-03,false
INP000007298,PRUDENT INVESTMENT MANAGERS LLP,Portfolio Manager,Active,https://www.sebi.gov.in,2026-10-03,false
INP000007304,STOCKHOLDING SERVICES LIMITED,Portfolio Manager,Active,https://www.sebi.gov.in,2026-10-03,false
INP000007313,Maximal Capital Private Limited,Portfolio Manager,Active,https://www.sebi.gov.in,2026-10-03,false
INP000007331,White Pine Investment Management Private Limited,Portfolio Manager,Active,https://www.sebi.gov.in,2026-10-03,false
INP000007377,DEZERV INVESTMENTS PRIVATE LIMITED,Portfolio Manager,Active,https://www.sebi.gov.in,2026-10-03,false
INP000007386,Sahasrar Capital Private Limited,Portfolio Manager,Active,https://www.sebi.gov.in,2026-10-03,false
INP000007395,InvestSavvy Portfolio Management LLP,Portfolio Manager,Active,https://www.sebi.gov.in,2026-10-03,false
INP000007401,AlphaGrep Investment Management Private Limited,Portfolio Manager,Active,https://www.sebi.gov.in,2026-10-03,false
INP000007410,INCRED ASSET MANAGEMENT PRIVATE LIMITED,Portfolio Manager,Active,https://www.sebi.gov.in,2026-10-03,false
INP000007429,Multiples Alternate Asset Management Private Limited,Portfolio Manager,Active,https://www.sebi.gov.in,2026-10-03,false
INP000007456,RP-SG Ventures Advisory LLP,Portfolio Manager,Active,https://www.sebi.gov.in,2026-10-03,false
INP000007465,Ambit Wealth Private Limited,Portfolio Manager,Active,https://www.sebi.gov.in,2026-10-03,false
INP000007474,Singularity AMC LLP,Portfolio Manager,Active,https://www.sebi.gov.in,2026-10-03,false
INP000007483,XPONENTIA CAPITAL PARTNERS LLP,Portfolio Manager,Active,https://www.sebi.gov.in,2026-10-03,false
INP000007508,Orios Advisors LLP,Portfolio Manager,Active,https://www.sebi.gov.in,2026-10-03,false
INP000007517,HPMG Shares and Securities Private Limited,Portfolio Manager,Active,https://www.sebi.gov.in,2026-10-03,false
INP000007526,UTI Alternatives Private Limited,Portfolio Manager,Active,https://www.sebi.gov.in,2026-10-03,false
INP000007535,Centrum Investment Advisors Limited,Portfolio Manager,Active,https://www.sebi.gov.in,2026-10-03,false
INP000007544,Electrum Portfolio Managers Private Limited,Portfolio Manager,Active,https://www.sebi.gov.in,2026-10-03,false
INP000007553,BLACKSOIL ASSET MANAGEMENT PRIVATE LIMITED,Portfolio Manager,Active,https://www.sebi.gov.in,2026-10-03,false
INP000007599,Valcreate Investment Managers LLP,Portfolio Manager,Active,https://www.sebi.gov.in,2026-10-03,false
INP000007605,MANSI SHARE & STOCK BROKING PRIVATE LIMITED,Portfolio Manager,Active,https://www.sebi.gov.in,2026-10-03,false
INP000007614,Ayan Analytics Private Limited,Portfolio Manager,Active,https://www.sebi.gov.in,2026-10-03,false
INP000007632,Investcorp India Asset Managers Private Limited,Portfolio Manager,Active,https://www.sebi.gov.in,2026-10-03,false
INP000007641,Neo Alternative Asset Managers Private Limited,Portfolio Manager,Active,https://www.sebi.gov.in,2026-10-03,false
INP000007650,Vallum Capital Advisors Private Limited,Portfolio Manager,Active,https://www.sebi.gov.in,2026-10-03,false
INP000007720,Estee Advisors Private Limited,Portfolio Manager,Active,https://www.sebi.gov.in,2026-10-03,false
INP000007748,True North Credit Fund Managers LLP,Portfolio Manager,Active,https://www.sebi.gov.in,2026-10-03,false
INP000007757,Stalwart Investment Advisors LLP,Portfolio Manager,Active,https://www.sebi.gov.in,2026-10-03,false
INP000007766,WhiteOak Capital Asset Management Limited,Portfolio Manager,Active,https://www.sebi.gov.in,2026-10-03,false
INP000007775,Ladderup Asset Managers Private Limited,Portfolio Manager,Active,https://www.sebi.gov.in,2026-10-03,false
INP000007793,Epiq Capital Investment Advisory LLP,Portfolio Manager,Active,https://www.sebi.gov.in,2026-10-03,false
INP000007818,Waterfield Financial and Investment Advisors Private Limited,Portfolio Manager,Active,https://www.sebi.gov.in,2026-10-03,false
INP000007827,ASK Wealth Advisors Private Limited,Portfolio Manager,Active,https://www.sebi.gov.in,2026-10-03,false
INP000007872,Zeva Capsol Private Limited,Portfolio Manager,Active,https://www.sebi.gov.in,2026-10-03,false
INP000007881,MAXIOM ASSET MANAGEMENT PRIVATE LIMITED,Portfolio Manager,Active,https://www.sebi.gov.in,2026-10-03,false
INP000007890,MARKETS MOJO ASSET MANAGEMENT PRIVATE LIMITED,Portfolio Manager,Active,https://www.sebi.gov.in,2026-10-03,false
INP000007906,DRCHOKSEY FINSERV PRIVATE LIMITED,Portfolio Manager,Active,https://www.sebi.gov.in,2026-10-03,false
INP000007915,Moneygrow Asset Private Limited,Portfolio Manager,Active,https://www.sebi.gov.in,2026-10-03,false
INP000007960,PRP Edge Wealth Private Limited,Portfolio Manager,Active,https://www.sebi.gov.in,2026-10-03,false
INP000007979,Wryght Research & Capital Private Limited,Portfolio Manager,Active,https://www.sebi.gov.in,2026-10-03,false
INP000007988,Svan Investment Managers LLP,Portfolio Manager,Active,https://www.sebi.gov.in,2026-10-03,false
INP000008002,True North Managers LLP,Portfolio Manager,Active,https://www.sebi.gov.in,2026-10-03,false
INP000008011,Svobodha Infinity Investment Advisors Private Limited,Portfolio Manager,Active,https://www.sebi.gov.in,2026-10-03,false
INP000008020,Tamohara Investment Managers Private Limited,Portfolio Manager,Active,https://www.sebi.gov.in,2026-10-03,false
INP000008039,Integrow Asset Management Private Limited,Portfolio Manager,Active,https://www.sebi.gov.in,2026-10-03,false
INP000008048,RBSA Investment Manager LLP,Portfolio Manager,Active,https://www.sebi.gov.in,2026-10-03,false
INP000008057,Blue Ashva India LLP,Portfolio Manager,Active,https://www.sebi.gov.in,2026-10-03,false
INP000008066,ASK Investment Managers Limited,Portfolio Manager,Active,https://www.sebi.gov.in,2026-10-03,false
INP000008075,East Green Advisors LLP,Portfolio Manager,Active,https://www.sebi.gov.in,2026-10-03,false
INP000008084,FOUR DIMENSIONS ADVISORS PRIVATE LIMITED,Portfolio Manager,Active,https://www.sebi.gov.in,2026-10-03,false
INP000008093,FORTUNA ASSET MANAGERS LLP,Portfolio Manager,Active,https://www.sebi.gov.in,2026-10-03,false
INP000008109,THINQWISE WEALTH MANAGERS LLP,Portfolio Manager,Active,https://www.sebi.gov.in,2026-10-03,false
INP000008127,Sowilo Investment Managers LLP,Portfolio Manager,Active,https://www.sebi.gov.in,2026-10-03,false
INP000008136,Sohum Asset Managers Private Limited,Portfolio Manager,Active,https://www.sebi.gov.in,2026-10-03,false
INP000008145,Divya Capital One Private Limited,Portfolio Manager,Active,https://www.sebi.gov.in,2026-10-03,false
INP000008154,Gaja Alternative Asset Management Limited,Portfolio Manager,Active,https://www.sebi.gov.in,2026-10-03,false
INP000008163,LC Capital India Private Limited,Portfolio Manager,Active,https://www.sebi.gov.in,2026-10-03,false
INP000008181,Swastika Investmart Limited,Portfolio Manager,Active,https://www.sebi.gov.in,2026-10-03,false
INP000008190,Corporate Business Advisors Private Limited,Portfolio Manager,Active,https://www.sebi.gov.in,2026-10-03,false
INP000008206,Citrus Advisors Private Limited,Portfolio Manager,Active,https://www.sebi.gov.in,2026-10-03,false
INP000008215,Lighthouse AMC Private Limited,Portfolio Manager,Active,https://www.sebi.gov.in,2026-10-03,false
INP000008224,Aavishkaar Advisors Private Limited,Portfolio Manager,Active,https://www.sebi.gov.in,2026-10-03,false
INP000008233,PROFITGATE CAPITAL SERVICES LLP,Portfolio Manager,Active,https://www.sebi.gov.in,2026-10-03,false
INP000008242,Nippon Life India AIF Management Limited,Portfolio Manager,Active,https://www.sebi.gov.in,2026-10-03,false
INP000008251,cosmea portfolio management private limited,Portfolio Manager,Active,https://www.sebi.gov.in,2026-10-03,false
INP000008260,EAAA India Alternatives Limited,Portfolio Manager,Active,https://www.sebi.gov.in,2026-10-03,false
INP000008288,Waterfield Fund Managers Private Limited,Portfolio Manager,Active,https://www.sebi.gov.in,2026-10-03,false
INP000008297,Jashvik Capital Advisory LLP,Portfolio Manager,Active,https://www.sebi.gov.in,2026-10-03,false
INP000008303,Courser Park Advisors LLP,Portfolio Manager,Active,https://www.sebi.gov.in,2026-10-03,false
INP000008312,KYNG CAPITAL MANAGEMENT PRIVATE LIMITED,Portfolio Manager,Active,https://www.sebi.gov.in,2026-10-03,false
INP000008321,Affirma Capital Investment Adviser India Private Limited,Portfolio Manager,Active,https://www.sebi.gov.in,2026-10-03,false
INP000008349,Capital 8 LLP,Portfolio Manager,Active,https://www.sebi.gov.in,2026-10-03,false
INP000008358,Caspian Impact Investment Adviser Private Limited,Portfolio Manager,Active,https://www.sebi.gov.in,2026-10-03,false
INP000008367,First Bridge Investment Managers Private Limited,Portfolio Manager,Active,https://www.sebi.gov.in,2026-10-03,false
INP000008376,LGT Wealth India Private Limited,Portfolio Manager,Active,https://www.sebi.gov.in,2026-10-03,false
INP000008385,INDIAN ANGEL NETWORK SERVICES PRIVATE LIMITED,Portfolio Manager,Active,https://www.sebi.gov.in,2026-10-03,false
INP000008394,KAPM Ventures LLP,Portfolio Manager,Active,https://www.sebi.gov.in,2026-10-03,false
INP000008400,NV Alpha Fund Management LLP,Portfolio Manager,Active,https://www.sebi.gov.in,2026-10-03,false
INP000008428,Wave Asset Private Limited,Portfolio Manager,Active,https://www.sebi.gov.in,2026-10-03,false
INP000008437,LATENT ADVISORS LLP,Portfolio Manager,Active,https://www.sebi.gov.in,2026-10-03,false
INP000008446,TRADESWIFT BROKING PRIVATE LIMITED,Portfolio Manager,Active,https://www.sebi.gov.in,2026-10-03,false
INP000008455,JM Financial Limited,Portfolio Manager,Active,https://www.sebi.gov.in,2026-10-03,false
INP000008464,1729 Advisors LLP,Portfolio Manager,Active,https://www.sebi.gov.in,2026-10-03,false
INP000008473,Clockvine Capital Advisors Pvt Ltd,Portfolio Manager,Active,https://www.sebi.gov.in,2026-10-03,false
INP000008482,FIDENT ASSET MANAGEMENT PRIVATE LIMITED,Portfolio Manager,Active,https://www.sebi.gov.in,2026-10-03,false
INP000008491,FirstPort Ventures LLP,Portfolio Manager,Active,https://www.sebi.gov.in,2026-10-03,false
INP000008507,InvesQ Investment Managers LLP,Portfolio Manager,Active,https://www.sebi.gov.in,2026-10-03,false
INP000008516,Xponent Tribe LLP,Portfolio Manager,Active,https://www.sebi.gov.in,2026-10-03,false
INP000008525,CX ADVISORS LLP,Portfolio Manager,Active,https://www.sebi.gov.in,2026-10-03,false
INP000008534,Bandhan AMC Limited,Portfolio Manager,Active,https://www.sebi.gov.in,2026-10-03,false
INP000008552,Arth Portfolio Management Private Limited,Portfolio Manager,Active,https://www.sebi.gov.in,2026-10-03,false
INP000008561,DWAITH ADVISORY PRIVATE LIMITED,Portfolio Manager,Active,https://www.sebi.gov.in,2026-10-03,false
INP000008570,Driv Drisht LLP,Portfolio Manager,Active,https://www.sebi.gov.in,2026-10-03,false
INP000008589,Almondz Financial Services Limited,Portfolio Manager,Active,https://www.sebi.gov.in,2026-10-03,false
INP000008604,ICICI Venture Funds Management Company Limited,Portfolio Manager,Active,https://www.sebi.gov.in,2026-10-03,false
INP000008622,Fortune Wealth Management Company India Private Limited,Portfolio Manager,Active,https://www.sebi.gov.in,2026-10-03,false
INP000008631,PAVESTONE ADVISORS AND CONSULTANTS LLP,Portfolio Manager,Active,https://www.sebi.gov.in,2026-10-03,false
INP000008640,360 ONE Alternates Asset Management Limited,Portfolio Manager,Active,https://www.sebi.gov.in,2026-10-03,false
INP000008659,FYERS ASSET MANAGEMENT PRIVATE LIMITED,Portfolio Manager,Active,https://www.sebi.gov.in,2026-10-03,false
INP000008668,FINCOS TECHNOLOGY SOLUTIONS PRIVATE LIMITED,Portfolio Manager,Active,https://www.sebi.gov.in,2026-10-03,false
INP000008677,Prospero Tree Asset Management LLP,Portfolio Manager,Active,https://www.sebi.gov.in,2026-10-03,false
INP000008686,Prudent Equity Private Limited,Portfolio Manager,Active,https://www.sebi.gov.in,2026-10-03,false
INP000008695,Insightful Investment Manager LLP,Portfolio Manager,Active,https://www.sebi.gov.in,2026-10-03,false
INP000008701,V.E.C Assago Capital Management LLP,Portfolio Manager,Active,https://www.sebi.gov.in,2026-10-03,false
INP000008710,Constellation Sports & Entertainment Partners LLP,Portfolio Manager,Active,https://www.sebi.gov.in,2026-10-03,false
INP000008738,Neoliv Capital Advisory Private Limited,Portfolio Manager,Active,https://www.sebi.gov.in,2026-10-03,false
INP000008747,BLUE 91 PORTFOLIO MANAGERS LLP,Portfolio Manager,Active,https://www.sebi.gov.in,2026-10-03,false
INP000008756,Equipoise Capital Management Private Limited,Portfolio Manager,Active,https://www.sebi.gov.in,2026-10-03,false
INP000008765,Shriram Asset Management Company Limited,Portfolio Manager,Active,https://www.sebi.gov.in,2026-10-03,false
INP000008774,Avendus PE Investment Advisors Private Limited,Portfolio Manager,Active,https://www.sebi.gov.in,2026-10-03,false
INP000008783,BMC Advisors Private Limited,Portfolio Manager,Active,https://www.sebi.gov.in,2026-10-03,false
INP000008792,LAUREL SECURITIES PRIVATE LIMITED,Portfolio Manager,Active,https://www.sebi.gov.in,2026-10-03,false
INP000008808,Cactus Partners LLP,Portfolio Manager,Active,https://www.sebi.gov.in,2026-10-03,false
INP000008817,Progressive Share Brokers Private Limited,Portfolio Manager,Active,https://www.sebi.gov.in,2026-10-03,false
INP000008826,IVYCAP VENTURES ADVISORS PRIVATE LIMITED,Portfolio Manager,Active,https://www.sebi.gov.in,2026-10-03,false
INP000008835,Spark Fund Advisors LLP,Portfolio Manager,Active,https://www.sebi.gov.in,2026-10-03,false
INP000008844,Accuracap Consultancy Services Private Limited,Portfolio Manager,Active,https://www.sebi.gov.in,2026-10-03,false
INP000008853,Arham Wealth Management Private Limited,Portfolio Manager,Active,https://www.sebi.gov.in,2026-10-03,false
INP000008862,Square 64 Capital Advisors LLP,Portfolio Manager,Active,https://www.sebi.gov.in,2026-10-03,false
INP000008871,Tailwind Financial Services Private Limited,Portfolio Manager,Active,https://www.sebi.gov.in,2026-10-03,false
INP000008880,Edelweiss Global Wealth Management Limited,Portfolio Manager,Active,https://www.sebi.gov.in,2026-10-03,false
INP000008905,AMETRA INVESTMENT MANAGERS PRIVATE LIMITED,Portfolio Manager,Active,https://www.sebi.gov.in,2026-10-03,false
INP000008914,QODE ADVISORS LLP,Portfolio Manager,Active,https://www.sebi.gov.in,2026-10-03,false
INP000008923,Unicorn Investment Managers LLP,Portfolio Manager,Active,https://www.sebi.gov.in,2026-10-03,false
INP000008932,Arnya Realestates Fund Advisors Private Limited,Portfolio Manager,Active,https://www.sebi.gov.in,2026-10-03,false
INP000008941,Amicus India Capital Partners LLP,Portfolio Manager,Active,https://www.sebi.gov.in,2026-10-03,false
INP000008950,Finwizard Technology Private Limited,Portfolio Manager,Active,https://www.sebi.gov.in,2026-10-03,false
INP000008969,Equentis Wealth Advisory Services Limited,Portfolio Manager,Active,https://www.sebi.gov.in,2026-10-03,false
INP000008978,SPICE ROUTE ADVISORS LLP,Portfolio Manager,Active,https://www.sebi.gov.in,2026-10-03,false
INP000008987,WAYA FINANCIAL TECHNOLOGIES PRIVATE LIMITED,Portfolio Manager,Active,https://www.sebi.gov.in,2026-10-03,false
INP000008996,Brightseeds Advisors LLP,Portfolio Manager,Active,https://www.sebi.gov.in,2026-10-03,false
INP000009001,PL Asset Management Private Limited,Portfolio Manager,Active,https://www.sebi.gov.in,2026-10-03,false
INP000009010,ACCELT ASSET MANAGEMENT LLP,Portfolio Manager,Active,https://www.sebi.gov.in,2026-10-03,false
INP000009029,CLEARVIEW CAPITAL ADVISORS PRIVATE LIMITED,Portfolio Manager,Active,https://www.sebi.gov.in,2026-10-03,false
INP000009038,ArthAlpha LLP,Portfolio Manager,Active,https://www.sebi.gov.in,2026-10-03,false
INP000009047,Phi Capital Solutions LLP,Portfolio Manager,Active,https://www.sebi.gov.in,2026-10-03,false
INP000009056,Findoc Investmart Private Limited,Portfolio Manager,Active,https://www.sebi.gov.in,2026-10-03,false
INP000009065,Groww Wealth Tech Private Limited,Portfolio Manager,Active,https://www.sebi.gov.in,2026-10-03,false
INP000009074,Ironclad Asset Management LLP,Portfolio Manager,Active,https://www.sebi.gov.in,2026-10-03,false
INP000009083,VSPARTANS CONSULTANTS PRIVATE LIMITED,Portfolio Manager,Active,https://www.sebi.gov.in,2026-10-03,false
INP000009092,WSB Real Estate Partners Pvt Ltd,Portfolio Manager,Active,https://www.sebi.gov.in,2026-10-03,false
INP000009108,NMR CAPITAL ADVISORS PRIVATE LIMITED,Portfolio Manager,Active,https://www.sebi.gov.in,2026-10-03,false
INP000009117,Angel One Investment Managers & Advisors Private Limited,Portfolio Manager,Active,https://www.sebi.gov.in,2026-10-03,false
INP000009126,Amaltas Asset Management LLP,Portfolio Manager,Active,https://www.sebi.gov.in,2026-10-03,false
INP000009135,B.N. Rathi Securities Limited,Portfolio Manager,Active,https://www.sebi.gov.in,2026-10-03,false
INP000009144,PLUSWEALTH CAPITAL MANAGEMENT LLP,Portfolio Manager,Active,https://www.sebi.gov.in,2026-10-03,false
INP000009153,ASHIMA CAPITAL MANAGEMENT LIMITED,Portfolio Manager,Active,https://www.sebi.gov.in,2026-10-03,false
INP000009162,BHARAT BHUSHAN EQUITY TRADERS LIMITED,Portfolio Manager,Active,https://www.sebi.gov.in,2026-10-03,false
INP000009171,GoldStandard Wealth Private Limited,Portfolio Manager,Active,https://www.sebi.gov.in,2026-10-03,false
INP000009180,LCatterton Mumbai Advisory Services Private Limited,Portfolio Manager,Active,https://www.sebi.gov.in,2026-10-03,false
INP000009199,Beams VC Partnerz LLP,Portfolio Manager,Active,https://www.sebi.gov.in,2026-10-03,false
INP000009205,FirstPort Growth Ventures LLP,Portfolio Manager,Active,https://www.sebi.gov.in,2026-10-03,false
INP000009214,Cumulus Advisory LLP,Portfolio Manager,Active,https://www.sebi.gov.in,2026-10-03,false
INP000009223,Anicut Capital LLP,Portfolio Manager,Active,https://www.sebi.gov.in,2026-10-03,false
INP000009232,IKIGAI Asset Manager Holdings Private Limited,Portfolio Manager,Active,https://www.sebi.gov.in,2026-10-03,false
INP000009241,ChrysCapital Advisors LLP,Portfolio Manager,Active,https://www.sebi.gov.in,2026-10-03,false
INP000009250,Ebisu Investment Advisors LLP,Portfolio Manager,Active,https://www.sebi.gov.in,2026-10-03,false
INP000009269,FE SECURITIES PRIVATE LIMITED,Portfolio Manager,Active,https://www.sebi.gov.in,2026-10-03,false
INP000009278,FISCALEYE PRIVATE LIMITED,Portfolio Manager,Active,https://www.sebi.gov.in,2026-10-03,false
INP000009287,Gems Imperial Portfolio Advisory LLP,Portfolio Manager,Active,https://www.sebi.gov.in,2026-10-03,false
INP000009296,AIALPHA FINANCIAL ADVISORY SERVICES PRIVATE LIMITED,Portfolio Manager,Active,https://www.sebi.gov.in,2026-10-03,false
INP000009302,Apricus Wealth Investment Managers LLP,Portfolio Manager,Active,https://www.sebi.gov.in,2026-10-03,false
INP000009311,PCS SECURITIES & CONSULTANTS LLP,Portfolio Manager,Active,https://www.sebi.gov.in,2026-10-03,false
INP000009320,Atishay Stock Broking Private Limited,Portfolio Manager,Active,https://www.sebi.gov.in,2026-10-03,false
INP000009339,Invicta Capserv Private Limited,Portfolio Manager,Active,https://www.sebi.gov.in,2026-10-03,false
INP000009348,Samatva Investment Advisers LLP,Portfolio Manager,Active,https://www.sebi.gov.in,2026-10-03,false
INP000009357,SOMERSET HEALTHCARE INVESTMENT ADVISORS III PRIVATE LIMITED,Portfolio Manager,Active,https://www.sebi.gov.in,2026-10-03,false
INP000009366,Purva Asset Management Private Limited,Portfolio Manager,Active,https://www.sebi.gov.in,2026-10-03,false
INP000009375,Inflexor Capital Advisors LLP,Portfolio Manager,Active,https://www.sebi.gov.in,2026-10-03,false
INP000009384,ARDEKO ASSET MANAGEMENT PRIVATE LIMITED,Portfolio Manager,Active,https://www.sebi.gov.in,2026-10-03,false
INP000009393,Wealth India Financial Services Private Limited,Portfolio Manager,Active,https://www.sebi.gov.in,2026-10-03,false
INP000009409,MIRAE ASSET INVESTMENT MANAGERS INDIA PRIVATE LIMITED,Portfolio Manager,Active,https://www.sebi.gov.in,2026-10-03,false
INP000009418,GROWTHFINITI WEALTH PRIVATE LIMITED,Portfolio Manager,Active,https://www.sebi.gov.in,2026-10-03,false
INP000009427,Share India Securities Limited,Portfolio Manager,Active,https://www.sebi.gov.in,2026-10-03,false
INP000009436,IFM INVESTMENT ADVISORS PRIVATE LIMITED,Portfolio Manager,Active,https://www.sebi.gov.in,2026-10-03,false
INP000009445,IIFL Capital Asset Management Limited,Portfolio Manager,Active,https://www.sebi.gov.in,2026-10-03,false
INP000009454,Samara Alternate Investment Management LLP,Portfolio Manager,Active,https://www.sebi.gov.in,2026-10-03,false
INP000009463,Welspun One Investment Management Private limited,Portfolio Manager,Active,https://www.sebi.gov.in,2026-10-03,false
INP000009472,Quest4Value Investment Managers LLP,Portfolio Manager,Active,https://www.sebi.gov.in,2026-10-03,false
INP000009481,Vivekam Financial Services Private Limited,Portfolio Manager,Active,https://www.sebi.gov.in,2026-10-03,false
INP000009490,Kabir Capital Advisors LLP,Portfolio Manager,Active,https://www.sebi.gov.in,2026-10-03,false
INP000009506,Niveshaay Investment Management Private Limited,Portfolio Manager,Active,https://www.sebi.gov.in,2026-10-03,false
INP000009515,DV INVESTMENT ADVISORS LLP,Portfolio Manager,Active,https://www.sebi.gov.in,2026-10-03,false
INP000009524,IME PORTFOLIO MANAGERS LLP,Portfolio Manager,Active,https://www.sebi.gov.in,2026-10-03,false
INP000009533,WHITE STONE FINANCIAL ADVISORS PRIVATE LIMITED,Portfolio Manager,Active,https://www.sebi.gov.in,2026-10-03,false
INP000009542,DT Portfolio Managers LLP,Portfolio Manager,Active,https://www.sebi.gov.in,2026-10-03,false
INP000009551,QUEST INVESTMENT MANAGERS PVT LTD,Portfolio Manager,Active,https://www.sebi.gov.in,2026-10-03,false
INP000009560,JADE WEALTH MANAGEMENT LLP,Portfolio Manager,Active,https://www.sebi.gov.in,2026-10-03,false
INP000009579,VANSH CAPITAL PRIVATE LIMITED,Portfolio Manager,Active,https://www.sebi.gov.in,2026-10-03,false
INP000009588,Matterhorn Investment Advisors LLP,Portfolio Manager,Active,https://www.sebi.gov.in,2026-10-03,false
INP000009597,Omniscience Capital Advisors Private Limited,Portfolio Manager,Active,https://www.sebi.gov.in,2026-10-03,false
INP000009603,Dolat Capital Market Private Limited,Portfolio Manager,Active,https://www.sebi.gov.in,2026-10-03,false
INP000009612,CREST CAPITAL MANAGEMENT PRIVATE LIMITED,Portfolio Manager,Active,https://www.sebi.gov.in,2026-10-03,false
INP000009621,QICAP MANAGEMENT PRIVATE LIMITED,Portfolio Manager,Active,https://www.sebi.gov.in,2026-10-03,false
INP000009630,Param Ventures LLP,Portfolio Manager,Active,https://www.sebi.gov.in,2026-10-03,false
INP000009649,INDNIVEZA DISTRIBUTORS PRIVATE LIMITED,Portfolio Manager,Active,https://www.sebi.gov.in,2026-10-03,false
INP000009658,PrimeInvestor Financial Research Private Limited,Portfolio Manager,Active,https://www.sebi.gov.in,2026-10-03,false
INP000009667,Irris Whiteboard Private Limited,Portfolio Manager,Active,https://www.sebi.gov.in,2026-10-03,false
INP000009676,Prajana Advisors Private Limited,Portfolio Manager,Active,https://www.sebi.gov.in,2026-10-03,false
INP000009685,ABN Capital Asset Managers LLP,Portfolio Manager,Active,https://www.sebi.gov.in,2026-10-03,false
INP000009694,Grey Sky Capital Private Limited,Portfolio Manager,Active,https://www.sebi.gov.in,2026-10-03,false
INP000009700,Equinova Investment Managers Private Limited,Portfolio Manager,Active,https://www.sebi.gov.in,2026-10-03,false
INP000009719,JM Financial Asset Management Limited,Portfolio Manager,Active,https://www.sebi.gov.in,2026-10-03,false
INP000009728,Systematix Wealth and Asset Services Private Limited,Portfolio Manager,Active,https://www.sebi.gov.in,2026-10-03,false
INP000009737,Nuvama and Cushman & Wakefield Management Private Limited,Portfolio Manager,Active,https://www.sebi.gov.in,2026-10-03,false
INP000009746,AVERRA ASSET MANAGERS LLP,Portfolio Manager,Active,https://www.sebi.gov.in,2026-10-03,false
INP000009755,Eternity Investments Management Partners LLP,Portfolio Manager,Active,https://www.sebi.gov.in,2026-10-03,false
INP000009764,STEADFORT INVESTMENT MANAGERS LLP,Portfolio Manager,Active,https://www.sebi.gov.in,2026-10-03,false
INP000009773,INVESTVALUE CAPITAL PRIVATE LIMITED,Portfolio Manager,Active,https://www.sebi.gov.in,2026-10-03,false
INP000009782,Sicomoro Advisors Private Limited,Portfolio Manager,Active,https://www.sebi.gov.in,2026-10-03,false
INP000009791,T G P ADVISORS LLP,Portfolio Manager,Active,https://www.sebi.gov.in,2026-10-03,false
INP000009807,ARCA Alternatives IM LLP,Portfolio Manager,Active,https://www.sebi.gov.in,2026-10-03,false
INP000009816,Clearmind Consultancy Private Limited,Portfolio Manager,Active,https://www.sebi.gov.in,2026-10-03,false
INP000009825,SINGULARITY GREEN PRIVATE LIMITED,Portfolio Manager,Active,https://www.sebi.gov.in,2026-10-03,false
INP000009834,India Resurgence Asset Management Business Private Limited,Portfolio Manager,Active,https://www.sebi.gov.in,2026-10-03,false
INP000009843,Novumlake Partners Private Limited,Portfolio Manager,Active,https://www.sebi.gov.in,2026-10-03,false
INP000009852,Windmill Capital Private Limited,Portfolio Manager,Active,https://www.sebi.gov.in,2026-10-03,false
INP000009861,VIREYA CAPITAL MANAGEMENT LLP,Portfolio Manager,Active,https://www.sebi.gov.in,2026-10-03,false
INP000009870,Profound Ventures Private Limited,Portfolio Manager,Active,https://www.sebi.gov.in,2026-10-03,false
INP000009889,Playbook Fund Advisors LLP,Portfolio Manager,Active,https://www.sebi.gov.in,2026-10-03,false
INP000009898,Trilithon Partners LLP,Portfolio Manager,Active,https://www.sebi.gov.in,2026-10-03,false
INP000009904,Bajaj Alternate Investment Management Limited,Portfolio Manager,Active,https://www.sebi.gov.in,2026-10-03,false
INP000009913,VIVRITI ASSET MANAGEMENT PRIVATE LIMITED,Portfolio Manager,Active,https://www.sebi.gov.in,2026-10-03,false
INP000009922,Coheron Wealth private Limited,Portfolio Manager,Active,https://www.sebi.gov.in,2026-10-03,false
INP000009931,GAUVIK WEALTH MANAGEMENT LLP,Portfolio Manager,Active,https://www.sebi.gov.in,2026-10-03,false
INP000009940,DSIJ WEALTH ADVISORY PRIVATE LIMITED,Portfolio Manager,Active,https://www.sebi.gov.in,2026-10-03,false
INP000009959,Abakkus Investment Managers Private Limited,Portfolio Manager,Active,https://www.sebi.gov.in,2026-10-03,false
INP000009968,Korman Capital Investment Advisors LLP,Portfolio Manager,Active,https://www.sebi.gov.in,2026-10-03,false
INP000009977,Mehta Equities Private Limited,Portfolio Manager,Active,https://www.sebi.gov.in,2026-10-03,false
INP000009986,Upachaya Wealth Advisors LLP,Portfolio Manager,Active,https://www.sebi.gov.in,2026-10-03,false
INP000009995,NARNOLIA VELOX ADVISORY LIMITED,Portfolio Manager,Active,https://www.sebi.gov.in,2026-10-03,false
INP000010007,Centricity Portfolio Managers Private Limited,Portfolio Manager,Active,https://www.sebi.gov.in,2026-10-03,false
INP000010016,GOSTOCKS INVESTMENT MANAGERS PRIVATE LIMITED,Portfolio Manager,Active,https://www.sebi.gov.in,2026-10-03,false
INP000010025,Aikyam Capital Management LLP,Portfolio Manager,Active,https://www.sebi.gov.in,2026-10-03,false
INP000010034,Saamya Advisors LLP,Portfolio Manager,Active,https://www.sebi.gov.in,2026-10-03,false
INP000010043,Greenedge Wealth Services LLP,Portfolio Manager,Active,https://www.sebi.gov.in,2026-10-03,false
INP000010052,Cresana Wealth Managers Private Limited,Portfolio Manager,Active,https://www.sebi.gov.in,2026-10-03,false
INP000010061,Invesco Asset Management India Private Limited,Portfolio Manager,Active,https://www.sebi.gov.in,2026-10-03,false
INP000010070,NIKUNJ STOCK BROKERS LIMITED,Portfolio Manager,Active,https://www.sebi.gov.in,2026-10-03,false
INP000010089,HAWMS Equities Private Limited,Portfolio Manager,Active,https://www.sebi.gov.in,2026-10-03,false
INP000010098,Alphaoptimus Portfolio Management LLP,Portfolio Manager,Active,https://www.sebi.gov.in,2026-10-03,false
INP000010104,Finnovate Investment Managers Private Limited,Portfolio Manager,Active,https://www.sebi.gov.in,2026-10-03,false
INP000010113,FOURDEGREEWATER FINVEST PRIVATE LIMITED,Portfolio Manager,Active,https://www.sebi.gov.in,2026-10-03,false
INP000010122,EASTERN FINANCIERS LIMITED,Portfolio Manager,Active,https://www.sebi.gov.in,2026-10-03,false
INP000010131,Vaikarya Change LLP,Portfolio Manager,Active,https://www.sebi.gov.in,2026-10-03,false
INP000010140,Plus91 Asset Management LLP,Portfolio Manager,Active,https://www.sebi.gov.in,2026-10-03,false
INP000010159,Optima Wealth Private Limited,Portfolio Manager,Active,https://www.sebi.gov.in,2026-10-03,false
INP000010168,CAGR Financial Services Private Limited,Portfolio Manager,Active,https://www.sebi.gov.in,2026-10-03,false
INP000010177,GODREJ WEALTH LIMITED,Portfolio Manager,Active,https://www.sebi.gov.in,2026-10-03,false
INP000010186,FORTITUDE FUND MANAGEMENT LLP,Portfolio Manager,Active,https://www.sebi.gov.in,2026-10-03,false
INP000010195,SHAGUNCAP INVESTMENT MANAGERS LLP,Portfolio Manager,Active,https://www.sebi.gov.in,2026-10-03,false
INP000010201,YUBI ASSET MANAGEMENT PRIVATE LIMITED,Portfolio Manager,Active,https://www.sebi.gov.in,2026-10-03,false
INP000010210,Stride Fund Advisors LLP,Portfolio Manager,Active,https://www.sebi.gov.in,2026-10-03,false
INP000010229,Mastermind JPIN Investment Managers LLP,Portfolio Manager,Active,https://www.sebi.gov.in,2026-10-03,false
INP000010238,M/S REDBERYL INVESTMENT MANAGERS LLP,Portfolio Manager,Active,https://www.sebi.gov.in,2026-10-03,false
INP000010247,Scripbox Wealth Managers Private Limited,Portfolio Manager,Active,https://www.sebi.gov.in,2026-10-03,false
INP000010256,Prime Trigen Wealth Limited,Portfolio Manager,Active,https://www.sebi.gov.in,2026-10-03,false
INP000010265,ANICUT ASSET MANAGEMENT COMPANY PRIVATE LIMITED,Portfolio Manager,Active,https://www.sebi.gov.in,2026-10-03,false
INP000010274,Allvest Investment Managers Private Limited,Portfolio Manager,Active,https://www.sebi.gov.in,2026-10-03,false
INP000010283,Clarity Alternative Investment Advisors LLP,Portfolio Manager,Active,https://www.sebi.gov.in,2026-10-03,false
INP000010292,Principia Advisors LLP,Portfolio Manager,Active,https://www.sebi.gov.in,2026-10-03,false
INP000010308,Capitar Investment Advisors LLP,Portfolio Manager,Active,https://www.sebi.gov.in,2026-10-03,false
INP000010317,Samar Asset Management Private Limited,Portfolio Manager,Active,https://www.sebi.gov.in,2026-10-03,false
INP000010326,SARATHI CAPITAL SOLUTIONS LLP,Portfolio Manager,Active,https://www.sebi.gov.in,2026-10-03,false
INP000010335,TRADEHIFI STOCK BROKING PRIVATE LIMITED,Portfolio Manager,Active,https://www.sebi.gov.in,2026-10-03,false
INP100007091,Burman Capital Management Private Limited,Portfolio Manager,Active,https://www.sebi.gov.in,2026-10-03,false
INP100007189,Value Prolific Investments and Consulting Private Limited,Portfolio Manager,Active,https://www.sebi.gov.in,2026-10-03,false
INP100007231,Pioneer Client Associates Private Limited,Portfolio Manager,Active,https://www.sebi.gov.in,2026-10-03,false
INP100007286,Prescientcap Investment Advisors LLP,Portfolio Manager,Active,https://www.sebi.gov.in,2026-10-03,false
INP100007365,Complete CircleWealth Solutions LLP,Portfolio Manager,Active,https://www.sebi.gov.in,2026-10-03,false
INP100007578,Valtrust Partners LLP,Portfolio Manager,Active,https://www.sebi.gov.in,2026-10-03,false
INP100007709,Sammaan Asset Management Limited,Portfolio Manager,Active,https://www.sebi.gov.in,2026-10-03,false
INP200007265,Northern Arc Investment Managers Private Limited,Portfolio Manager,Active,https://www.sebi.gov.in,2026-10-03,false
INP200007274,Spark PWM Private Limited,Portfolio Manager,Active,https://www.sebi.gov.in,2026-10-03,false
INP200007353,True Beacon Investment Advisors LLP,Portfolio Manager,Active,https://www.sebi.gov.in,2026-10-03,false
INP200007441,Fireside Investment Advisory LLP,Portfolio Manager,Active,https://www.sebi.gov.in,2026-10-03,false
INP200007566,Speciale Incept Advisors LLP,Portfolio Manager,Active,https://www.sebi.gov.in,2026-10-03,false
INP200007672,Himalaya Investment Advisors LLP,Portfolio Manager,Active,https://www.sebi.gov.in,2026-10-03,false
INP200007690,Fireside Ventures Advisory LLP,Portfolio Manager,Active,https://www.sebi.gov.in,2026-10-03,false
INP200007733,Antler Innovation India Private Limited,Portfolio Manager,Active,https://www.sebi.gov.in,2026-10-03,false
INP200007803,SINCERE SYNDICATION AND CORPORATE SERVICES LLP,Portfolio Manager,Active,https://www.sebi.gov.in,2026-10-03,false
INP300007341,Shree Rama Managers LLP,Portfolio Manager,Active,https://www.sebi.gov.in,2026-10-03,false
INP300007712,SWYOM ADVISORS LIMITED,Portfolio Manager,Active,https://www.sebi.gov.in,2026-10-03,false
INH000000002,SAMPLE RESEARCH SERVICES (DEMO),Research Analyst,Active,https://www.sebi.gov.in,2026-03-01,true
INH000000016,STAKEHOLDERS EMPOWERMENT SERVICES,Research Analyst,Active,https://www.sebi.gov.in,2026-10-03,false
INH000000024,INSTITUTIONAL INVESTOR ADVISORY SERVICES INDIA LIMITED,Research Analyst,Active,https://www.sebi.gov.in,2026-10-03,false
INH000000032,DEEPAK KUMAR KANODIA,Research Analyst,Active,https://www.sebi.gov.in,2026-10-03,false
INH000000040,BOB CAPITAL MARKETS LIMITED,Research Analyst,Active,https://www.sebi.gov.in,2026-10-03,false
INH000000081,GEPL CAPITAL PRIVATE LIMITED,Research Analyst,Active,https://www.sebi.gov.in,2026-10-03,false
INH000000131,DAM CAPITAL ADVISORS LIMITED,Research Analyst,Active,https://www.sebi.gov.in,2026-10-03,false
INH000000164,Angel One Limited,Research Analyst,Active,https://www.sebi.gov.in,2026-10-03,false
INH000000206,Ashika Stock Services Limited,Research Analyst,Active,https://www.sebi.gov.in,2026-10-03,false
INH000000222,CHOICE EQUITY BROKING PRIVATE LIMITED,Research Analyst,Active,https://www.sebi.gov.in,2026-10-03,false
INH000000248,IIFL Capital Services Limited,Research Analyst,Active,https://www.sebi.gov.in,2026-10-03,false
INH000000263,INVESTEC CAPITAL SERVICES (INDIA) PRIVATE LIMITED,Research Analyst,Active,https://www.sebi.gov.in,2026-10-03,false
INH000000271,Prabhudas Lilladher Private Limited,Research Analyst,Active,https://www.sebi.gov.in,2026-10-03,false
INH000000297,AXIS SECURITIES LIMITED,Research Analyst,Active,https://www.sebi.gov.in,2026-10-03,false
INH000000313,AMBIT CAPITAL PRIVATE LIMITED,Research Analyst,Active,https://www.sebi.gov.in,2026-10-03,false
INH000000354,EMKAY GLOBAL FINANCIAL SERVICES LIMITED,Research Analyst,Active,https://www.sebi.gov.in,2026-10-03,false
INH000000412,Motilal Oswal Financial Services Limited,Research Analyst,Active,https://www.sebi.gov.in,2026-10-03,false
INH000000420,ANIL KUMAR ASNANI PROP. SMART VERC,Research Analyst,Active,https://www.sebi.gov.in,2026-10-03,false
INH000000438,CITIGROUP GLOBAL MARKETS INDIA PRIVATE LIMITED,Research Analyst,Active,https://www.sebi.gov.in,2026-10-03,false
INH000000503,BofA Securities India Limited,Research Analyst,Active,https://www.sebi.gov.in,2026-10-03,false
INH000000545,MACQUARIE CAPITAL SECURITIES (INDIA) PVT. LTD.,Research Analyst,Active,https://www.sebi.gov.in,2026-10-03,false
INH000000552,Mehta Equities Private Limited,Research Analyst,Active,https://www.sebi.gov.in,2026-10-03,false
INH000000586,KOTAK SECURITIES LIMITED,Research Analyst,Active,https://www.sebi.gov.in,2026-10-03,false
INH000000594,HEMINDRA KISHEN HAZARI,Research Analyst,Active,https://www.sebi.gov.in,2026-10-03,false
INH000000602,SBICAP SECURITIES LIMITED,Research Analyst,Active,https://www.sebi.gov.in,2026-10-03,false
INH000000610,JM FINANCIAL INSTITUTIONAL SECURITIES LIMITED,Research Analyst,Active,https://www.sebi.gov.in,2026-10-03,false
INH000000644,Monarch Networth Capital Limited,Research Analyst,Active,https://www.sebi.gov.in,2026-10-03,false
INH000000651,SURESH SHRIRAM SHARMA,Research Analyst,Active,https://www.sebi.gov.in,2026-10-03,false
INH000000677,NAYAN M. VALA SECURITIES PVT LTD,Research Analyst,Active,https://www.sebi.gov.in,2026-10-03,false
INH000000701,JEFFERIES INDIA PRIVATE LIMITED,Research Analyst,Active,https://www.sebi.gov.in,2026-10-03,false
INH000000750,PARESH GORDHANDAS GANJWALA,Research Analyst,Active,https://www.sebi.gov.in,2026-10-03,false
INH000000768,Jainee Parag Shah,Research Analyst,Active,https://www.sebi.gov.in,2026-10-03,false
INH000000776,SHILPA STOCK BROKER PVT. LTD,Research Analyst,Active,https://www.sebi.gov.in,2026-10-03,false
INH000000792,BNP PARIBAS SECURITIES INDIA PVT LTD,Research Analyst,Active,https://www.sebi.gov.in,2026-10-03,false
INH000000834,ANAND RATHI SHARE AND STOCK BROKERS LIMITED,Research Analyst,Active,https://www.sebi.gov.in,2026-10-03,false
INH000000859,PROGRESSIVE SHARE BROKERS PVT LTD,Research Analyst,Active,https://www.sebi.gov.in,2026-10-03,false
INH000000867,SUSHIL FINANCIAL SERVICES PRIVATE LIMITED,Research Analyst,Active,https://www.sebi.gov.in,2026-10-03,false
INH000000933,ELARA SECURITIES (INDIA) PRIVATE LIMITED,Research Analyst,Active,https://www.sebi.gov.in,2026-10-03,false
INH000000966,STANDARD CHARTERED SECURITIES (INDIA) LTD,Research Analyst,Active,https://www.sebi.gov.in,2026-10-03,false
INH000000974,BP EQUITIES PRIVATE LIMITED,Research Analyst,Active,https://www.sebi.gov.in,2026-10-03,false
INH000000982,KHAMBATTA SECURITIES LIMITED,Research Analyst,Active,https://www.sebi.gov.in,2026-10-03,false
INH000000990,ICICI SECURITIES LIMITED.,Research Analyst,Active,https://www.sebi.gov.in,2026-10-03,false
INH000001006,ARISAIG PARTNERS (INDIA) PRIVATE LTD.,Research Analyst,Active,https://www.sebi.gov.in,2026-10-03,false
INH000001014,NOMURA FINANCIAL ADVISORY AND SECURITIES (INDIA) PRIVATE LIMITED,Research Analyst,Active,https://www.sebi.gov.in,2026-10-03,false
INH000001022,PRAKASH GABA,Research Analyst,Active,https://www.sebi.gov.in,2026-10-03,false
INH000001055,KEDAR DATTATRAYA OAK,Research Analyst,Active,https://www.sebi.gov.in,2026-10-03,false
INH000001071,AVINASH GORAKSHAKAR,Research Analyst,Active,https://www.sebi.gov.in,2026-10-03,false
INH000001089,ANTIQUE STOCK BROKING LIMITED,Research Analyst,Active,https://www.sebi.gov.in,2026-10-03,false
INH000001097,WAVES STRATEGY ADVISORS,Research Analyst,Active,https://www.sebi.gov.in,2026-10-03,false
INH000001105,MORGAN STANLEY INDIA COMPANY PRIVATE LIMITED,Research Analyst,Active,https://www.sebi.gov.in,2026-10-03,false
INH000001113,CLSA INDIA PRIVATE LIMITED,Research Analyst,Active,https://www.sebi.gov.in,2026-10-03,false
INH000001121,STOCKHOLDING SERVICES LIMITED,Research Analyst,Active,https://www.sebi.gov.in,2026-10-03,false
INH000001139,AMBAREESH BALIGA,Research Analyst,Active,https://www.sebi.gov.in,2026-10-03,false
INH000001147,MAXIMUS SECURITIES LTD.,Research Analyst,Active,https://www.sebi.gov.in,2026-10-03,false
INH000001154,EQUIRUS SECURITIES PRIVATE LIMITED,Research Analyst,Active,https://www.sebi.gov.in,2026-10-03,false
INH000001170,AJCON GLOBAL SERVICES LIMITED,Research Analyst,Active,https://www.sebi.gov.in,2026-10-03,false
INH000001196,JM FINANCIAL SERVICES LIMITED,Research Analyst,Active,https://www.sebi.gov.in,2026-10-03,false
INH000001204,UBS SECURITIES INDIA PRIVATE LIMITED,Research Analyst,Active,https://www.sebi.gov.in,2026-10-03,false
INH000001212,GOUTAM SHARMA (PROPRIETOR GROW WITH STOCKS),Research Analyst,Active,https://www.sebi.gov.in,2026-10-03,false
INH000001238,PRADYUT PATNAIK,Research Analyst,Active,https://www.sebi.gov.in,2026-10-03,false
INH000001246,DALAL AND BROACHA STOCK BROKING PVT LTD,Research Analyst,Active,https://www.sebi.gov.in,2026-10-03,false
INH000001253,CANARA BANK SECURITIES LTD.,Research Analyst,Active,https://www.sebi.gov.in,2026-10-03,false
INH000001287,HSBC SECURITIES AND CAPITAL MARKETS (INDIA) PRIVATE LIMITED,Research Analyst,Active,https://www.sebi.gov.in,2026-10-03,false
INH000001295,KRCHOKSEY SHARES AND SECURITIES PVT. LTD.,Research Analyst,Active,https://www.sebi.gov.in,2026-10-03,false
INH000001329,SUNIDHI SECURITIES & FINANCE LTD.,Research Analyst,Active,https://www.sebi.gov.in,2026-10-03,false
INH000001337,SYKES & RAY EQUITIES (I) LTD,Research Analyst,Active,https://www.sebi.gov.in,2026-10-03,false
INH000001345,PHILLIP CAPITAL (INDIA) PVT. LTD.,Research Analyst,Active,https://www.sebi.gov.in,2026-10-03,false
INH000001360,DARASHAW & COMPANY PRIVATE LIMITED,Research Analyst,Active,https://www.sebi.gov.in,2026-10-03,false
INH000001378,ASIAN MARKETS SECURITIES PRIVATE LIMITED,Research Analyst,Active,https://www.sebi.gov.in,2026-10-03,false
INH000001394,MEGHANA VISHAL MALKAN,Research Analyst,Active,https://www.sebi.gov.in,2026-10-03,false
INH000001428,KANTILAL CHHAGANLAL SECURITIES PRIVATE LIMITED,Research Analyst,Active,https://www.sebi.gov.in,2026-10-03,false
INH000001436,NIRMAL BANG EQUITIES PRIVATE LIMITED,Research Analyst,Active,https://www.sebi.gov.in,2026-10-03,false
INH000001444,DIMENSIONAL SECURITIES PRIVATE LIMITED,Research Analyst,Active,https://www.sebi.gov.in,2026-10-03,false
INH000001469,CENTRUM BROKING LIMITED,Research Analyst,Active,https://www.sebi.gov.in,2026-10-03,false
INH000001493,GOLDMAN SACHS (INDIA) SECURITIES PRIVATE LIMITED,Research Analyst,Active,https://www.sebi.gov.in,2026-10-03,false
INH000001519,BARCLAYS SECURITIES (INDIA) PRIVATE LIMITED,Research Analyst,Active,https://www.sebi.gov.in,2026-10-03,false
INH000001527,SSJ FINANCE & SECURITIES PVT LTD,Research Analyst,Active,https://www.sebi.gov.in,2026-10-03,false
INH000001535,ITI SECURITIES BROKING LIMITED,Research Analyst,Active,https://www.sebi.gov.in,2026-10-03,false
INH000001543,TRUST FINANCIAL CONSULTANCY SERVICES PRIVATE LIMITED,Research Analyst,Active,https://www.sebi.gov.in,2026-10-03,false
INH000001550,DHANKI SECURITIES PRIVATE LIMITED,Research Analyst,Active,https://www.sebi.gov.in,2026-10-03,false
INH000001592,SANJAY CHHABRIA,Research Analyst,Active,https://www.sebi.gov.in,2026-10-03,false
INH000001634,VENTURA SECURITIES LIMITED,Research Analyst,Active,https://www.sebi.gov.in,2026-10-03,false
INH000001642,KJMC CAPITAL MARKET SERVICES LIMITED,Research Analyst,Active,https://www.sebi.gov.in,2026-10-03,false
INH000001741,DEUTSCHE EQUITIES INDIA PRIVATE LIMITED,Research Analyst,Active,https://www.sebi.gov.in,2026-10-03,false
INH000001758,LKP SECURITIES LIMITED,Research Analyst,Active,https://www.sebi.gov.in,2026-10-03,false
INH000001766,NIRMAL BANG SECURITIES PRIVATE LIMITED,Research Analyst,Active,https://www.sebi.gov.in,2026-10-03,false
INH000001824,WALLFORT FINANCIAL SERVICES LIMITED,Research Analyst,Active,https://www.sebi.gov.in,2026-10-03,false
INH000001873,J.P. MORGAN INDIA PRIVATE LIMITED,Research Analyst,Active,https://www.sebi.gov.in,2026-10-03,false
INH000001915,PRABHAT MITTAL,Research Analyst,Active,https://www.sebi.gov.in,2026-10-03,false
INH000001923,SAJAG SECURITIES PVT. LTD.,Research Analyst,Active,https://www.sebi.gov.in,2026-10-03,false
INH000002020,SARVENDRA SRIVASTAVA,Research Analyst,Active,https://www.sebi.gov.in,2026-10-03,false
INH000002046,CHARTS PUNDIT,Research Analyst,Active,https://www.sebi.gov.in,2026-10-03,false
INH000002053,TATA SECURITIES LIMITED,Research Analyst,Active,https://www.sebi.gov.in,2026-10-03,false
INH000002079,MOHIT PRAKASH GABA,Research Analyst,Active,https://www.sebi.gov.in,2026-10-03,false
INH000002095,JYOTI DEVIPRASAD BUDHIA,Research Analyst,Active,https://www.sebi.gov.in,2026-10-03,false
INH000002137,KUSH JITESH GHODASARA,Research Analyst,Active,https://www.sebi.gov.in,2026-10-03,false
INH000002145,ADITYA BIRLA MONEY LIMITED,Research Analyst,Active,https://www.sebi.gov.in,2026-10-03,false
INH000002186,MARWADI SHARES AND FINANCE LTD.,Research Analyst,Active,https://www.sebi.gov.in,2026-10-03,false
INH000002194,MASTER CAPITAL SERVICES LIMITED,Research Analyst,Active,https://www.sebi.gov.in,2026-10-03,false
INH000002376,YES SECURITIES (INDIA) LIMITED,Research Analyst,Active,https://www.sebi.gov.in,2026-10-03,false
INH000002384,IndusInd Securities Limited,Research Analyst,Active,https://www.sebi.gov.in,2026-10-03,false
INH000002434,AXIS CAPITAL LIMITED,Research Analyst,Active,https://www.sebi.gov.in,2026-10-03,false
INH000002459,IDBI Capital Markets and Securities Ltd,Research Analyst,Active,https://www.sebi.gov.in,2026-10-03,false
INH000002475,HDFC SECURITIES LIMITED,Research Analyst,Active,https://www.sebi.gov.in,2026-10-03,false
INH000002541,JULIUS BAER WEALTH ADVISORS (INDIA) PRIVATE LIMITED,Research Analyst,Active,https://www.sebi.gov.in,2026-10-03,false
INH000002558,NIVEZA INDIA PRIVATE LIMITED,Research Analyst,Active,https://www.sebi.gov.in,2026-10-03,false
INH000002590,Haitong Securities India Private Limited,Research Analyst,Active,https://www.sebi.gov.in,2026-10-03,false
INH000002608,PRASHANT S. VAISHAMPAYAN (PROPRIETOR OF TRIVIKRAM CONSULTANTS),Research Analyst,Active,https://www.sebi.gov.in,2026-10-03,false
INH000002665,SOUTH GUJARAT SHARES & SHAREBROKERS LIMITED,Research Analyst,Active,https://www.sebi.gov.in,2026-10-03,false
INH000002764,ARIHANT CAPITAL MARKETS LTD.,Research Analyst,Active,https://www.sebi.gov.in,2026-10-03,false
INH000002814,STANDARD CHARTERED BANK,Research Analyst,Active,https://www.sebi.gov.in,2026-10-03,false
INH000002855,DHAVAL P VYAS,Research Analyst,Active,https://www.sebi.gov.in,2026-10-03,false
INH000002947,SUSHIL KEDIA (SOLE PROPRIETOR OF KEDIANOMICS),Research Analyst,Active,https://www.sebi.gov.in,2026-10-03,false
INH000003051,Sanctum Wealth Private Limited,Research Analyst,Active,https://www.sebi.gov.in,2026-10-03,false
INH000003127,DILIP DAVDA,Research Analyst,Active,https://www.sebi.gov.in,2026-10-03,false
INH000003325,Options king research analyst,Research Analyst,Active,https://www.sebi.gov.in,2026-10-03,false
INH000003341,MILAN VAISHNAV,Research Analyst,Active,https://www.sebi.gov.in,2026-10-03,false
INH000003507,ABJ FINSTOCKS,Research Analyst,Active,https://www.sebi.gov.in,2026-10-03,false
INH000003663,BINDUL N SHAH,Research Analyst,Active,https://www.sebi.gov.in,2026-10-03,false
INH000004398,HEDGE EQUITIES LTD,Research Analyst,Active,https://www.sebi.gov.in,2026-10-03,false
INH000004413,SURESH RATHI SECURITIES PVT. LTD.,Research Analyst,Active,https://www.sebi.gov.in,2026-10-03,false
INH000004440,NIRAV DILIP DESAI,Research Analyst,Active,https://www.sebi.gov.in,2026-10-03,false
INH000004486,TRADEBULLS SECURITIES PRIVATE LIMITED,Research Analyst,Active,https://www.sebi.gov.in,2026-10-03,false
INH000004495,PORECHA SECURITIES,Research Analyst,Active,https://www.sebi.gov.in,2026-10-03,false
INH000004501,VINAY AGRAWAL,Research Analyst,Active,https://www.sebi.gov.in,2026-10-03,false
INH000004547,NITILESH ATMARAM PAWASKAR,Research Analyst,Active,https://www.sebi.gov.in,2026-10-03,false
INH000004592,PARESH,Research Analyst,Active,https://www.sebi.gov.in,2026-10-03,false
INH000004608,Roshni S Pardeshi,Research Analyst,Active,https://www.sebi.gov.in,2026-10-03,false
INH000004626,MINAL ADITYA JAIN,Research Analyst,Active,https://www.sebi.gov.in,2026-10-03,false
INH000004635,FIRST GLOBAL FINANCE PRIVATE LIMITED,Research Analyst,Active,https://www.sebi.gov.in,2026-10-03,false
INH000004787,Elixir Equities Pvt. Ltd.,Research Analyst,Active,https://www.sebi.gov.in,2026-10-03,false
INH000004820,Neeraj Prakash Marathe (Proprietor: Sentinel Research),Research Analyst,Active,https://www.sebi.gov.in,2026-10-03,false
INH000004884,Mita Mehta,Research Analyst,Active,https://www.sebi.gov.in,2026-10-03,false
INH000004918,Jignesh,Research Analyst,Active,https://www.sebi.gov.in,2026-10-03,false
INH000005050,Sandeep M. Wagle,Research Analyst,Active,https://www.sebi.gov.in,2026-10-03,false
INH000005069,PATEL ABHIKUMAR HARESBHAI,Research Analyst,Active,https://www.sebi.gov.in,2026-10-03,false
INH000005157,Vinay KULKARNI,Research Analyst,Active,https://www.sebi.gov.in,2026-10-03,false
INH000005184,Amit Suresh Jain,Research Analyst,Active,https://www.sebi.gov.in,2026-10-03,false
INH000005254,Kaviraj Securities Pvt. Ltd.,Research Analyst,Active,https://www.sebi.gov.in,2026-10-03,false
INH000005263,KUNAL,Research Analyst,Active,https://www.sebi.gov.in,2026-10-03,false
INH000005397,PRITAM PRABODH DEUSKAR,Research Analyst,Active,https://www.sebi.gov.in,2026-10-03,false
INH000005430,Dinesh Ranglal Somani Proprietor of Pro Intellitrade Services,Research Analyst,Active,https://www.sebi.gov.in,2026-10-03,false
INH000005494,Rajesh Ravindra Satpute,Research Analyst,Active,https://www.sebi.gov.in,2026-10-03,false
INH000005500,Himadri Ghosh Roy,Research Analyst,Active,https://www.sebi.gov.in,2026-10-03,false
INH000005519,ARUNKUMAR DALPATBHAI RANGPARIYA,Research Analyst,Active,https://www.sebi.gov.in,2026-10-03,false
INH000005537,JAVERI FISCAL SERVICES LTD,Research Analyst,Active,https://www.sebi.gov.in,2026-10-03,false
INH000005582,Profitmart Securities Pvt Ltd,Research Analyst,Active,https://www.sebi.gov.in,2026-10-03,false
INH000005625,Goldmine stocks Pvt Ltd.,Research Analyst,Active,https://www.sebi.gov.in,2026-10-03,false
INH000005661,KUSHAL B LAKHANI,Research Analyst,Active,https://www.sebi.gov.in,2026-10-03,false
INH000005740,Vispi,Research Analyst,Active,https://www.sebi.gov.in,2026-10-03,false
INH000005847,SAMCO Securities Limited,Research Analyst,Active,https://www.sebi.gov.in,2026-10-03,false
INH000005874,Nimesh Rajendra Thaker,Research Analyst,Active,https://www.sebi.gov.in,2026-10-03,false
INH000005908,SHARAD MISHRA,Research Analyst,Active,https://www.sebi.gov.in,2026-10-03,false
INH000005935,SUNIL KAMDAR,Research Analyst,Active,https://www.sebi.gov.in,2026-10-03,false
INH000005962,UMESH KARNE,Research Analyst,Active,https://www.sebi.gov.in,2026-10-03,false
INH000005971,Dipti,Research Analyst,Active,https://www.sebi.gov.in,2026-10-03,false
INH000006022,Neeraj Gupta,Research Analyst,Active,https://www.sebi.gov.in,2026-10-03,false
INH000006077,Dipen Shah,Research Analyst,Active,https://www.sebi.gov.in,2026-10-03,false
INH000006086,Atish Shakergaye Proprietor of Scoutstack Technical Research,Research Analyst,Active,https://www.sebi.gov.in,2026-10-03,false
INH000006095,HIREN DHANJIBHAI GARASONDIA,Research Analyst,Active,https://www.sebi.gov.in,2026-10-03,false
INH000006101,BRV CAPITAL PROP. BHAVESH RAMESHBHAI VASA,Research Analyst,Active,https://www.sebi.gov.in,2026-10-03,false
INH000006129,Inventure Growth & Securities Limited,Research Analyst,Active,https://www.sebi.gov.in,2026-10-03,false
INH000006156,Kedia Stocks and Commodities Research Pvt Ltd,Research Analyst,Active,https://www.sebi.gov.in,2026-10-03,false
INH000006174,KAVAN DILIPBHAI PATEL,Research Analyst,Active,https://www.sebi.gov.in,2026-10-03,false
INH000006183,Sharekhan Limited,Research Analyst,Active,https://www.sebi.gov.in,2026-10-03,false
INH000006314,Anshuman Chatterjee,Research Analyst,Active,https://www.sebi.gov.in,2026-10-03,false
INH000006332,Shubham Agarwal (Proprietor of Quantsapp Advisory),Research Analyst,Active,https://www.sebi.gov.in,2026-10-03,false
INH000006341,Akash Devidas Borkar,Research Analyst,Active,https://www.sebi.gov.in,2026-10-03,false
INH000006369,ABANS BROKING SERVICES PRIVATE LIMITED,Research Analyst,Active,https://www.sebi.gov.in,2026-10-03,false
INH000006378,Sanford C. Bernstein India Private Limited,Research Analyst,Active,https://www.sebi.gov.in,2026-10-03,false
INH000006396,DSIJ Wealth Advisory Private Limited,Research Analyst,Active,https://www.sebi.gov.in,2026-10-03,false
INH000006448,JAINAM BROKING LIMITED,Research Analyst,Active,https://www.sebi.gov.in,2026-10-03,false
INH000006475,Sandesh Nandode,Research Analyst,Active,https://www.sebi.gov.in,2026-10-03,false
INH000006518,GAUTAM VORA - ULJK RESEARCH,Research Analyst,Active,https://www.sebi.gov.in,2026-10-03,false
INH000006554,Institutional Shareholder Services India Private Limited,Research Analyst,Active,https://www.sebi.gov.in,2026-10-03,false
INH000006642,HARNISH MAHESH SHUKLA,Research Analyst,Active,https://www.sebi.gov.in,2026-10-03,false
INH000006697,Jamnadas Virji Advisory,Research Analyst,Active,https://www.sebi.gov.in,2026-10-03,false
INH000006712,Damani Financial Services Pvt Ltd,Research Analyst,Active,https://www.sebi.gov.in,2026-10-03,false
INH000006794,JAMNADAS MORARJEE SECURITIES LTD,Research Analyst,Active,https://www.sebi.gov.in,2026-10-03,false
INH000006819,PRERNA SHARMA,Research Analyst,Active,https://www.sebi.gov.in,2026-10-03,false
INH000006864,PRASHANT CHANDRAKANT BIRAJDAR,Research Analyst,Active,https://www.sebi.gov.in,2026-10-03,false
INH000006907,JEENA SCRIPTECH ALPHA ADVISORS PRIVATE LIMITED,Research Analyst,Active,https://www.sebi.gov.in,2026-10-03,false
INH000007030,HITESH TULSIBHAI CHAUHAN PROPRIETOR OF H2 INVESTMENT MANAGERS,Research Analyst,Active,https://www.sebi.gov.in,2026-10-03,false
INH000007094,RAJENDRA VITTHAL SURYAWANSHI,Research Analyst,Active,https://www.sebi.gov.in,2026-10-03,false
INH000007100,Falguni Vahora,Research Analyst,Active,https://www.sebi.gov.in,2026-10-03,false
INH000007216,Ankit Agrawal (Proprietor of Yellowstone Equity),Research Analyst,Active,https://www.sebi.gov.in,2026-10-03,false
INH000007289,JK SECURITIES PRIVATE LIMITED,Research Analyst,Active,https://www.sebi.gov.in,2026-10-03,false
INH000007429,SBI CAPITAL MARKETS LIMITED,Research Analyst,Active,https://www.sebi.gov.in,2026-10-03,false
INH000007465,Eqwires Research Analyst,Research Analyst,Active,https://www.sebi.gov.in,2026-10-03,false
INH000007483,JAMNADAS VIRJI SHARES & STOCK BROKERS PVT LTD,Research Analyst,Active,https://www.sebi.gov.in,2026-10-03,false
INH000007526,MIRAE ASSET CAPITAL MARKETS INDIA PRIVATE LIMITED,Research Analyst,Active,https://www.sebi.gov.in,2026-10-03,false
INH000007553,TRADE EDGE RESEARCH SERVICES,Research Analyst,Active,https://www.sebi.gov.in,2026-10-03,false
INH000007562,NARENDRA BHIMARAM PRAJAPATI,Research Analyst,Active,https://www.sebi.gov.in,2026-10-03,false
INH000007669,OPULENT INVESTMENT ADVISER PVT LTD,Research Analyst,Active,https://www.sebi.gov.in,2026-10-03,false
INH000007809,NAFA ASSET MANAGERS PRIVATE LIMITED,Research Analyst,Active,https://www.sebi.gov.in,2026-10-03,false
INH000007854,CRISIL Limited,Research Analyst,Active,https://www.sebi.gov.in,2026-10-03,false
INH000007863,Equinomics Research Pvt Ltd,Research Analyst,Active,https://www.sebi.gov.in,2026-10-03,false
INH000007924,Foram Chheda,Research Analyst,Active,https://www.sebi.gov.in,2026-10-03,false
INH000007997,KEYNOTE CAPITALS LIMITED,Research Analyst,Active,https://www.sebi.gov.in,2026-10-03,false
INH000008011,Amit Shreeram Goel,Research Analyst,Active,https://www.sebi.gov.in,2026-10-03,false
INH000008075,Nooresh Merani,Research Analyst,Active,https://www.sebi.gov.in,2026-10-03,false
INH000008084,RAHUL BHANDAWAT,Research Analyst,Active,https://www.sebi.gov.in,2026-10-03,false
INH000008093,Onepaper Research Analysts Pvt Ltd,Research Analyst,Active,https://www.sebi.gov.in,2026-10-03,false
INH000008109,Sandip Sabharwal,Research Analyst,Active,https://www.sebi.gov.in,2026-10-03,false
INH000008136,ASHISH AROLE PROPRIETOR OF EQUITY MIDAS CAPITAL,Research Analyst,Active,https://www.sebi.gov.in,2026-10-03,false
INH000008163,CHANDER SURANA,Research Analyst,Active,https://www.sebi.gov.in,2026-10-03,false
INH000008172,Mohanish Sanghavi,Research Analyst,Active,https://www.sebi.gov.in,2026-10-03,false
INH000008190,Vineet Ashwinikumar Chawla,Research Analyst,Active,https://www.sebi.gov.in,2026-10-03,false
INH000008206,OMKARA CAPITAL PRIVATE LIMITED,Research Analyst,Active,https://www.sebi.gov.in,2026-10-03,false
INH000008288,Pankaj Randad (Proprietor: Equinox Research & Advisors),Research Analyst,Active,https://www.sebi.gov.in,2026-10-03,false
INH000008349,YADNYA ACADEMY PRIVATE LIMITED,Research Analyst,Active,https://www.sebi.gov.in,2026-10-03,false
INH000008358,PB Shruti,Research Analyst,Active,https://www.sebi.gov.in,2026-10-03,false
INH000008376,Abhijit Chokshi (Proprietor: Stockifi),Research Analyst,Active,https://www.sebi.gov.in,2026-10-03,false
INH000008394,UPMARKET,Research Analyst,Active,https://www.sebi.gov.in,2026-10-03,false
INH000008419,Srayance Jain,Research Analyst,Active,https://www.sebi.gov.in,2026-10-03,false
INH000008428,Mehul Pravinbhai Jiyani,Research Analyst,Active,https://www.sebi.gov.in,2026-10-03,false
INH000008455,ROHIT GHOLAP,Research Analyst,Active,https://www.sebi.gov.in,2026-10-03,false
INH000008552,Sitanshu Gala (Proprietor: PowerTrade Equity and Advisory Services),Research Analyst,Active,https://www.sebi.gov.in,2026-10-03,false
INH000008570,MAITREYA GOVIND MAHAJAN,Research Analyst,Active,https://www.sebi.gov.in,2026-10-03,false
INH000008677,Salonee Sanghvi Proprietor My Wealth Guide,Research Analyst,Active,https://www.sebi.gov.in,2026-10-03,false
INH000008686,Morningstar Investment Research India Private Limited,Research Analyst,Active,https://www.sebi.gov.in,2026-10-03,false
INH000008835,Ganesh Sandeep Nagarsekar,Research Analyst,Active,https://www.sebi.gov.in,2026-10-03,false
INH000008899,Prashant P. sawant,Research Analyst,Active,https://www.sebi.gov.in,2026-10-03,false
INH000008923,Ankush Suresh Jain,Research Analyst,Active,https://www.sebi.gov.in,2026-10-03,false
INH000008941,Ankush Dhanendra Agrawal,Research Analyst,Active,https://www.sebi.gov.in,2026-10-03,false
INH000008969,Anup Tiwari,Research Analyst,Active,https://www.sebi.gov.in,2026-10-03,false
INH000008996,WealthTrust Capital Services,Research Analyst,Active,https://www.sebi.gov.in,2026-10-03,false
INH000009001,Nikhil Dayanand Baljekar,Research Analyst,Active,https://www.sebi.gov.in,2026-10-03,false
INH000009047,"Nikhil Gangil Proprietor, Intrinsic Value Equity Advisors",Research Analyst,Active,https://www.sebi.gov.in,2026-10-03,false
INH000009074,Prosperity Wealth Adviser,Research Analyst,Active,https://www.sebi.gov.in,2026-10-03,false
INH000009126,Kishore Suvarna,Research Analyst,Active,https://www.sebi.gov.in,2026-10-03,false
INH000009153,Vivek P Dhumale,Research Analyst,Active,https://www.sebi.gov.in,2026-10-03,false
INH000009162,Aniket Nerkar,Research Analyst,Active,https://www.sebi.gov.in,2026-10-03,false
INH000009180,STRATZY FINTECH PRIVATE LIMITED,Research Analyst,Active,https://www.sebi.gov.in,2026-10-03,false
INH000009205,Omkar Balkrishna Joshi,Research Analyst,Active,https://www.sebi.gov.in,2026-10-03,false
INH000009223,Vishwas wealth Advisors,Research Analyst,Active,https://www.sebi.gov.in,2026-10-03,false
INH000009269,Trade Encore,Research Analyst,Active,https://www.sebi.gov.in,2026-10-03,false
INH000009311,GAURAV SHRIRAM KULKARNI,Research Analyst,Active,https://www.sebi.gov.in,2026-10-03,false
INH000009418,TRADING BRAIN 4U,Research Analyst,Active,https://www.sebi.gov.in,2026-10-03,false
INH000009427,Pavan Raghuvanshi Proprietor of HighRise Research,Research Analyst,Active,https://www.sebi.gov.in,2026-10-03,false
INH000009445,TM INVESTMENT TECHNOLOGIES PRIVATE LIMITED,Research Analyst,Active,https://www.sebi.gov.in,2026-10-03,false
INH000009463,ABHISHEK NANDAN,Research Analyst,Active,https://www.sebi.gov.in,2026-10-03,false
INH000009524,Mintbox Solutions Private Limited,Research Analyst,Active,https://www.sebi.gov.in,2026-10-03,false
INH000009533,Santosh Kumar Karmraj Pasi,Research Analyst,Active,https://www.sebi.gov.in,2026-10-03,false
INH000009560,Shashank Verma Proprietor of Big Bull Research,Research Analyst,Active,https://www.sebi.gov.in,2026-10-03,false
INH000009588,Aditya Jain,Research Analyst,Active,https://www.sebi.gov.in,2026-10-03,false
INH000009603,InveStellar Equity Research and Consulting,Research Analyst,Active,https://www.sebi.gov.in,2026-10-03,false
INH000009630,Solomon Henry Pinto,Research Analyst,Active,https://www.sebi.gov.in,2026-10-03,false
INH000009676,WEALTHVIEW ANALYTICS PRIVATE LIMITED,Research Analyst,Active,https://www.sebi.gov.in,2026-10-03,false
INH000009685,DHARMESH BHATT,Research Analyst,Active,https://www.sebi.gov.in,2026-10-03,false
INH000009694,Research Mart Services Private Limited,Research Analyst,Active,https://www.sebi.gov.in,2026-10-03,false
INH000009719,BRAINSTORMERZ RESEARCH AND DATA ANALYTICS PRIVATE LIMITED,Research Analyst,Active,https://www.sebi.gov.in,2026-10-03,false
INH000009737,Abhishek Sharma Proprietor of Index Research,Research Analyst,Active,https://www.sebi.gov.in,2026-10-03,false
INH000009746,Sujay Chaudhari,Research Analyst,Active,https://www.sebi.gov.in,2026-10-03,false
INH000009764,AKASH KHATRI PROPRIETOR OF WEALTHY BRAINS,Research Analyst,Active,https://www.sebi.gov.in,2026-10-03,false
INH000009773,VISION ONLY RESEARCH SERVICES PRIVATE LIMITED,Research Analyst,Active,https://www.sebi.gov.in,2026-10-03,false
INH000009782,Vijay Laxmi,Research Analyst,Active,https://www.sebi.gov.in,2026-10-03,false
INH000009807,Sumit Poddar Proprietor Tikona Capital,Research Analyst,Active,https://www.sebi.gov.in,2026-10-03,false
INH000009816,Liquide Solutions Private Limited,Research Analyst,Active,https://www.sebi.gov.in,2026-10-03,false
INH000009825,Octanom Tech Private Limited,Research Analyst,Active,https://www.sebi.gov.in,2026-10-03,false
INH000009834,INTENSIFY RESEARCH SERVICES PRIVATE LIMITED,Research Analyst,Active,https://www.sebi.gov.in,2026-10-03,false
INH000009843,KAMAYAKYA WEALTH MANAGEMENT PRIVATE LIMITED,Research Analyst,Active,https://www.sebi.gov.in,2026-10-03,false
INH000009852,PROFIT BELL RESEARCH,Research Analyst,Active,https://www.sebi.gov.in,2026-10-03,false
INH000009861,INVESTOBAZAR WEALTH NIVESH PRIVATE LIMITED,Research Analyst,Active,https://www.sebi.gov.in,2026-10-03,false
INH000009898,Investomania Research Services Private Limited,Research Analyst,Active,https://www.sebi.gov.in,2026-10-03,false
INH000010043,BAJAJ FINANCIAL SECURITIES LIMITED,Research Analyst,Active,https://www.sebi.gov.in,2026-10-03,false
INH000010052,Pioneer Wealth Management Services Limited,Research Analyst,Active,https://www.sebi.gov.in,2026-10-03,false
INH000010070,Bullish India Capital Pvt. Ltd.,Research Analyst,Active,https://www.sebi.gov.in,2026-10-03,false
INH000010089,Neeraj Kawadkar Proprietor of Finovoice,Research Analyst,Active,https://www.sebi.gov.in,2026-10-03,false
INH000010098,PUNAM HUKUMCHAND KUCHERIA,Research Analyst,Active,https://www.sebi.gov.in,2026-10-03,false
INH000010104,Varalakshmi Balaji,Research Analyst,Active,https://www.sebi.gov.in,2026-10-03,false
INH000010113,INVEST4EDU PRIVATE LIMITED,Research Analyst,Active,https://www.sebi.gov.in,2026-10-03,false
INH000010131,Shriram Sreenivasan,Research Analyst,Active,https://www.sebi.gov.in,2026-10-03,false
INH000010140,MAUSUMI PANDA,Research Analyst,Active,https://www.sebi.gov.in,2026-10-03,false
INH000010168,SACHIN GUPTA,Research Analyst,Active,https://www.sebi.gov.in,2026-10-03,false
INH000010177,Mint Investing,Research Analyst,Active,https://www.sebi.gov.in,2026-10-03,false
INH000010195,Neha Dogra,Research Analyst,Active,https://www.sebi.gov.in,2026-10-03,false
INH000010201,HARIOM PANCHAL,Research Analyst,Active,https://www.sebi.gov.in,2026-10-03,false
INH000010229,Plutus Advisors,Research Analyst,Active,https://www.sebi.gov.in,2026-10-03,false
INH000010238,FINWIZARD TECHNOLOGY PRIVATE LIMITED,Research Analyst,Active,https://www.sebi.gov.in,2026-10-03,false
INH000010247,Mohd Irshad Gafuli,Research Analyst,Active,https://www.sebi.gov.in,2026-10-03,false
INH000010256,ASPERO MARKETS PRIVATE LIMITED,Research Analyst,Active,https://www.sebi.gov.in,2026-10-03,false
INH000010265,Prabhash Mishra,Research Analyst,Active,https://www.sebi.gov.in,2026-10-03,false
INH000010274,RONAK MOONDRA,Research Analyst,Active,https://www.sebi.gov.in,2026-10-03,false
INH000010283,Mudit Bali,Research Analyst,Active,https://www.sebi.gov.in,2026-10-03,false
INH000010292,Bharat Rathode Proprietor TradeAura Research,Research Analyst,Active,https://www.sebi.gov.in,2026-10-03,false
INH000010308,GREENCURVE SECURITIES,Research Analyst,Active,https://www.sebi.gov.in,2026-10-03,false
INH000010317,Naga Venkata Satyanarayana Rao Adivi,Research Analyst,Active,https://www.sebi.gov.in,2026-10-03,false
INH000010326,Stockace Financial Services,Research Analyst,Active,https://www.sebi.gov.in,2026-10-03,false
INH000010335,RAGHUNANDAN CAPITAL PRIVATE LIMITED,Research Analyst,Active,https://www.sebi.gov.in,2026-10-03,false
INH000010344,Definedge Securities Broking Private Limited,Research Analyst,Active,https://www.sebi.gov.in,2026-10-03,false
INH000010362,PRIDE TRADING CONSULTANCY PRIVATE LIMITED,Research Analyst,Active,https://www.sebi.gov.in,2026-10-03,false
INH000010371,INDIAN MARKET VIEW,Research Analyst,Active,https://www.sebi.gov.in,2026-10-03,false
INH000010399,Nitin Jain,Research Analyst,Active,https://www.sebi.gov.in,2026-10-03,false
INH000010414,KALPESH BALKRISHNA NEVGI,Research Analyst,Active,https://www.sebi.gov.in,2026-10-03,false
INH000010423,RISHI RAI,Research Analyst,Active,https://www.sebi.gov.in,2026-10-03,false
INH000010432,Suhas Fruitwala,Research Analyst,Active,https://www.sebi.gov.in,2026-10-03,false
INH000010441,Ankush Bajaj,Research Analyst,Active,https://www.sebi.gov.in,2026-10-03,false
INH000010450,ARVIND MANGAL,Research Analyst,Active,https://www.sebi.gov.in,2026-10-03,false
INH000010478,Sahil Rohmehtra,Research Analyst,Active,https://www.sebi.gov.in,2026-10-03,false
INH000010487,GAURI ANAND,Research Analyst,Active,https://www.sebi.gov.in,2026-10-03,false
INH000010496,RAMAKRISHNAN T.B,Research Analyst,Active,https://www.sebi.gov.in,2026-10-03,false
INH000010502,Mayank Bansal,Research Analyst,Active,https://www.sebi.gov.in,2026-10-03,false
INH000010511,Vineet Mukesh Rajani,Research Analyst,Active,https://www.sebi.gov.in,2026-10-03,false
INH000010566,Anitha M Proprietor of Brightways Financial Services,Research Analyst,Active,https://www.sebi.gov.in,2026-10-03,false
INH000010575,AHIR ISHANI PROPRIETOR OF VENTURA RESEARCH,Research Analyst,Active,https://www.sebi.gov.in,2026-10-03,false
INH000010584,HARJIVANDAS NEMIDAS SECURITIES PRIVATE LIMITED,Research Analyst,Active,https://www.sebi.gov.in,2026-10-03,false
INH000010593,NKD AND ASSOCIATES,Research Analyst,Active,https://www.sebi.gov.in,2026-10-03,false
INH000010609,RAVI PRAKASH MISHRA PROPRIETOR OF RA SOLUTION,Research Analyst,Active,https://www.sebi.gov.in,2026-10-03,false
INH000010618,STOCK GENIUS,Research Analyst,Active,https://www.sebi.gov.in,2026-10-03,false
INH000010627,SEED CAPITAL RESEARCH PROPRIETOR : SHASHANK PRATAP SINGH,Research Analyst,Active,https://www.sebi.gov.in,2026-10-03,false
INH000010645,HITESH SOMANI,Research Analyst,Active,https://www.sebi.gov.in,2026-10-03,false
INH000010672,Madhu Bansal,Research Analyst,Active,https://www.sebi.gov.in,2026-10-03,false
INH000010681,JAI SHEWARAMANI,Research Analyst,Active,https://www.sebi.gov.in,2026-10-03,false
INH000010690,Ramprasad Omprakash Mundada proprietor of Maxpro capital advisory,Research Analyst,Active,https://www.sebi.gov.in,2026-10-03,false
INH000010706,Vishal VallabhBhai Bhingaradiya,Research Analyst,Active,https://www.sebi.gov.in,2026-10-03,false
INH000010715,SHASHANK BANSAL,Research Analyst,Active,https://www.sebi.gov.in,2026-10-03,false
INH000010724,Rohan Tyagi,Research Analyst,Active,https://www.sebi.gov.in,2026-10-03,false
INH000010742,Investmentor Securities Limited,Research Analyst,Active,https://www.sebi.gov.in,2026-10-03,false
INH000010751,Anshul Pathania,Research Analyst,Active,https://www.sebi.gov.in,2026-10-03,false
INH000010760,Kunj B Bansal,Research Analyst,Active,https://www.sebi.gov.in,2026-10-03,false
INH000010779,Parekh Sweety Rajkumar,Research Analyst,Active,https://www.sebi.gov.in,2026-10-03,false
INH000010797,Naresh Gidwani,Research Analyst,Active,https://www.sebi.gov.in,2026-10-03,false
INH000010803,Suhail Ahmed Proprietor of Yourstock Research,Research Analyst,Active,https://www.sebi.gov.in,2026-10-03,false
INH000010812,Vivek KR Singh,Research Analyst,Active,https://www.sebi.gov.in,2026-10-03,false
INH000010821,Suryansh Singh Chandel,Research Analyst,Active,https://www.sebi.gov.in,2026-10-03,false
INH000010830,KUNDAN MISHRA,Research Analyst,Active,https://www.sebi.gov.in,2026-10-03,false
INH000010849,Bivhav Nayak Proprietor of BN Research Services,Research Analyst,Active,https://www.sebi.gov.in,2026-10-03,false
INH000010858,GOPI KRISHNA MATCHA,Research Analyst,Active,https://www.sebi.gov.in,2026-10-03,false
INH000010876,WAYA FINANCIAL TECHNOLOGIES PRIVATE LIMITED,Research Analyst,Active,https://www.sebi.gov.in,2026-10-03,false
INH000010885,NIRLEP SHAH,Research Analyst,Active,https://www.sebi.gov.in,2026-10-03,false
INH000010900,Mitalm Gauswami,Research Analyst,Active,https://www.sebi.gov.in,2026-10-03,false
INH000010919,NIVESHARTHA PRIVATE LIMITED,Research Analyst,Active,https://www.sebi.gov.in,2026-10-03,false
INH000010928,Ruhi Chopra proprietor of Suruhi Research,Research Analyst,Active,https://www.sebi.gov.in,2026-10-03,false
INH000010937,PARAG S SUMARIA,Research Analyst,Active,https://www.sebi.gov.in,2026-10-03,false
INH000010946,SAMEER SATISH MEKDE,Research Analyst,Active,https://www.sebi.gov.in,2026-10-03,false
INH000010955,Bhavin kishorbhai sorathiya,Research Analyst,Active,https://www.sebi.gov.in,2026-10-03,false
INH000010982,KAVITA AGRAWAL,Research Analyst,Active,https://www.sebi.gov.in,2026-10-03,false
INH000010991,PRIYANKA YADAV PROPRIETOR OF TRADE MONEY RESEARCH,Research Analyst,Active,https://www.sebi.gov.in,2026-10-03,false
INH000011006,HARSH VARDHAN PROPRIETOR OF STOCK OCEAN,Research Analyst,Active,https://www.sebi.gov.in,2026-10-03,false
INH000011024,INCRED RESEARCH SERVICES PRIVATE LIMITED,Research Analyst,Active,https://www.sebi.gov.in,2026-10-03,false
INH000011033,PAWANDEEP SINGH BHATIA,Research Analyst,Active,https://www.sebi.gov.in,2026-10-03,false
INH000011042,Sudip Brahmachary,Research Analyst,Active,https://www.sebi.gov.in,2026-10-03,false
INH000011060,ARTHA CAPITAL,Research Analyst,Active,https://www.sebi.gov.in,2026-10-03,false
INH000011088,Naveen Kumar Choudhary,Research Analyst,Active,https://www.sebi.gov.in,2026-10-03,false
INH000011097,Shishant Bhargava Proprietor of Gajnidhi Research,Research Analyst,Active,https://www.sebi.gov.in,2026-10-03,false
INH000011103,Nuvama Wealth and Investment Limited,Research Analyst,Active,https://www.sebi.gov.in,2026-10-03,false
INH000011112,INTELISYS VENTURES PRIVATE LIMITED,Research Analyst,Active,https://www.sebi.gov.in,2026-10-03,false
INH000011149,WealthTrust Capital Services,Research Analyst,Active,https://www.sebi.gov.in,2026-10-03,false
INH000011158,KRISHNA KUMAR,Research Analyst,Active,https://www.sebi.gov.in,2026-10-03,false
INH000011167,s&ta equity research,Research Analyst,Active,https://www.sebi.gov.in,2026-10-03,false
INH000011185,Aditya Umesh Hujband,Research Analyst,Active,https://www.sebi.gov.in,2026-10-03,false
INH000011219,J G Shah Financial Consultants Private Limited,Research Analyst,Active,https://www.sebi.gov.in,2026-10-03,false
INH000011228,RAHEJA STOCK BROKERS PRIVATE LIMITED,Research Analyst,Active,https://www.sebi.gov.in,2026-10-03,false
INH000011237,Smruti Kshirsagar,Research Analyst,Active,https://www.sebi.gov.in,2026-10-03,false
INH000011246,DRCHOKSEY FINSERV PRIVATE LIMITED,Research Analyst,Active,https://www.sebi.gov.in,2026-10-03,false
INH000011255,UTTAM SINGH BAIS,Research Analyst,Active,https://www.sebi.gov.in,2026-10-03,false
INH000011264,Shashikant Nagar,Research Analyst,Active,https://www.sebi.gov.in,2026-10-03,false
INH000011282,BIJAY KUMAR SHARMA,Research Analyst,Active,https://www.sebi.gov.in,2026-10-03,false
INH000011291,Krishnakumar BV,Research Analyst,Active,https://www.sebi.gov.in,2026-10-03,false
INH000011307,Poulomi Harolikar,Research Analyst,Active,https://www.sebi.gov.in,2026-10-03,false
INH000011316,NUVAMA WEALTH MANAGEMENT LIMITED,Research Analyst,Active,https://www.sebi.gov.in,2026-10-03,false
INH000011325,SUGAM KUMAR KASHYAP,Research Analyst,Active,https://www.sebi.gov.in,2026-10-03,false
INH000011343,Saweety Saharan Proprietor of insight research,Research Analyst,Active,https://www.sebi.gov.in,2026-10-03,false
INH000011352,Wealth Tree Research and Advisory Services,Research Analyst,Active,https://www.sebi.gov.in,2026-10-03,false
INH000011361,SHAIL SHAKUNT APTE PROPRIETOR OF CHEVETOL RESOURCES,Research Analyst,Active,https://www.sebi.gov.in,2026-10-03,false
INH000011370,Varun Patel proprietor of Jap Fin Serve,Research Analyst,Active,https://www.sebi.gov.in,2026-10-03,false
INH000011389,VAIBHAVKUMAR HARSHADBHAI SODVADIYA,Research Analyst,Active,https://www.sebi.gov.in,2026-10-03,false
INH000011398,MOHD FAISAL MOHD ASRAF GAFULI,Research Analyst,Active,https://www.sebi.gov.in,2026-10-03,false
INH000011413,AMIT NITIN SHAH,Research Analyst,Active,https://www.sebi.gov.in,2026-10-03,false
INH000011431,360 ONE Distribution Services Limited,Research Analyst,Active,https://www.sebi.gov.in,2026-10-03,false
INH000011459,Vikas Bagoriya Proprietor of Just Research,Research Analyst,Active,https://www.sebi.gov.in,2026-10-03,false
INH000011468,Alok Daiya,Research Analyst,Active,https://www.sebi.gov.in,2026-10-03,false
INH000011477,KARUNA BISHT,Research Analyst,Active,https://www.sebi.gov.in,2026-10-03,false
INH000011486,Rajendra Singh Chawalkar Proprietor RSC Research,Research Analyst,Active,https://www.sebi.gov.in,2026-10-03,false
INH000011495,M/s Adira Securities Research,Research Analyst,Active,https://www.sebi.gov.in,2026-10-03,false
INH000011501,Akash Garg Proprietor of AG Analyst,Research Analyst,Active,https://www.sebi.gov.in,2026-10-03,false
INH000011510,Anupam Shrivastava,Research Analyst,Active,https://www.sebi.gov.in,2026-10-03,false
INH000011529,Pankhuri Agrawal,Research Analyst,Active,https://www.sebi.gov.in,2026-10-03,false
INH000011538,Researchvia,Research Analyst,Active,https://www.sebi.gov.in,2026-10-03,false
INH000011787,ZAFAR IQBAL,Research Analyst,Active,https://www.sebi.gov.in,2026-10-03,false
INH000011802,Sandeep Gome proprietor of Assure Market Research,Research Analyst,Active,https://www.sebi.gov.in,2026-10-03,false
INH000011820,anujkumar lalitbhai kargathra,Research Analyst,Active,https://www.sebi.gov.in,2026-10-03,false
INH000011839,Ansh Bhilwar,Research Analyst,Active,https://www.sebi.gov.in,2026-10-03,false
INH000011848,Muskan Wadhwani Proprietor Omni Capital Market Research,Research Analyst,Active,https://www.sebi.gov.in,2026-10-03,false
INH000011866,ASHISH KUMAR,Research Analyst,Active,https://www.sebi.gov.in,2026-10-03,false
INH000011875,Balasara Mayur MeramBhai,Research Analyst,Active,https://www.sebi.gov.in,2026-10-03,false
INH000011893,Love Sharma Proprietor of Amaradarsh Research And Analytics,Research Analyst,Active,https://www.sebi.gov.in,2026-10-03,false
INH000011909,ARUNIMA RAI PROPRIETOR SV STOCK RESEARCH,Research Analyst,Active,https://www.sebi.gov.in,2026-10-03,false
INH000011918,Fynocrat Technologies Private Limited,Research Analyst,Active,https://www.sebi.gov.in,2026-10-03,false
INH000011927,FINVASIA SECURITIES PRIVATE LIMITED,Research Analyst,Active,https://www.sebi.gov.in,2026-10-03,false
INH000011936,RAJESH KUMAR SODHANI,Research Analyst,Active,https://www.sebi.gov.in,2026-10-03,false
INH000011954,Mohit Agrawal,Research Analyst,Active,https://www.sebi.gov.in,2026-10-03,false
INH000011963,GOPAL LOHAR,Research Analyst,Active,https://www.sebi.gov.in,2026-10-03,false
INH000011972,DEEPAK AGRAWAL,Research Analyst,Active,https://www.sebi.gov.in,2026-10-03,false
INH000012157,INVESTOWRYGHT RESEARCH ANALYTICS PRIVATE LIMITED,Research Analyst,Active,https://www.sebi.gov.in,2026-10-03,false
INH000012166,FINKNIT RESEARCH ANALYSIS PRIVATE LIMITED,Research Analyst,Active,https://www.sebi.gov.in,2026-10-03,false
INH000012175,WEALTHYIN BROKING PRIVATE LIMITED,Research Analyst,Active,https://www.sebi.gov.in,2026-10-03,false
INH000012184,RAVI BHARATKUMAR GUPTA,Research Analyst,Active,https://www.sebi.gov.in,2026-10-03,false
INH000012193,JITENDRA JAISWAL,Research Analyst,Active,https://www.sebi.gov.in,2026-10-03,false
INH000012209,HENSEX SECURITIES PRIVATE LIMITED,Research Analyst,Active,https://www.sebi.gov.in,2026-10-03,false
INH000012218,Rishav Kasera Proprietor Novel Research House,Research Analyst,Active,https://www.sebi.gov.in,2026-10-03,false
INH000012227,PROFIDESKK RESEARCH,Research Analyst,Active,https://www.sebi.gov.in,2026-10-03,false
INH000012245,PRATIK CHANDRA,Research Analyst,Active,https://www.sebi.gov.in,2026-10-03,false
INH000012254,AD STREETBULLS RESEARCH SERVICES,Research Analyst,Active,https://www.sebi.gov.in,2026-10-03,false
INH000012263,SOVEREIGN GLOBAL MARKETS PRIVATE LIMITED,Research Analyst,Active,https://www.sebi.gov.in,2026-10-03,false
INH000012272,TechnoFunda Ventures Private Limited,Research Analyst,Active,https://www.sebi.gov.in,2026-10-03,false
INH000012281,Chhotastock Research & Finance Private Limited,Research Analyst,Active,https://www.sebi.gov.in,2026-10-03,false
INH000012290,ARJUNA RESEARCH AND FINANCIAL SERVICES PRIVATE LIMITED,Research Analyst,Active,https://www.sebi.gov.in,2026-10-03,false
INH000012333,Deepthi Rai proprietor of FIINASPIIRA RESEARCH SERVICES,Research Analyst,Active,https://www.sebi.gov.in,2026-10-03,false
INH000012351,EQUITY4LIFE IH ANALYTICS PRIVATE LIMITED,Research Analyst,Active,https://www.sebi.gov.in,2026-10-03,false
INH000012360,Akshat Agarwala,Research Analyst,Active,https://www.sebi.gov.in,2026-10-03,false
INH000012379,MarketWolf Securities Private Limited,Research Analyst,Active,https://www.sebi.gov.in,2026-10-03,false
INH000012388,IRSHAD AHMAD PROPRIETOR PHANTOM MARKET RESEARCH,Research Analyst,Active,https://www.sebi.gov.in,2026-10-03,false
INH000012397,Intensive Fiscal Services Private Limited,Research Analyst,Active,https://www.sebi.gov.in,2026-10-03,false
INH000012403,Inuvest Financial Technologies Pvt Ltd,Research Analyst,Active,https://www.sebi.gov.in,2026-10-03,false
INH000012421,ANS PRIVATE LIMITED,Research Analyst,Active,https://www.sebi.gov.in,2026-10-03,false
INH000012430,Angel Securities Limited,Research Analyst,Active,https://www.sebi.gov.in,2026-10-03,false
INH000012449,MOOL CAPITAL PRIVATE LIMITED,Research Analyst,Active,https://www.sebi.gov.in,2026-10-03,false
INH000012458,FINTEREST CAPITAL RESEARCH PRIVATE LIMITED,Research Analyst,Active,https://www.sebi.gov.in,2026-10-03,false
INH000012467,Almondz Financial Services Limited,Research Analyst,Active,https://www.sebi.gov.in,2026-10-03,false
INH000012476,Krest Research,Research Analyst,Active,https://www.sebi.gov.in,2026-10-03,false
INH000012485,KIFS Trade Capital Private Limited,Research Analyst,Active,https://www.sebi.gov.in,2026-10-03,false
INH000012494,Ambit Wealth Private Limited,Research Analyst,Active,https://www.sebi.gov.in,2026-10-03,false
INH000012519,NIRMAL KUMAR SARDA,Research Analyst,Active,https://www.sebi.gov.in,2026-10-03,false
INH000012537,Shree Ram Raut,Research Analyst,Active,https://www.sebi.gov.in,2026-10-03,false
INH000012546,VSPARTANS CONSULTANTS PRIVATE LIMITED,Research Analyst,Active,https://www.sebi.gov.in,2026-10-03,false
INH000012555,Jatneshwar Rajendra Shukla,Research Analyst,Active,https://www.sebi.gov.in,2026-10-03,false
INH000012582,SOIC Intelligent Research LLP,Research Analyst,Active,https://www.sebi.gov.in,2026-10-03,false
INH000012591,RAVI BHATT,Research Analyst,Active,https://www.sebi.gov.in,2026-10-03,false
INH000012616,SNEHA VASUDEO,Research Analyst,Active,https://www.sebi.gov.in,2026-10-03,false
INH000012625,Rachana A Vaidya,Research Analyst,Active,https://www.sebi.gov.in,2026-10-03,false
INH000012634,Abhishek Dave Proprietor Fiscal Solution and Research,Research Analyst,Active,https://www.sebi.gov.in,2026-10-03,false
INH000012652,Narendra Singh Rajput Proprietor Finest Capital Research,Research Analyst,Active,https://www.sebi.gov.in,2026-10-03,false
INH000012661,SONAM JAIN,Research Analyst,Active,https://www.sebi.gov.in,2026-10-03,false
INH000012689,AKHIL KUMAR RAI PROPRIETOR 3i RESEARCH,Research Analyst,Active,https://www.sebi.gov.in,2026-10-03,false
INH000012698,Sonali Talreja,Research Analyst,Active,https://www.sebi.gov.in,2026-10-03,false
INH000012704,Richesse Consultants LLP,Research Analyst,Active,https://www.sebi.gov.in,2026-10-03,false
INH000012713,Ekwiti Research,Research Analyst,Active,https://www.sebi.gov.in,2026-10-03,false
INH000012731,Ramesh Kumar Pandey Proprietor Money Treasure Research,Research Analyst,Active,https://www.sebi.gov.in,2026-10-03,false
INH000012740,Palash Kag Proprietor Sarathi Research,Research Analyst,Active,https://www.sebi.gov.in,2026-10-03,false
INH000012759,Finnalysis Research Analyst,Research Analyst,Active,https://www.sebi.gov.in,2026-10-03,false
INH000012768,S Harish Chandan,Research Analyst,Active,https://www.sebi.gov.in,2026-10-03,false
INH000012786,Visual Research,Research Analyst,Active,https://www.sebi.gov.in,2026-10-03,false
INH000012795,Asit Baran Pati,Research Analyst,Active,https://www.sebi.gov.in,2026-10-03,false
INH000012801,NIKHIL SINGH GANGWAR,Research Analyst,Active,https://www.sebi.gov.in,2026-10-03,false
INH000012810,ANKIT RAJ,Research Analyst,Active,https://www.sebi.gov.in,2026-10-03,false
INH000012829,Mohd Kasfur Dhuniyan,Research Analyst,Active,https://www.sebi.gov.in,2026-10-03,false
INH000012838,Saurab Jain Proprietor Investment Cure Research,Research Analyst,Active,https://www.sebi.gov.in,2026-10-03,false
INH000012847,STOCKBULL RESEARCH PROP. ASHISH CHOCHA,Research Analyst,Active,https://www.sebi.gov.in,2026-10-03,false
INH000012856,DEEPAK PAL PROPRIETOR INVESTOGAINER RESEARCH,Research Analyst,Active,https://www.sebi.gov.in,2026-10-03,false
INH000012865,Deepika Bundela Proprietor of Trade Icon Research Analyst,Research Analyst,Active,https://www.sebi.gov.in,2026-10-03,false
INH000012874,City Equity Research,Research Analyst,Active,https://www.sebi.gov.in,2026-10-03,false
INH000012883,Vijay Moye Proprietor of Tradespike Research Services,Research Analyst,Active,https://www.sebi.gov.in,2026-10-03,false
INH000012892,DAYCO SECURITIES PRIVATE LIMITED,Research Analyst,Active,https://www.sebi.gov.in,2026-10-03,false
INH000012908,Kunal Hasmukhlal Shah,Research Analyst,Active,https://www.sebi.gov.in,2026-10-03,false
INH000012917,GOURAV KUMAR NAYAK,Research Analyst,Active,https://www.sebi.gov.in,2026-10-03,false
INH000012935,AKASH AGARWAL,Research Analyst,Active,https://www.sebi.gov.in,2026-10-03,false
INH000012944,PAWAN MAHESHWARI,Research Analyst,Active,https://www.sebi.gov.in,2026-10-03,false
INH000012953,LNPR CAPITAL,Research Analyst,Active,https://www.sebi.gov.in,2026-10-03,false
INH000012962,"Bikram Gupta, Proprietor, Northpull Capital",Research Analyst,Active,https://www.sebi.gov.in,2026-10-03,false
INH000012999,Esha Parikh,Research Analyst,Active,https://www.sebi.gov.in,2026-10-03,false
INH000013004,Miteshkumar A Panchal,Research Analyst,Active,https://www.sebi.gov.in,2026-10-03,false
INH000013022,Mudit Goyal,Research Analyst,Active,https://www.sebi.gov.in,2026-10-03,false
INH000013031,SUDIP BANDYOPADHYAY,Research Analyst,Active,https://www.sebi.gov.in,2026-10-03,false
INH000013040,ATHARVA VINAYAK SHIRGAONKAR,Research Analyst,Active,https://www.sebi.gov.in,2026-10-03,false
INH000013059,Sandhyavandanam Sandeep Rao,Research Analyst,Active,https://www.sebi.gov.in,2026-10-03,false
INH000013068,Harshit Singhal,Research Analyst,Active,https://www.sebi.gov.in,2026-10-03,false
INH000013077,Vinod Kumar Saha Proprietor of The Divine Research and Wealth Solution,Research Analyst,Active,https://www.sebi.gov.in,2026-10-03,false
INH000013086,SARAS JAIN PROPRIETOR OF SHRI BADRI KERDARESHWAR RESEARCH AND INVESTMENT,Research Analyst,Active,https://www.sebi.gov.in,2026-10-03,false
INH000013095,ACME Wealth Private Limited,Research Analyst,Active,https://www.sebi.gov.in,2026-10-03,false
INH000013101,Sahil Dhingra,Research Analyst,Active,https://www.sebi.gov.in,2026-10-03,false
INH000013110,SUMANTH REDDY R,Research Analyst,Active,https://www.sebi.gov.in,2026-10-03,false
INH000013129,Arpit Goyal,Research Analyst,Active,https://www.sebi.gov.in,2026-10-03,false
INH000013147,Sandeep Gupta,Research Analyst,Active,https://www.sebi.gov.in,2026-10-03,false
INH000013156,STATLANE,Research Analyst,Active,https://www.sebi.gov.in,2026-10-03,false
INH000013165,Arpit Kothari Proprietor Wealth Trade Research,Research Analyst,Active,https://www.sebi.gov.in,2026-10-03,false
INH000013174,Aashish,Research Analyst,Active,https://www.sebi.gov.in,2026-10-03,false
INH000013192,EquityEdge Ventures,Research Analyst,Active,https://www.sebi.gov.in,2026-10-03,false
INH000013208,Rajesh Ladda,Research Analyst,Active,https://www.sebi.gov.in,2026-10-03,false
INH000013217,Dr Ravi Prakash Singh Proprietor DRSFINVEST,Research Analyst,Active,https://www.sebi.gov.in,2026-10-03,false
INH000013244,Abdullah Zaman,Research Analyst,Active,https://www.sebi.gov.in,2026-10-03,false
INH000013253,AMIT PASTAGIA,Research Analyst,Active,https://www.sebi.gov.in,2026-10-03,false
INH000013280,ACE Research & Advisory,Research Analyst,Active,https://www.sebi.gov.in,2026-10-03,false
INH000013314,AKHILESH GUPTA,Research Analyst,Active,https://www.sebi.gov.in,2026-10-03,false
INH000013323,Sharebazaario,Research Analyst,Active,https://www.sebi.gov.in,2026-10-03,false
INH000013332,ASTHA CREDIT AND SECURITIES PRIVATE LIMITED,Research Analyst,Active,https://www.sebi.gov.in,2026-10-03,false
INH000013341,PANKAJ MANGALDAS SECURITIES PVT LTD,Research Analyst,Active,https://www.sebi.gov.in,2026-10-03,false
INH000013350,Mayank Singh Chandel Proprietor of Chandel Street Capital,Research Analyst,Active,https://www.sebi.gov.in,2026-10-03,false
INH000013369,CHILLAR FINTECH PRIVATE LIMITED,Research Analyst,Active,https://www.sebi.gov.in,2026-10-03,false
INH000013378,SOURABH BAJAJ,Research Analyst,Active,https://www.sebi.gov.in,2026-10-03,false
INH000013387,PhonePe Wealth Broking Private Limited,Research Analyst,Active,https://www.sebi.gov.in,2026-10-03,false
INH000013411,STOXVERSE RESEARCH ANALYTICS PRIVATE LIMITED,Research Analyst,Active,https://www.sebi.gov.in,2026-10-03,false
INH000013420,VEETRADE RESEARCH ADVISORS PRIVATE LIMITED,Research Analyst,Active,https://www.sebi.gov.in,2026-10-03,false
INH000013439,SREENIVASA SARMA BHAGAVATHULA,Research Analyst,Active,https://www.sebi.gov.in,2026-10-03,false
INH000013448,GOALZEN CAPITAL SERVICES PRIVATE LIMITED,Research Analyst,Active,https://www.sebi.gov.in,2026-10-03,false
INH000013457,AAKANKSHA GUPTA,Research Analyst,Active,https://www.sebi.gov.in,2026-10-03,false
INH000013466,RaghuramanRA,Research Analyst,Active,https://www.sebi.gov.in,2026-10-03,false
INH000013475,BOTALPHA TECHNOLOGIES PRIVATE LIMITED,Research Analyst,Active,https://www.sebi.gov.in,2026-10-03,false
INH000013484,Pallavi Bhalla,Research Analyst,Active,https://www.sebi.gov.in,2026-10-03,false
INH000013493,KAMLESH SHESHMAL JAIN,Research Analyst,Active,https://www.sebi.gov.in,2026-10-03,false
INH000013509,GAAMA RESEARCH PRIVATE LIMITED,Research Analyst,Active,https://www.sebi.gov.in,2026-10-03,false
INH000013518,FINLIGHT RESEARCH INDIA PRIVATE LIMITED,Research Analyst,Active,https://www.sebi.gov.in,2026-10-03,false
INH000013527,Intrinsic Capital Advisors,Research Analyst,Active,https://www.sebi.gov.in,2026-10-03,false
INH000013545,Bhupesh Sharma Proprietor of L&P Advisory Services,Research Analyst,Active,https://www.sebi.gov.in,2026-10-03,false
INH000013554,Shubham Rajendra Jain,Research Analyst,Active,https://www.sebi.gov.in,2026-10-03,false
INH000013581,Anuj Rakheja Proprietor of The Momentum Investing Co.,Research Analyst,Active,https://www.sebi.gov.in,2026-10-03,false
INH000013590,RAJESHWARA PANDIAN PROPRIETOR OF EASY SHARE SERVICES,Research Analyst,Active,https://www.sebi.gov.in,2026-10-03,false
INH000013606,SANJEEV KUMAR KASHYAP PROPRIETOR OF MONEYCURE RESEARCH SERVICES,Research Analyst,Active,https://www.sebi.gov.in,2026-10-03,false
INH000013615,Sumit Khare,Research Analyst,Active,https://www.sebi.gov.in,2026-10-03,false
INH000013624,Tarun Kumar Patidar Proprietor of Equifin Research,Research Analyst,Active,https://www.sebi.gov.in,2026-10-03,false
INH000013633,Pervez Danish,Research Analyst,Active,https://www.sebi.gov.in,2026-10-03,false
INH000013642,Aakash Rathore Proprietor of Kuber Alpha Research,Research Analyst,Active,https://www.sebi.gov.in,2026-10-03,false
INH000013660,Tarun Garg Proprietor of Stocklution Research Analytics,Research Analyst,Active,https://www.sebi.gov.in,2026-10-03,false
INH000013679,DIPAK M TAKODARA,Research Analyst,Active,https://www.sebi.gov.in,2026-10-03,false
INH000013703,THE CHARTERED SOLUTIONS,Research Analyst,Active,https://www.sebi.gov.in,2026-10-03,false
INH000013730,Niraj Kumar Jain Proprietor Star Wealth Research,Research Analyst,Active,https://www.sebi.gov.in,2026-10-03,false
INH000013749,Gaurav Pathak Proprietor of Ruddraksh Research,Research Analyst,Active,https://www.sebi.gov.in,2026-10-03,false
INH000013767,Trading Cafe India,Research Analyst,Active,https://www.sebi.gov.in,2026-10-03,false
INH000013776,UNIRESEARCH GLOBAL PRIVATE LIMITED,Research Analyst,Active,https://www.sebi.gov.in,2026-10-03,false
INH000013785,Abhishek Panwar Proprietor of The Horizon Research Service,Research Analyst,Active,https://www.sebi.gov.in,2026-10-03,false
INH000013794,"ADITYA THUKRAL, PROPRIETOR, AT RESEARCH AND RISK MANAGERS",Research Analyst,Active,https://www.sebi.gov.in,2026-10-03,false
INH000013800,Sheetal Sanjeev Kunder Proprietor of Envision Research Associates,Research Analyst,Active,https://www.sebi.gov.in,2026-10-03,false
INH000013828,Cupressus Enterprises Private Limited,Research Analyst,Active,https://www.sebi.gov.in,2026-10-03,false
INH000013846,Pranali Prasad Choughule Proprietor Dealwise Pro Research Analyst,Research Analyst,Active,https://www.sebi.gov.in,2026-10-03,false
INH000013855,Vineet Kumar Saxena,Research Analyst,Active,https://www.sebi.gov.in,2026-10-03,false
INH000013864,KAVA PARAG CHANDUBHAI,Research Analyst,Active,https://www.sebi.gov.in,2026-10-03,false
INH000013873,ADITYA SHIVHARE,Research Analyst,Active,https://www.sebi.gov.in,2026-10-03,false
INH000013891,Nihal Binjwa Proprietor Money Magicians Research,Research Analyst,Active,https://www.sebi.gov.in,2026-10-03,false
INH000013907,Zanil Shah,Research Analyst,Active,https://www.sebi.gov.in,2026-10-03,false
INH000013925,STOCKWIZ TECHNOLOGIES LLP,Research Analyst,Active,https://www.sebi.gov.in,2026-10-03,false
INH000013961,Jupiter Stock Brokers Limited,Research Analyst,Active,https://www.sebi.gov.in,2026-10-03,false
INH000013970,"Vedant Aditya Wanchoo, Proprietor of CGI",Research Analyst,Active,https://www.sebi.gov.in,2026-10-03,false
INH000013989,Uttam Kumar,Research Analyst,Active,https://www.sebi.gov.in,2026-10-03,false
INH000014012,dolat capital mkt pvt ltd,Research Analyst,Active,https://www.sebi.gov.in,2026-10-03,false
INH000014030,Vasu Shankar Gupta Proprietor of Auspicious Portfolio & Research,Research Analyst,Active,https://www.sebi.gov.in,2026-10-03,false
INH000014049,Ankit Rambabu Jaiswal Proprietor of BullStockindia Research,Research Analyst,Active,https://www.sebi.gov.in,2026-10-03,false
INH000014067,SUNGROW RESEARCH AND FINANCIAL SERVICES PRIVATE LIMITED,Research Analyst,Active,https://www.sebi.gov.in,2026-10-03,false
INH000014076,Vipin Dixena,Research Analyst,Active,https://www.sebi.gov.in,2026-10-03,false
INH000014085,Capitalsquare Financial Services Private Limited,Research Analyst,Active,https://www.sebi.gov.in,2026-10-03,false
INH000014094,GSB Securities Private Limited,Research Analyst,Active,https://www.sebi.gov.in,2026-10-03,false
INH000014119,sankalp chaturvedi,Research Analyst,Active,https://www.sebi.gov.in,2026-10-03,false
INH000014128,Nitin Sharma,Research Analyst,Active,https://www.sebi.gov.in,2026-10-03,false
INH000014137,MY FIRST STOCK,Research Analyst,Active,https://www.sebi.gov.in,2026-10-03,false
INH000014146,DEVESH DUBEY,Research Analyst,Active,https://www.sebi.gov.in,2026-10-03,false
INH000014155,Dhruv Tuli,Research Analyst,Active,https://www.sebi.gov.in,2026-10-03,false
INH000014164,Sneha Rai Proprietor of Invest Inn Research,Research Analyst,Active,https://www.sebi.gov.in,2026-10-03,false
INH000014182,Khushal Growwealth Research Private Limited,Research Analyst,Active,https://www.sebi.gov.in,2026-10-03,false
INH000014191,Isha Chhabra,Research Analyst,Active,https://www.sebi.gov.in,2026-10-03,false
INH000014207,Subhash Singh Tomar Proprietor Confluence Research Service,Research Analyst,Active,https://www.sebi.gov.in,2026-10-03,false
INH000014216,KHUMANSINH MANSINH GOHIL,Research Analyst,Active,https://www.sebi.gov.in,2026-10-03,false
INH000014225,"SANTOSH P, PROPRIETOR OF VN INVESTMENTS",Research Analyst,Active,https://www.sebi.gov.in,2026-10-03,false
INH000014234,PARTH SUNIL SHAH,Research Analyst,Active,https://www.sebi.gov.in,2026-10-03,false
INH000014243,BIGARC ANALYTICA PRIVATE LIMITED,Research Analyst,Active,https://www.sebi.gov.in,2026-10-03,false
INH000014261,Sunil Gurjar,Research Analyst,Active,https://www.sebi.gov.in,2026-10-03,false
INH000014289,SAGAR PATEL,Research Analyst,Active,https://www.sebi.gov.in,2026-10-03,false
INH000014298,CHIRAG KULDEEP JAIN,Research Analyst,Active,https://www.sebi.gov.in,2026-10-03,false
INH000014304,KRISHNA STREETBULLS PRIVATE LIMITED,Research Analyst,Active,https://www.sebi.gov.in,2026-10-03,false
INH000014322,Saurabh Sahu Proprietor of Asset Financial Solution,Research Analyst,Active,https://www.sebi.gov.in,2026-10-03,false
INH000014340,ASHISH SINGH,Research Analyst,Active,https://www.sebi.gov.in,2026-10-03,false
INH000014359,Sreekanth Vaddem Proprietor of Trading Parivar,Research Analyst,Active,https://www.sebi.gov.in,2026-10-03,false
INH000014368,BIDYUT BISWAS,Research Analyst,Active,https://www.sebi.gov.in,2026-10-03,false
INH000014377,THRASU THALATAM,Research Analyst,Active,https://www.sebi.gov.in,2026-10-03,false
INH000014386,BS Investment,Research Analyst,Active,https://www.sebi.gov.in,2026-10-03,false
INH000014395,LAKSHMISHREE INVESTMENT AND SECURITIES LIMITED,Research Analyst,Active,https://www.sebi.gov.in,2026-10-03,false
INH000014429,InGovern Research Services Pvt Ltd,Research Analyst,Active,https://www.sebi.gov.in,2026-10-03,false
INH000014447,Manash Sardar,Research Analyst,Active,https://www.sebi.gov.in,2026-10-03,false
INH000014456,Ritu Chouhan Proprietor of The Money Mint Research and Trading Academy,Research Analyst,Active,https://www.sebi.gov.in,2026-10-03,false
INH000014465,Shaket Kapoor,Research Analyst,Active,https://www.sebi.gov.in,2026-10-03,false
INH000014474,Varun Agarwal Proprietor of Networthy Financial Services,Research Analyst,Active,https://www.sebi.gov.in,2026-10-03,false
INH000014483,Suyash Srivastava,Research Analyst,Active,https://www.sebi.gov.in,2026-10-03,false
INH000014492,Krushnakant Sudhirkumar Rathi Proprietor of Rathi Equity Research,Research Analyst,Active,https://www.sebi.gov.in,2026-10-03,false
INH000014508,VARUN BHARGAV Proprietor of Profit X Research,Research Analyst,Active,https://www.sebi.gov.in,2026-10-03,false
INH000014517,Rashmi Talmale,Research Analyst,Active,https://www.sebi.gov.in,2026-10-03,false
INH000014526,Apurva Anil Sharma Proprietor of RAAS Capital Research Analysts,Research Analyst,Active,https://www.sebi.gov.in,2026-10-03,false
INH000014535,Kiran Mammen Mathulla,Research Analyst,Active,https://www.sebi.gov.in,2026-10-03,false
INH000014553,MIKAL KEYUR SHAH PROPRIETOR OF NEXUS RESEARCH,Research Analyst,Active,https://www.sebi.gov.in,2026-10-03,false
INH000014580,Muruppel Kuruvila James Proprietor of Ideal Research,Research Analyst,Active,https://www.sebi.gov.in,2026-10-03,false
INH000014599,RAJIT RAJORIYA,Research Analyst,Active,https://www.sebi.gov.in,2026-10-03,false
INH000014605,GAURAV NARENDRA PURI,Research Analyst,Active,https://www.sebi.gov.in,2026-10-03,false
INH000014614,NEERAJ DEWAN,Research Analyst,Active,https://www.sebi.gov.in,2026-10-03,false
INH000014650,Syed Haris Ali Proprietor of Alpha Wealth Research,Research Analyst,Active,https://www.sebi.gov.in,2026-10-03,false
INH000014669,Future Multibagger stock,Research Analyst,Active,https://www.sebi.gov.in,2026-10-03,false
INH000014687,B N RATHI SECURITIES LIMITED,Research Analyst,Active,https://www.sebi.gov.in,2026-10-03,false
INH000014702,Mayank Hardia,Research Analyst,Active,https://www.sebi.gov.in,2026-10-03,false
INH000014711,Nilesh Sarda,Research Analyst,Active,https://www.sebi.gov.in,2026-10-03,false
INH000014720,Mayuri Chhaparwal Proprietor of Divine Research,Research Analyst,Active,https://www.sebi.gov.in,2026-10-03,false
INH000014739,Kalim Khan Proprietor of Petrel Capital Research,Research Analyst,Active,https://www.sebi.gov.in,2026-10-03,false
INH000014748,PURVESH MEHTA,Research Analyst,Active,https://www.sebi.gov.in,2026-10-03,false
INH000014757,RUMPA SARKAR,Research Analyst,Active,https://www.sebi.gov.in,2026-10-03,false
INH000014766,IntelliRecommend Research Private Ltd,Research Analyst,Active,https://www.sebi.gov.in,2026-10-03,false
INH000014775,Ritesh Gupta Proprietor of Worthwhiz Financial Services,Research Analyst,Active,https://www.sebi.gov.in,2026-10-03,false
INH000014784,Kirti Saraf,Research Analyst,Active,https://www.sebi.gov.in,2026-10-03,false
INH000014793,SUVASIS DEBATA,Research Analyst,Active,https://www.sebi.gov.in,2026-10-03,false
INH000014809,Khushbu Jugal Sherdiwala Proprietor Of Bull Magneto,Research Analyst,Active,https://www.sebi.gov.in,2026-10-03,false
INH000014818,DIVINE WISDOM FINANCIAL INDIA PRIVATE LIMITED,Research Analyst,Active,https://www.sebi.gov.in,2026-10-03,false
INH000014827,Gokul Chhabra,Research Analyst,Active,https://www.sebi.gov.in,2026-10-03,false
INH000014836,Omkar Sunil Kadam Proprietor of Travestingmoney,Research Analyst,Active,https://www.sebi.gov.in,2026-10-03,false
INH000014845,KULNEET SINGH GURMEET SINGH BINDRA,Research Analyst,Active,https://www.sebi.gov.in,2026-10-03,false
INH000014863,SUSANTH K V,Research Analyst,Active,https://www.sebi.gov.in,2026-10-03,false
INH000014881,Hemant Bajaj Proprietor Krijuna Research and Analytics,Research Analyst,Active,https://www.sebi.gov.in,2026-10-03,false
INH000014890,anand kumar rathi,Research Analyst,Active,https://www.sebi.gov.in,2026-10-03,false
INH000014915,Dezerv Investments Private Limited,Research Analyst,Active,https://www.sebi.gov.in,2026-10-03,false
INH000014988,SANJEEV PRADHAN,Research Analyst,Active,https://www.sebi.gov.in,2026-10-03,false
INH000014997,ARTIBA VIJAYSINH RANA PROPRIETOR OF AR RESEARCH,Research Analyst,Active,https://www.sebi.gov.in,2026-10-03,false
INH000015002,Krunal Rajubhai Rajput Proprietor of Money Wealth,Research Analyst,Active,https://www.sebi.gov.in,2026-10-03,false
INH000015011,Afaque Ali Proprietor Of Misal India,Research Analyst,Active,https://www.sebi.gov.in,2026-10-03,false
INH000015020,NITESHKUMAR SIDDHRAM SHENDRE,Research Analyst,Active,https://www.sebi.gov.in,2026-10-03,false
INH000015039,Ram Naresh Singh Proprietor Prime Market Research,Research Analyst,Active,https://www.sebi.gov.in,2026-10-03,false
INH000015048,"Sugandha Sachdeva, Proprietor, SS WealthStreet",Research Analyst,Active,https://www.sebi.gov.in,2026-10-03,false
INH000015066,Ajay,Research Analyst,Active,https://www.sebi.gov.in,2026-10-03,false
INH000015075,Groen Research Solutions LLP,Research Analyst,Active,https://www.sebi.gov.in,2026-10-03,false
INH000015084,Jash Gandhi,Research Analyst,Active,https://www.sebi.gov.in,2026-10-03,false
INH000015093,GAUTAM PAREEK,Research Analyst,Active,https://www.sebi.gov.in,2026-10-03,false
INH000015109,TRADEVISOR FINNOVATIONS PRIVATE LIMITED,Research Analyst,Active,https://www.sebi.gov.in,2026-10-03,false
INH000015127,N Bhavitha Proprietor of Sri Lakshmi Trade Research,Research Analyst,Active,https://www.sebi.gov.in,2026-10-03,false
INH000015136,TANISHK OJHA,Research Analyst,Active,https://www.sebi.gov.in,2026-10-03,false
INH000015145,RS WEALTH MANAGEMENT PRIVATE LIMITED,Research Analyst,Active,https://www.sebi.gov.in,2026-10-03,false
INH000015154,EIEVU FINANCIAL ANALISERS PRIVATE LIMITED,Research Analyst,Active,https://www.sebi.gov.in,2026-10-03,false
INH000015181,CHIRADEEP RAO,Research Analyst,Active,https://www.sebi.gov.in,2026-10-03,false
INH000015190,"Amarjeet Kumar, PROPRIETOR AT THE WISE STOCK",Research Analyst,Active,https://www.sebi.gov.in,2026-10-03,false
INH000015206,KHANDWALA SECURITIES LIMITED,Research Analyst,Active,https://www.sebi.gov.in,2026-10-03,false
INH000015215,Supreme Research,Research Analyst,Active,https://www.sebi.gov.in,2026-10-03,false
INH000015224,NJ India Invest Private Limited,Research Analyst,Active,https://www.sebi.gov.in,2026-10-03,false
INH000015233,Vibhu Jain Proprietor of Market Beast,Research Analyst,Active,https://www.sebi.gov.in,2026-10-03,false
INH000015242,PATEL WEALTH ADVISORS PRIVATE LIMITED,Research Analyst,Active,https://www.sebi.gov.in,2026-10-03,false
INH000015251,Ankush Paul proprietor of Blackace Research,Research Analyst,Active,https://www.sebi.gov.in,2026-10-03,false
INH000015260,Fifty Fintech Private Limited,Research Analyst,Active,https://www.sebi.gov.in,2026-10-03,false
INH000015279,Paul Asset Consultant Private Limited,Research Analyst,Active,https://www.sebi.gov.in,2026-10-03,false
INH000015288,VIKRAM SINGH THAKUR PROPRIETOR OF VENTURE FINCORP,Research Analyst,Active,https://www.sebi.gov.in,2026-10-03,false
INH000015297,INVESTOLOGY,Research Analyst,Active,https://www.sebi.gov.in,2026-10-03,false
INH000015303,DIVYESH DILIPBHAI KOYANI,Research Analyst,Active,https://www.sebi.gov.in,2026-10-03,false
INH000015312,Aakash Ashok Jajoo,Research Analyst,Active,https://www.sebi.gov.in,2026-10-03,false
INH000015321,ANJALI TIWARI PROPRIETOR OF STOCK OPTION RESEARCH,Research Analyst,Active,https://www.sebi.gov.in,2026-10-03,false
INH000015330,INSIGHT RESEARCH ANALYTICS,Research Analyst,Active,https://www.sebi.gov.in,2026-10-03,false
INH000015349,Ashutosh Kabra,Research Analyst,Active,https://www.sebi.gov.in,2026-10-03,false
INH000015358,ARPAN KUKREJA,Research Analyst,Active,https://www.sebi.gov.in,2026-10-03,false
INH000015367,Sparsh Jindal,Research Analyst,Active,https://www.sebi.gov.in,2026-10-03,false
INH000015376,Mohd Sohrab Shaikh Proprietor of M J Research Services,Research Analyst,Active,https://www.sebi.gov.in,2026-10-03,false
INH000015385,TEJINDER SINGH BHANDOHAL,Research Analyst,Active,https://www.sebi.gov.in,2026-10-03,false
INH000015400,Bilal Hussain Sadiq hussain Syed,Research Analyst,Active,https://www.sebi.gov.in,2026-10-03,false
INH000015419,A&Y MARKET RESEARCH,Research Analyst,Active,https://www.sebi.gov.in,2026-10-03,false
INH000015428,Amit Kumar Singh Proprietor of Amit Kumar Singh Research Analyst,Research Analyst,Active,https://www.sebi.gov.in,2026-10-03,false
INH000015437,Vaibhav Jain,Research Analyst,Active,https://www.sebi.gov.in,2026-10-03,false
INH000015446,Caprize Investment Managers Private Limited,Research Analyst,Active,https://www.sebi.gov.in,2026-10-03,false
INH000015455,Sudhir Verma,Research Analyst,Active,https://www.sebi.gov.in,2026-10-03,false
INH000015464,Vrinda Bhadula,Research Analyst,Active,https://www.sebi.gov.in,2026-10-03,false
INH000015473,Neel Pankaj Thakkar,Research Analyst,Active,https://www.sebi.gov.in,2026-10-03,false
INH000015482,PRUDVI RAJ SAYA,Research Analyst,Active,https://www.sebi.gov.in,2026-10-03,false
INH000015507,Satya Sridhar Stock Research,Research Analyst,Active,https://www.sebi.gov.in,2026-10-03,false
INH000015516,Tapankumar Dhirajlal Doshi,Research Analyst,Active,https://www.sebi.gov.in,2026-10-03,false
INH000015525,Mohammed Shoaib Dayma Proprietor of FiSC Capital,Research Analyst,Active,https://www.sebi.gov.in,2026-10-03,false
INH000015534,DG SHARE MARKET RESEARCH PVT LTD.,Research Analyst,Active,https://www.sebi.gov.in,2026-10-03,false
INH000015543,WILLIAM ONEIL INDIA PRIVATE LIMITED,Research Analyst,Active,https://www.sebi.gov.in,2026-10-03,false
INH000015552,RAMESH CHANDNA,Research Analyst,Active,https://www.sebi.gov.in,2026-10-03,false
INH000015561,Tycoon Research Analyst,Research Analyst,Active,https://www.sebi.gov.in,2026-10-03,false
INH000015570,WEALTH INDIA FINANCIAL SERVICES PVT LTD,Research Analyst,Active,https://www.sebi.gov.in,2026-10-03,false
INH000015598,Manish Salvi Proprietor of Momentum Mantra,Research Analyst,Active,https://www.sebi.gov.in,2026-10-03,false
INH000015604,Manish kushwaha,Research Analyst,Active,https://www.sebi.gov.in,2026-10-03,false
INH000015622,Umesh Sharma,Research Analyst,Active,https://www.sebi.gov.in,2026-10-03,false
INH000015631,Shivam Dugaya Proprietor of Wealth compounder,Research Analyst,Active,https://www.sebi.gov.in,2026-10-03,false
INH000015640,Banayantree Services Limited,Research Analyst,Active,https://www.sebi.gov.in,2026-10-03,false
INH000015677,The Manifesto Research,Research Analyst,Active,https://www.sebi.gov.in,2026-10-03,false
INH000015686,RISING RESEARCH ANALYST,Research Analyst,Active,https://www.sebi.gov.in,2026-10-03,false
INH000015701,GIRISH SINGAL,Research Analyst,Active,https://www.sebi.gov.in,2026-10-03,false
INH000015710,TRADE WITH TREND,Research Analyst,Active,https://www.sebi.gov.in,2026-10-03,false
INH000015729,Dailyraven Technologies Private Limited,Research Analyst,Active,https://www.sebi.gov.in,2026-10-03,false
INH000015738,Surbhi Ashok Chandak Proprietor of Quantus Wealth,Research Analyst,Active,https://www.sebi.gov.in,2026-10-03,false
INH000015747,Trudence Capital Advisors Private Limited,Research Analyst,Active,https://www.sebi.gov.in,2026-10-03,false
INH000015756,K.M Jain Stock Brokers Pvt Ltd,Research Analyst,Active,https://www.sebi.gov.in,2026-10-03,false
INH000015765,Pradeep Sagore Proprietor of Smartgoal Research,Research Analyst,Active,https://www.sebi.gov.in,2026-10-03,false
INH000015774,PRIYANK SHARMA,Research Analyst,Active,https://www.sebi.gov.in,2026-10-03,false
INH000015783,TRINETRA CAPITAL,Research Analyst,Active,https://www.sebi.gov.in,2026-10-03,false
INH000015792,Karan Narendra Dixit,Research Analyst,Active,https://www.sebi.gov.in,2026-10-03,false
INH000015808,SP RESEARCHVIA PRIVATE LIMITED,Research Analyst,Active,https://www.sebi.gov.in,2026-10-03,false
INH000015817,Rahul Gundia,Research Analyst,Active,https://www.sebi.gov.in,2026-10-03,false
INH000015826,Shubh Consultancy,Research Analyst,Active,https://www.sebi.gov.in,2026-10-03,false
INH000015835,COVESTING TECHNOLOGIES PRIVATE LIMITED,Research Analyst,Active,https://www.sebi.gov.in,2026-10-03,false
INH000015853,Aneela Killedar Proprietor of Global Vision Research,Research Analyst,Active,https://www.sebi.gov.in,2026-10-03,false
INH000015871,Manikanth Devarakonda,Research Analyst,Active,https://www.sebi.gov.in,2026-10-03,false
INH000015899,Premal Parekh Advisory Services LLP,Research Analyst,Active,https://www.sebi.gov.in,2026-10-03,false
INH000015905,Pratik Jagtap,Research Analyst,Active,https://www.sebi.gov.in,2026-10-03,false
INH000015914,Vanshadeep Proprietor of capitalseva Research Analyst,Research Analyst,Active,https://www.sebi.gov.in,2026-10-03,false
INH000015923,KUMAR BANERJEE,Research Analyst,Active,https://www.sebi.gov.in,2026-10-03,false
INH000015932,Okane Capital,Research Analyst,Active,https://www.sebi.gov.in,2026-10-03,false
INH000015941,DHOKIYAS RESEARCH ANALYST PRIVATE LIMITED,Research Analyst,Active,https://www.sebi.gov.in,2026-10-03,false
INH000015950,MONKVESTOR RESEARCH ANALYST,Research Analyst,Active,https://www.sebi.gov.in,2026-10-03,false
INH000015987,Ashika Global Family Office Services Private Limited,Research Analyst,Active,https://www.sebi.gov.in,2026-10-03,false
INH000015996,Bestmate Investment Services Pvt. Ltd.,Research Analyst,Active,https://www.sebi.gov.in,2026-10-03,false
INH000016010,EERIMA DIGITOOLS PVT LTD,Research Analyst,Active,https://www.sebi.gov.in,2026-10-03,false
INH000016029,WAHAB KHAN,Research Analyst,Active,https://www.sebi.gov.in,2026-10-03,false
INH000016047,CA Rahul Chhabadia,Research Analyst,Active,https://www.sebi.gov.in,2026-10-03,false
INH000016056,"Himanshu Madhukar, Proprietor, Equisense Research",Research Analyst,Active,https://www.sebi.gov.in,2026-10-03,false
INH000016065,demystify capital markets,Research Analyst,Active,https://www.sebi.gov.in,2026-10-03,false
INH000016074,Prameela Balakkala,Research Analyst,Active,https://www.sebi.gov.in,2026-10-03,false
INH000016083,Ajay Kumar Jharbade proprietor of Dream Wealth Research Financial Services,Research Analyst,Active,https://www.sebi.gov.in,2026-10-03,false
INH000016092,ANSUL KUMAR AGRAWAL,Research Analyst,Active,https://www.sebi.gov.in,2026-10-03,false
INH000016117,CRAFTERS FINANCIAL RESEARCH PRIVATE LIMITED,Research Analyst,Active,https://www.sebi.gov.in,2026-10-03,false
INH000016126,PHD CAPITAL PRIVATE LIMITED,Research Analyst,Active,https://www.sebi.gov.in,2026-10-03,false
INH000016135,BLUEMOON RESEARCH & FINANCIAL SERVICES,Research Analyst,Active,https://www.sebi.gov.in,2026-10-03,false
INH000016144,Inderjeet Singh proprietor of Param Nivesh,Research Analyst,Active,https://www.sebi.gov.in,2026-10-03,false
INH000016153,Vikash Sharma Proprietor Stock Market Research & Services,Research Analyst,Active,https://www.sebi.gov.in,2026-10-03,false
INH000016162,CHITRA MADHWANI,Research Analyst,Active,https://www.sebi.gov.in,2026-10-03,false
INH000016199,ZAMZAM CAPITAL,Research Analyst,Active,https://www.sebi.gov.in,2026-10-03,false
INH000016214,Shivaji Phadke Proprietor of Investstocks Official,Research Analyst,Active,https://www.sebi.gov.in,2026-10-03,false
INH000016223,RAJA CHANDRASHEKHAR VENKATRAMAN,Research Analyst,Active,https://www.sebi.gov.in,2026-10-03,false
INH000016232,S R RESEARCH ANALYTICS,Research Analyst,Active,https://www.sebi.gov.in,2026-10-03,false
INH000016241,Vinit kumar sancheti,Research Analyst,Active,https://www.sebi.gov.in,2026-10-03,false
INH000016250,Trading Zone,Research Analyst,Active,https://www.sebi.gov.in,2026-10-03,false
INH000016269,LATESH NARULA PROPRIETOR EQUITY DYNAMO,Research Analyst,Active,https://www.sebi.gov.in,2026-10-03,false
INH000016278,DHANYA DEEPAK KUMAR,Research Analyst,Active,https://www.sebi.gov.in,2026-10-03,false
INH000016287,ARUL MOZHI CHELVAN MURUGAN,Research Analyst,Active,https://www.sebi.gov.in,2026-10-03,false
INH000016296,Finspiin Research & Iinvestments,Research Analyst,Active,https://www.sebi.gov.in,2026-10-03,false
INH000016302,Abhishek Ummat,Research Analyst,Active,https://www.sebi.gov.in,2026-10-03,false
INH000016311,Rampal Singh Narwariya Prop. Value Maker Research,Research Analyst,Active,https://www.sebi.gov.in,2026-10-03,false
INH000016320,Yagnesh Patel,Research Analyst,Active,https://www.sebi.gov.in,2026-10-03,false
INH000016339,Anupam Bajpai,Research Analyst,Active,https://www.sebi.gov.in,2026-10-03,false
INH000016348,Booming Bulls Finserv Pvt Ltd,Research Analyst,Active,https://www.sebi.gov.in,2026-10-03,false
INH000016357,APEX EDGE RESEARCH AND ADVISORY PRIVATE LIMITED,Research Analyst,Active,https://www.sebi.gov.in,2026-10-03,false
INH000016366,STOCKSOVET RESEARCH SERVICES PRIVATE LIMITED,Research Analyst,Active,https://www.sebi.gov.in,2026-10-03,false
INH000016375,Ghansham Joshi Prop of GJ's Techno Funda,Research Analyst,Active,https://www.sebi.gov.in,2026-10-03,false
INH000016393,Poonam Chindaliya Proprietor of Credible Capital,Research Analyst,Active,https://www.sebi.gov.in,2026-10-03,false
INH000016409,ELITEFINSERV,Research Analyst,Active,https://www.sebi.gov.in,2026-10-03,false
INH000016418,Kaushal Prafulla Somani,Research Analyst,Active,https://www.sebi.gov.in,2026-10-03,false
INH000016427,GARIKAPATI MADHURI,Research Analyst,Active,https://www.sebi.gov.in,2026-10-03,false
INH000016436,Sagar Agarwal,Research Analyst,Active,https://www.sebi.gov.in,2026-10-03,false
INH000016445,KIRAN BALA PROPRIETOR K B TRADING CONSULTANCY,Research Analyst,Active,https://www.sebi.gov.in,2026-10-03,false
INH000016454,CHIMAKURTHY VENKATESH,Research Analyst,Active,https://www.sebi.gov.in,2026-10-03,false
INH000016463,PIYUSH VIRMANI,Research Analyst,Active,https://www.sebi.gov.in,2026-10-03,false
INH000016472,HITESHWARI KUMARI,Research Analyst,Active,https://www.sebi.gov.in,2026-10-03,false
INH000016481,GUNJAN KUMAR,Research Analyst,Active,https://www.sebi.gov.in,2026-10-03,false
INH000016490,Himanshu Arora,Research Analyst,Active,https://www.sebi.gov.in,2026-10-03,false
INH000016515,Pradip Kumar Ghosh,Research Analyst,Active,https://www.sebi.gov.in,2026-10-03,false
INH000016524,Manoj Kumar Sahu Proprietor of Worth Vision Research,Research Analyst,Active,https://www.sebi.gov.in,2026-10-03,false
INH000016533,Amit kori,Research Analyst,Active,https://www.sebi.gov.in,2026-10-03,false
INH000016542,NEHA GUPTA PROPRIETOR WEALTH MAGNET,Research Analyst,Active,https://www.sebi.gov.in,2026-10-03,false
INH000016551,TEJAS NAIK,Research Analyst,Active,https://www.sebi.gov.in,2026-10-03,false
INH000016579,Khushil Kumar Agrawal,Research Analyst,Active,https://www.sebi.gov.in,2026-10-03,false
INH000016597,INVOS RESEARCH & TECHNOLOGY PRIVATE LIMITED,Research Analyst,Active,https://www.sebi.gov.in,2026-10-03,false
INH000016603,Prime Investment Consultants,Research Analyst,Active,https://www.sebi.gov.in,2026-10-03,false
INH000016612,Sidharth Singh Dau Singh Rajput Proprietor The Stock Savvy,Research Analyst,Active,https://www.sebi.gov.in,2026-10-03,false
INH000016621,Stock Roots,Research Analyst,Active,https://www.sebi.gov.in,2026-10-03,false
INH000016630,ANAND GANAPATHY K,Research Analyst,Active,https://www.sebi.gov.in,2026-10-03,false
INH000016649,"Akhilesh Jat, Proprietor of Akar Market Research",Research Analyst,Active,https://www.sebi.gov.in,2026-10-03,false
INH000016658,Anuj Paharia Proprietor of Trade Opulence,Research Analyst,Active,https://www.sebi.gov.in,2026-10-03,false
INH000016667,S A Artha Securities Private Limited,Research Analyst,Active,https://www.sebi.gov.in,2026-10-03,false
INH000016676,Vinit Aggarwal,Research Analyst,Active,https://www.sebi.gov.in,2026-10-03,false
INH000016685,JAY B HAWALDAR,Research Analyst,Active,https://www.sebi.gov.in,2026-10-03,false
INH000016694,GUGULOTH DINESH KUMAR,Research Analyst,Active,https://www.sebi.gov.in,2026-10-03,false
INH000016700,Raj Rishi Proprietor of Equity Research Mart,Research Analyst,Active,https://www.sebi.gov.in,2026-10-03,false
INH000016719,WISE GLOBAL RESEARCH SERVICES PRIVATE LIMITED,Research Analyst,Active,https://www.sebi.gov.in,2026-10-03,false
INH000016746,First Time Right,Research Analyst,Active,https://www.sebi.gov.in,2026-10-03,false
INH000016755,Hariom Rathor Proprietor of Capital Investo Research,Research Analyst,Active,https://www.sebi.gov.in,2026-10-03,false
INH000016764,NU Investors Technologies Private Ltd,Research Analyst,Active,https://www.sebi.gov.in,2026-10-03,false
INH000016773,Coheron Brokers Private Limited,Research Analyst,Active,https://www.sebi.gov.in,2026-10-03,false
INH000016782,Katariya Research Analyst Group,Research Analyst,Active,https://www.sebi.gov.in,2026-10-03,false
INH000016791,SAM FINTECH,Research Analyst,Active,https://www.sebi.gov.in,2026-10-03,false
INH000016807,Krishna Kumar Mishra,Research Analyst,Active,https://www.sebi.gov.in,2026-10-03,false
INH000016816,Vishal Trehan,Research Analyst,Active,https://www.sebi.gov.in,2026-10-03,false
INH000016825,Sanju Patel Proprietor of Beginning Research,Research Analyst,Active,https://www.sebi.gov.in,2026-10-03,false
INH000016834,Kapil Aggarwal proprietor of Investkaps,Research Analyst,Active,https://www.sebi.gov.in,2026-10-03,false
INH000016843,Nikita Jaiswal,Research Analyst,Active,https://www.sebi.gov.in,2026-10-03,false
INH000016852,RICHA RONAK SHAH,Research Analyst,Active,https://www.sebi.gov.in,2026-10-03,false
INH000016861,Sree Capital,Research Analyst,Active,https://www.sebi.gov.in,2026-10-03,false
INH000016870,Pawan Porwal proprietor of Capital Craft Research,Research Analyst,Active,https://www.sebi.gov.in,2026-10-03,false
INH000016889,Jitendra Singh Bhadouria proprietor of Trade Mantra Advance Research,Research Analyst,Active,https://www.sebi.gov.in,2026-10-03,false
INH000016904,Shweta Saluja,Research Analyst,Active,https://www.sebi.gov.in,2026-10-03,false
INH000016913,Shubham Shirkar Proprietor of Shubinvests,Research Analyst,Active,https://www.sebi.gov.in,2026-10-03,false
INH000016922,SARITA PANSARI AS PROPRIETOR OF JUPITER RESEARCH AND ADVISORS,Research Analyst,Active,https://www.sebi.gov.in,2026-10-03,false
INH000016931,SHIVANSH KARIWALA,Research Analyst,Active,https://www.sebi.gov.in,2026-10-03,false
INH000016940,Asit C Mehta Investment Interrmediates Limited,Research Analyst,Active,https://www.sebi.gov.in,2026-10-03,false
INH000016968,Rajwant Singh,Research Analyst,Active,https://www.sebi.gov.in,2026-10-03,false
INH000016977,KRISHNA MURTI,Research Analyst,Active,https://www.sebi.gov.in,2026-10-03,false
INH000016986,Kunal Suryawanshi,Research Analyst,Active,https://www.sebi.gov.in,2026-10-03,false
INH000016995,Ruchita Vijaykumar Shah,Research Analyst,Active,https://www.sebi.gov.in,2026-10-03,false
INH000017019,Stocksence Research Private Limited,Research Analyst,Active,https://www.sebi.gov.in,2026-10-03,false
INH000017028,Rakesh Pandeet Proprietor of Research Factory,Research Analyst,Active,https://www.sebi.gov.in,2026-10-03,false
INH000017037,LALIT KUMAR GUPTA,Research Analyst,Active,https://www.sebi.gov.in,2026-10-03,false
INH000017046,B Gopala Krishnan,Research Analyst,Active,https://www.sebi.gov.in,2026-10-03,false
INH000017055,"Santosh Sharma, Proprietor SmartStox",Research Analyst,Active,https://www.sebi.gov.in,2026-10-03,false
INH000017073,ROHAN JAIN,Research Analyst,Active,https://www.sebi.gov.in,2026-10-03,false
INH000017082,STREETGAINS TECHNOLOGIES PRIVATE LIMITED,Research Analyst,Active,https://www.sebi.gov.in,2026-10-03,false
INH000017091,Lalit Mundhra Proprietor of Financial Sarthis,Research Analyst,Active,https://www.sebi.gov.in,2026-10-03,false
INH000017107,DEVVRAT KUMAR,Research Analyst,Active,https://www.sebi.gov.in,2026-10-03,false
INH000017116,Preetam Mewada Proprietor of Apex Solution Research,Research Analyst,Active,https://www.sebi.gov.in,2026-10-03,false
INH000017125,Jayesh Mahesh Jobanputra,Research Analyst,Active,https://www.sebi.gov.in,2026-10-03,false
INH000017134,KAVITA MANDAL,Research Analyst,Active,https://www.sebi.gov.in,2026-10-03,false
INH000017143,RONAK SANTOSHKUMAR GOYAL,Research Analyst,Active,https://www.sebi.gov.in,2026-10-03,false
INH000017152,Shree Dhan-Raksha Securites Research,Research Analyst,Active,https://www.sebi.gov.in,2026-10-03,false
INH000017161,Krishnamurthy Sethuraman,Research Analyst,Active,https://www.sebi.gov.in,2026-10-03,false
INH000017170,ANJALI GUPTA PROPRIETOR OF EQUITRADE RESEARCH,Research Analyst,Active,https://www.sebi.gov.in,2026-10-03,false
INH000017189,Vina Ramnikbhai Dobariya,Research Analyst,Active,https://www.sebi.gov.in,2026-10-03,false
INH000017198,Nishit Bipin Doshi Proprietor Of Vidyasagar Investments,Research Analyst,Active,https://www.sebi.gov.in,2026-10-03,false
INH000017204,Sharad Jhunjhunwala,Research Analyst,Active,https://www.sebi.gov.in,2026-10-03,false
INH000017213,Wealocity Analytics,Research Analyst,Active,https://www.sebi.gov.in,2026-10-03,false
INH000017222,Archana Tiwari Proprietor of Grow Research Analyst,Research Analyst,Active,https://www.sebi.gov.in,2026-10-03,false
INH000017231,Akshay Patel,Research Analyst,Active,https://www.sebi.gov.in,2026-10-03,false
INH000017240,Kashish Joshi Proprietor of Apex Capital Research,Research Analyst,Active,https://www.sebi.gov.in,2026-10-03,false
INH000017259,EQUITY EDGE RESEARCH ANALYST,Research Analyst,Active,https://www.sebi.gov.in,2026-10-03,false
INH000017268,PRIYANK SHARMA,Research Analyst,Active,https://www.sebi.gov.in,2026-10-03,false
INH000017277,WOLF CLUB,Research Analyst,Active,https://www.sebi.gov.in,2026-10-03,false
INH000017286,PATIL PRAMOD ANIL PROPRIETOR K P RESEARCH ANALYSIS SERVICES,Research Analyst,Active,https://www.sebi.gov.in,2026-10-03,false
INH000017295,Wryght Research & Capital Private Limited,Research Analyst,Active,https://www.sebi.gov.in,2026-10-03,false
INH000017301,Ashok Kumar Aggarwal Proprietor of equitycharcha.com,Research Analyst,Active,https://www.sebi.gov.in,2026-10-03,false
INH000017310,KUMAR SIDDHARTHA SINHA,Research Analyst,Active,https://www.sebi.gov.in,2026-10-03,false
INH000017329,WIINANCE FINANCIAL SERVICES PRIVATE LIMITED,Research Analyst,Active,https://www.sebi.gov.in,2026-10-03,false
INH000017338,Niveshaay Investment Advisors,Research Analyst,Active,https://www.sebi.gov.in,2026-10-03,false
INH000017347,Vaibhav pandey,Research Analyst,Active,https://www.sebi.gov.in,2026-10-03,false
INH000017365,J V V SATYANARAYANA PROPRIETOR GROWUP RESEARCH,Research Analyst,Active,https://www.sebi.gov.in,2026-10-03,false
INH000017374,Gaurav Sethiya,Research Analyst,Active,https://www.sebi.gov.in,2026-10-03,false
INH000017383,Ishan Pundit,Research Analyst,Active,https://www.sebi.gov.in,2026-10-03,false
INH000017392,JYOTI KUMARI,Research Analyst,Active,https://www.sebi.gov.in,2026-10-03,false
INH000017408,Deepti Sarkar Proprietor of Option Bricks,Research Analyst,Active,https://www.sebi.gov.in,2026-10-03,false
INH000017417,Harika Enjamuri,Research Analyst,Active,https://www.sebi.gov.in,2026-10-03,false
INH000017444,Urvashi Barod Proprietor of Versatile Research Venture,Research Analyst,Active,https://www.sebi.gov.in,2026-10-03,false
INH000017462,SHUBHAM JAJODIA,Research Analyst,Active,https://www.sebi.gov.in,2026-10-03,false
INH000017471,Piyush Sanjaykumar Heda Proprietor of Mr. P Investments,Research Analyst,Active,https://www.sebi.gov.in,2026-10-03,false
INH000017480,"Gurvinder Malhotra, Proprietor of Contra Investing Research Services",Research Analyst,Active,https://www.sebi.gov.in,2026-10-03,false
INH000017505,TRADE NEXUS RESEARCH,Research Analyst,Active,https://www.sebi.gov.in,2026-10-03,false
INH000017514,Nancy Gupta,Research Analyst,Active,https://www.sebi.gov.in,2026-10-03,false
INH000017523,DEVENDRA GAJANAN HAJARE,Research Analyst,Active,https://www.sebi.gov.in,2026-10-03,false
INH000017532,Omkar Thakur,Research Analyst,Active,https://www.sebi.gov.in,2026-10-03,false
INH000017541,Patel Ketav Pravinbhai,Research Analyst,Active,https://www.sebi.gov.in,2026-10-03,false
INH000017550,YOBEE RESEARCH PRIVATE LIMITED,Research Analyst,Active,https://www.sebi.gov.in,2026-10-03,false
INH000017569,Fintesa Research Services Private Limited,Research Analyst,Active,https://www.sebi.gov.in,2026-10-03,false
INH000017578,Sruthy Sreenadh proprietor of Ski Capital Research attached as Annexure B,Research Analyst,Active,https://www.sebi.gov.in,2026-10-03,false
INH000017587,Siddharth Shrivastava,Research Analyst,Active,https://www.sebi.gov.in,2026-10-03,false
INH000017596,ANIL KUMAR RAI,Research Analyst,Active,https://www.sebi.gov.in,2026-10-03,false
INH000017611,SAGAR BALASAHEB SHELAR,Research Analyst,Active,https://www.sebi.gov.in,2026-10-03,false
INH000017620,VK Wealthwise & Associates,Research Analyst,Active,https://www.sebi.gov.in,2026-10-03,false
INH000017639,Ishan Tiwari Proprietor of Stock Yantra,Research Analyst,Active,https://www.sebi.gov.in,2026-10-03,false
INH000017648,Mandot Securities Private Limited,Research Analyst,Active,https://www.sebi.gov.in,2026-10-03,false
INH000017657,VIKABH SECURITIES PRIVATE LIMITED,Research Analyst,Active,https://www.sebi.gov.in,2026-10-03,false
INH000017666,EXENCIAL RESEARCH PARTNERS,Research Analyst,Active,https://www.sebi.gov.in,2026-10-03,false
INH000017675,Stockizen Research,Research Analyst,Active,https://www.sebi.gov.in,2026-10-03,false
INH000017684,Ramesh Nair,Research Analyst,Active,https://www.sebi.gov.in,2026-10-03,false
INH000017693,Devendra Rajak,Research Analyst,Active,https://www.sebi.gov.in,2026-10-03,false
INH000017718,PALAK VIKAS JAIN,Research Analyst,Active,https://www.sebi.gov.in,2026-10-03,false
INH000017727,Kalkine Consultancy India Private Limited,Research Analyst,Active,https://www.sebi.gov.in,2026-10-03,false
INH000017736,SM Research Services Private Limited,Research Analyst,Active,https://www.sebi.gov.in,2026-10-03,false
INH000017745,Na Supreme Research Private Limited,Research Analyst,Active,https://www.sebi.gov.in,2026-10-03,false
INH000017754,Ethics Research,Research Analyst,Active,https://www.sebi.gov.in,2026-10-03,false
INH000017763,Thakkar Finserv,Research Analyst,Active,https://www.sebi.gov.in,2026-10-03,false
INH000017772,Ashish Malik,Research Analyst,Active,https://www.sebi.gov.in,2026-10-03,false
INH000017781,Commodity Samachar Securities Private Limited,Research Analyst,Active,https://www.sebi.gov.in,2026-10-03,false
INH000017790,Vijaykumar Basayya Mathad Proprietor of Varada Research,Research Analyst,Active,https://www.sebi.gov.in,2026-10-03,false
INH000017806,Saurabh Kumar Chaurasia Proprietor of Equimate,Research Analyst,Active,https://www.sebi.gov.in,2026-10-03,false
INH000017815,Partha Ashokkumar Shah,Research Analyst,Active,https://www.sebi.gov.in,2026-10-03,false
INH000017824,Devendra Sahu,Research Analyst,Active,https://www.sebi.gov.in,2026-10-03,false
INH000017833,Supriya Dinesh Singh Proprietor of Miracle Research Services,Research Analyst,Active,https://www.sebi.gov.in,2026-10-03,false
INH000017842,Narendar Lokwani,Research Analyst,Active,https://www.sebi.gov.in,2026-10-03,false
INH000017851,NAVJOT KUMAR,Research Analyst,Active,https://www.sebi.gov.in,2026-10-03,false
INH000017860,SHOBHIT TANDON PROPRIETOR THE VISION RESEARCH,Research Analyst,Active,https://www.sebi.gov.in,2026-10-03,false
INH000017879,Prachi Mehta,Research Analyst,Active,https://www.sebi.gov.in,2026-10-03,false
INH000017888,Rajiv Dubey Prop. Trade Stone Research Services,Research Analyst,Active,https://www.sebi.gov.in,2026-10-03,false
INH000017897,NIDHI AGARWAL,Research Analyst,Active,https://www.sebi.gov.in,2026-10-03,false
INH000017903,NDA Securities Limited,Research Analyst,Active,https://www.sebi.gov.in,2026-10-03,false
INH000017912,JATIN NARENDRA SHAH PROPRIETOR OF JATIN N SHAH AND ASSOCIATES,Research Analyst,Active,https://www.sebi.gov.in,2026-10-03,false
INH000017921,Shivam Yadav Proprietor of Stox Elite,Research Analyst,Active,https://www.sebi.gov.in,2026-10-03,false
INH000017930,AMIT GOVIND GOENKA,Research Analyst,Active,https://www.sebi.gov.in,2026-10-03,false
INH000017949,Basant Maheshwari Wealth Advisers LLP,Research Analyst,Active,https://www.sebi.gov.in,2026-10-03,false
INH000017958,Darshan N Rao,Research Analyst,Active,https://www.sebi.gov.in,2026-10-03,false
INH000017976,Shreenath Infotech,Research Analyst,Active,https://www.sebi.gov.in,2026-10-03,false
INH000017985,INVESMATE INSIGHTS PRIVATE LIMITED,Research Analyst,Active,https://www.sebi.gov.in,2026-10-03,false
INH000017994,JATIN JAIN,Research Analyst,Active,https://www.sebi.gov.in,2026-10-03,false
INH000018009,Manish Sahu Proprietor of Trade Via Research Analyst,Research Analyst,Active,https://www.sebi.gov.in,2026-10-03,false
INH000018036,SAMAR WEALTH ADVISORS,Research Analyst,Active,https://www.sebi.gov.in,2026-10-03,false
INH000018045,BANA FINTECH PVT LTD,Research Analyst,Active,https://www.sebi.gov.in,2026-10-03,false
INH000018054,Nandita Rai Proprietor of Bhakti Wealth,Research Analyst,Active,https://www.sebi.gov.in,2026-10-03,false
INH000018063,Aditya Rathi Proprietor of Optitrade Pro Services,Research Analyst,Active,https://www.sebi.gov.in,2026-10-03,false
INH000018072,Arjit Anand,Research Analyst,Active,https://www.sebi.gov.in,2026-10-03,false
INH000018081,RISHABH KUMAR SHARMA,Research Analyst,Active,https://www.sebi.gov.in,2026-10-03,false
INH000018090,BUDDHI PRAKASH KAROL,Research Analyst,Active,https://www.sebi.gov.in,2026-10-03,false
INH000018106,VISHAL RAVINDRA BHURKE,Research Analyst,Active,https://www.sebi.gov.in,2026-10-03,false
INH000018115,Prudent Corporate Advisory Services Limited,Research Analyst,Active,https://www.sebi.gov.in,2026-10-03,false
INH000018124,SFP Research,Research Analyst,Active,https://www.sebi.gov.in,2026-10-03,false
INH000018142,Jeet B Bhayani,Research Analyst,Active,https://www.sebi.gov.in,2026-10-03,false
INH000018151,CLIMB CAPITAL SERVICES PRIVATE LIMITED,Research Analyst,Active,https://www.sebi.gov.in,2026-10-03,false
INH000018160,Neural Bahn,Research Analyst,Active,https://www.sebi.gov.in,2026-10-03,false
INH000018179,Kratika Yadav Proprietor of Ethical Research,Research Analyst,Active,https://www.sebi.gov.in,2026-10-03,false
INH000018188,Stock Yaari Technologies Private Limited,Research Analyst,Active,https://www.sebi.gov.in,2026-10-03,false
INH000018197,PUNE E - STOCK BROKING LIMITED,Research Analyst,Active,https://www.sebi.gov.in,2026-10-03,false
INH000018212,INVESTEDGE RESEARCH ADVISORY PRIVATE LIMITED,Research Analyst,Active,https://www.sebi.gov.in,2026-10-03,false
INH000018221,Vyom Research LLP,Research Analyst,Active,https://www.sebi.gov.in,2026-10-03,false
INH000018230,MADHAV MILIND BHANDARE,Research Analyst,Active,https://www.sebi.gov.in,2026-10-03,false
INH000018249,MAHESH DEORA AAGGAARWAL,Research Analyst,Active,https://www.sebi.gov.in,2026-10-03,false
INH000018258,Quantace Research and Capital Private Limited,Research Analyst,Active,https://www.sebi.gov.in,2026-10-03,false
INH000018267,SHREEJI RESEARCH,Research Analyst,Active,https://www.sebi.gov.in,2026-10-03,false
INH000018276,Vinay Kumar Taparia,Research Analyst,Active,https://www.sebi.gov.in,2026-10-03,false
INH000018294,INVESTMENTLY RESEARCH,Research Analyst,Active,https://www.sebi.gov.in,2026-10-03,false
INH000018300,STOCKGRO TECHNOLOGY LLP,Research Analyst,Active,https://www.sebi.gov.in,2026-10-03,false
INH000018319,MANGAL KESHAV FINANCIAL SERVICES LLP,Research Analyst,Active,https://www.sebi.gov.in,2026-10-03,false
INH000018337,Centrum Finverse Limited,Research Analyst,Active,https://www.sebi.gov.in,2026-10-03,false
INH000018355,DILEEP KUMAR JAISWAL PROPRIETOR MYINVESTINGMANTRA,Research Analyst,Active,https://www.sebi.gov.in,2026-10-03,false
INH000018364,FINSTOCK SOLUTIONS,Research Analyst,Active,https://www.sebi.gov.in,2026-10-03,false
INH000018373,Adarsh Dey Proprietor or Wealthy Ways,Research Analyst,Active,https://www.sebi.gov.in,2026-10-03,false
INH000018382,FEEDSENSE AI PRIVATE LIMITED,Research Analyst,Active,https://www.sebi.gov.in,2026-10-03,false
INH000018391,Sahil Bhadviya,Research Analyst,Active,https://www.sebi.gov.in,2026-10-03,false
INH000018407,Front Wave Research LLP,Research Analyst,Active,https://www.sebi.gov.in,2026-10-03,false
INH000018416,Amit Lall,Research Analyst,Active,https://www.sebi.gov.in,2026-10-03,false
INH000018425,KALPESH RATHI,Research Analyst,Active,https://www.sebi.gov.in,2026-10-03,false
INH000018443,Abhijeet Ranganathan Ramachandran,Research Analyst,Active,https://www.sebi.gov.in,2026-10-03,false
INH000018452,Brainstormerz Research and Data Analytics Private Limited,Research Analyst,Active,https://www.sebi.gov.in,2026-10-03,false
INH000018461,DINESH NARAYAN GAIKWAD,Research Analyst,Active,https://www.sebi.gov.in,2026-10-03,false
INH000018470,Mahesh Sharma Proprietor of Pinkcity Research Analyst,Research Analyst,Active,https://www.sebi.gov.in,2026-10-03,false
INH000018498,Prakash Chand Chotia,Research Analyst,Active,https://www.sebi.gov.in,2026-10-03,false
INH000018504,SWAPNIL SANJAY SHINDE,Research Analyst,Active,https://www.sebi.gov.in,2026-10-03,false
INH000018513,MIYANI VAIBHAV BHARATBHAI,Research Analyst,Active,https://www.sebi.gov.in,2026-10-03,false
INH000018522,Vineet Sahni,Research Analyst,Active,https://www.sebi.gov.in,2026-10-03,false
INH000018531,THE OMNISCIENT SECURITIES PVT. LTD.,Research Analyst,Active,https://www.sebi.gov.in,2026-10-03,false
INH000018540,Vipin Sharma,Research Analyst,Active,https://www.sebi.gov.in,2026-10-03,false
INH000018559,SHUBHAM SHARMA PROPRIETOR OF THE RAPID INVESTORS,Research Analyst,Active,https://www.sebi.gov.in,2026-10-03,false
INH000018568,G K RESEARCH SERVICES LLP,Research Analyst,Active,https://www.sebi.gov.in,2026-10-03,false
INH000018577,Chahat Aggrawal,Research Analyst,Active,https://www.sebi.gov.in,2026-10-03,false
INH000018586,Shaikh Iftekhar Ahmed Sagir Ahmed,Research Analyst,Active,https://www.sebi.gov.in,2026-10-03,false
INH000018610,SHIVAM PRAMOD DHASKAT,Research Analyst,Active,https://www.sebi.gov.in,2026-10-03,false
INH000018629,Unifi Capital Private Limited,Research Analyst,Active,https://www.sebi.gov.in,2026-10-03,false
INH000018647,BHATU KISANBHAI DESALE,Research Analyst,Active,https://www.sebi.gov.in,2026-10-03,false
INH000018656,Chandril Ray,Research Analyst,Active,https://www.sebi.gov.in,2026-10-03,false
INH000018665,Nishita Jain Proprietor of Stockbazaari,Research Analyst,Active,https://www.sebi.gov.in,2026-10-03,false
INH000018674,Nemesh Pandey,Research Analyst,Active,https://www.sebi.gov.in,2026-10-03,false
INH000018683,KEYUR UMEDMAL SHAH-PROPRIETOR MARKET MAVEN RESEARCH,Research Analyst,Active,https://www.sebi.gov.in,2026-10-03,false
INH000018692,GTF Institute Private Limited,Research Analyst,Active,https://www.sebi.gov.in,2026-10-03,false
INH000018708,Goldy TyagiProprietor ROBOTECHPRO Algo Research,Research Analyst,Active,https://www.sebi.gov.in,2026-10-03,false
INH000018726,Ketan Mittal,Research Analyst,Active,https://www.sebi.gov.in,2026-10-03,false
INH000018735,SHYAMU R RELWANI,Research Analyst,Active,https://www.sebi.gov.in,2026-10-03,false
INH000018744,INTRATRADE RESEARCH AND TECHNOLOGY PRIVATE LIMITED,Research Analyst,Active,https://www.sebi.gov.in,2026-10-03,false
INH000018753,Amit Mishra Proprietor of First Trade Research,Research Analyst,Active,https://www.sebi.gov.in,2026-10-03,false
INH000018762,VENTUGROW CONSULTANTS PRIVATE LIMITED,Research Analyst,Active,https://www.sebi.gov.in,2026-10-03,false
INH000018780,Taha Rahi Proprietor of Finarts Research,Research Analyst,Active,https://www.sebi.gov.in,2026-10-03,false
INH000018799,Rightspade Capital Advisors Private Limited,Research Analyst,Active,https://www.sebi.gov.in,2026-10-03,false
INH000018805,Ravi I Shetti Proprietor of Income Source Stock Research Services,Research Analyst,Active,https://www.sebi.gov.in,2026-10-03,false
INH000018814,PRITAM SAMARTH,Research Analyst,Active,https://www.sebi.gov.in,2026-10-03,false
INH000018832,Aarohi Palak Shah,Research Analyst,Active,https://www.sebi.gov.in,2026-10-03,false
INH000018841,FIROZ QURAISHI,Research Analyst,Active,https://www.sebi.gov.in,2026-10-03,false
INH000018850,Chetan Sharma Proprietor of Morning Bell Research,Research Analyst,Active,https://www.sebi.gov.in,2026-10-03,false
INH000018869,Syam Kumar Reddy Adapa,Research Analyst,Active,https://www.sebi.gov.in,2026-10-03,false
INH000018878,RAJESHWAR MANDAL,Research Analyst,Active,https://www.sebi.gov.in,2026-10-03,false
INH000018896,Nishant Gupta Proprietor of Minerva Capital Research Solutions,Research Analyst,Active,https://www.sebi.gov.in,2026-10-03,false
INH000018911,ANKIT HIMATSINGKA,Research Analyst,Active,https://www.sebi.gov.in,2026-10-03,false
INH000018920,Neha Vijay Sondhi Proprietor of Stock Wise IQ,Research Analyst,Active,https://www.sebi.gov.in,2026-10-03,false
INH000018939,Pooja Singh Patel Proprietor of EquiWealth Research,Research Analyst,Active,https://www.sebi.gov.in,2026-10-03,false
INH000018948,INDstocks Private Limited,Research Analyst,Active,https://www.sebi.gov.in,2026-10-03,false
INH000018966,Avinash Jaiswal,Research Analyst,Active,https://www.sebi.gov.in,2026-10-03,false
INH000018975,Prateek Dangi,Research Analyst,Active,https://www.sebi.gov.in,2026-10-03,false
INH000018984,Vishnu Sunder,Research Analyst,Active,https://www.sebi.gov.in,2026-10-03,false
INH000018993,Yash Dahiya,Research Analyst,Active,https://www.sebi.gov.in,2026-10-03,false
INH000019008,JIGARKUMAR HARSHADKUMAR SHAH,Research Analyst,Active,https://www.sebi.gov.in,2026-10-03,false
INH000019017,Kaushik Ghosh,Research Analyst,Active,https://www.sebi.gov.in,2026-10-03,false
INH000019026,Rohan Kumar Sahu,Research Analyst,Active,https://www.sebi.gov.in,2026-10-03,false
INH000019035,MATRIX TRADING TECH,Research Analyst,Active,https://www.sebi.gov.in,2026-10-03,false
INH000019044,One Market Signal,Research Analyst,Active,https://www.sebi.gov.in,2026-10-03,false
INH000019053,Green candle Research Academy,Research Analyst,Active,https://www.sebi.gov.in,2026-10-03,false
INH000019062,MANOJKUMAR P TIWARI PROPRIETOR OF FINKUBER CAPITAL,Research Analyst,Active,https://www.sebi.gov.in,2026-10-03,false
INH000019071,Stockera Technology Private Limited,Research Analyst,Active,https://www.sebi.gov.in,2026-10-03,false
INH000019080,Karan Subhash Arora,Research Analyst,Active,https://www.sebi.gov.in,2026-10-03,false
INH000019099,ALDERLEAF STOCKMANTRA PRIVATE LIMITED,Research Analyst,Active,https://www.sebi.gov.in,2026-10-03,false
INH000019105,Growthvista Research Services Private Limited,Research Analyst,Active,https://www.sebi.gov.in,2026-10-03,false
INH000019114,Mayank Shukla Proprietor of Apex Research Financial Services,Research Analyst,Active,https://www.sebi.gov.in,2026-10-03,false
INH000019132,Rishab Singh Dheer,Research Analyst,Active,https://www.sebi.gov.in,2026-10-03,false
INH000019141,Tushar Goswami,Research Analyst,Active,https://www.sebi.gov.in,2026-10-03,false
INH000019150,Susmita Sahoo,Research Analyst,Active,https://www.sebi.gov.in,2026-10-03,false
INH000019169,Shikha Kapur Proprietor of Sprout Research,Research Analyst,Active,https://www.sebi.gov.in,2026-10-03,false
INH000019178,Dynamic Equities Private Limited,Research Analyst,Active,https://www.sebi.gov.in,2026-10-03,false
INH000019187,Deepak Khatri,Research Analyst,Active,https://www.sebi.gov.in,2026-10-03,false
INH000019202,Congruence Investment Advisers India Private Limited,Research Analyst,Active,https://www.sebi.gov.in,2026-10-03,false
INH000019211,Deepika Sahu Proprietor of Hitanshi Capital,Research Analyst,Active,https://www.sebi.gov.in,2026-10-03,false
INH000019220,Mohammed Adil Qureshi Proprietor of StockYard,Research Analyst,Active,https://www.sebi.gov.in,2026-10-03,false
INH000019239,Priyam Mehta Proprietor of Gapup Equity,Research Analyst,Active,https://www.sebi.gov.in,2026-10-03,false
INH000019248,Yogesh Nirwan Proprietor of Wealth Guru,Research Analyst,Active,https://www.sebi.gov.in,2026-10-03,false
INH000019257,VIBHORE GUPTA,Research Analyst,Active,https://www.sebi.gov.in,2026-10-03,false
INH000019266,Vedant Kelkar,Research Analyst,Active,https://www.sebi.gov.in,2026-10-03,false
INH000019275,Shivani Shailash Goyal,Research Analyst,Active,https://www.sebi.gov.in,2026-10-03,false
INH000019284,Amarlal Naraindas Bhatia,Research Analyst,Active,https://www.sebi.gov.in,2026-10-03,false
INH000019293,G KALYANI PROPRIETOR OF FUSION X TECHNOLOGY,Research Analyst,Active,https://www.sebi.gov.in,2026-10-03,false
INH000019309,PRADEEP CARPENTER,Research Analyst,Active,https://www.sebi.gov.in,2026-10-03,false
INH000019318,Hitesh Amar Punjabi,Research Analyst,Active,https://www.sebi.gov.in,2026-10-03,false
INH000019327,SASIKUMAR PEYYALA,Research Analyst,Active,https://www.sebi.gov.in,2026-10-03,false
INH000019336,Radheshyam Dandare Proprietor of Stockedge Research,Research Analyst,Active,https://www.sebi.gov.in,2026-10-03,false
INH000019345,Time & Tide Advisors LLP,Research Analyst,Active,https://www.sebi.gov.in,2026-10-03,false
INH000019354,KUNDAN PRAHLADRAI MOTWANI,Research Analyst,Active,https://www.sebi.gov.in,2026-10-03,false
INH000019363,Vivek Rana Proprietor of Investment Mirrors Research,Research Analyst,Active,https://www.sebi.gov.in,2026-10-03,false
INH000019372,Rahul Porwal Proprietor The Reliable Research,Research Analyst,Active,https://www.sebi.gov.in,2026-10-03,false
INH000019381,KSHITIJ PRABHU,Research Analyst,Active,https://www.sebi.gov.in,2026-10-03,false
INH000019406,Nitin Sharma Proprietor of WealthXplore Research Analyst,Research Analyst,Active,https://www.sebi.gov.in,2026-10-03,false
INH000019415,PARSHURAM DASHRATH DESAI,Research Analyst,Active,https://www.sebi.gov.in,2026-10-03,false
INH000019424,Mohd Sharafat Khan Proprietor Of Capsure Research,Research Analyst,Active,https://www.sebi.gov.in,2026-10-03,false
INH000019433,Arthscience Capital Research Private Limited,Research Analyst,Active,https://www.sebi.gov.in,2026-10-03,false
INH000019442,Chanpreet Singh,Research Analyst,Active,https://www.sebi.gov.in,2026-10-03,false
INH000019451,Ravi Chouhan,Research Analyst,Active,https://www.sebi.gov.in,2026-10-03,false
INH000019460,Ocean Finvest India Private Limited,Research Analyst,Active,https://www.sebi.gov.in,2026-10-03,false
INH000019479,Rukhsar Tajmulwasik Pathan Proprietor of Trade Research Academy,Research Analyst,Active,https://www.sebi.gov.in,2026-10-03,false
INH000019488,Kapil Verma Proprietor of Fusiontech Research,Research Analyst,Active,https://www.sebi.gov.in,2026-10-03,false
INH000019497,Manjushri Sharma,Research Analyst,Active,https://www.sebi.gov.in,2026-10-03,false
INH000019503,Estee Advisors Private Limited,Research Analyst,Active,https://www.sebi.gov.in,2026-10-03,false
INH000019512,CNI INFOXCHANGE PRIVATE LIMITED,Research Analyst,Active,https://www.sebi.gov.in,2026-10-03,false
INH000019521,Pravin Khetan,Research Analyst,Active,https://www.sebi.gov.in,2026-10-03,false
INH000019530,VACHASPATI JHA,Research Analyst,Active,https://www.sebi.gov.in,2026-10-03,false
INH000019549,Ashok Bhandari,Research Analyst,Active,https://www.sebi.gov.in,2026-10-03,false
INH000019558,Bullsstrategy Advisory Private Limited,Research Analyst,Active,https://www.sebi.gov.in,2026-10-03,false
INH000019567,GEOJIT INVESTMENTS LIMITED,Research Analyst,Active,https://www.sebi.gov.in,2026-10-03,false
INH000019770,Shivpal Rajput Proprietor of Sumedha Research,Research Analyst,Active,https://www.sebi.gov.in,2026-10-03,false
INH000019789,SNM Value Educator Research Services LLP,Research Analyst,Active,https://www.sebi.gov.in,2026-10-03,false
INH000019798,CANDOUR ASSET MANAGEMENT LLP,Research Analyst,Active,https://www.sebi.gov.in,2026-10-03,false
INH000019804,Amit Dhamija,Research Analyst,Active,https://www.sebi.gov.in,2026-10-03,false
INH000019813,SIHO Research Private Limited,Research Analyst,Active,https://www.sebi.gov.in,2026-10-03,false
INH000019822,PRITI TIWARI,Research Analyst,Active,https://www.sebi.gov.in,2026-10-03,false
INH000019831,Mahipat Valera Sisodiya,Research Analyst,Active,https://www.sebi.gov.in,2026-10-03,false
INH000019840,Idrees Doulatganj Wala Proprietor of MI Grow Wealth,Research Analyst,Active,https://www.sebi.gov.in,2026-10-03,false
INH000019859,I CAP TRADERS CIRCUIT PRIVATE LIMITED,Research Analyst,Active,https://www.sebi.gov.in,2026-10-03,false
INH000019868,Turtle Wealth Management Pvt. Ltd.,Research Analyst,Active,https://www.sebi.gov.in,2026-10-03,false
INH000019877,Nishant Anil Tathe,Research Analyst,Active,https://www.sebi.gov.in,2026-10-03,false
INH000019886,AMIT BHATTACHARJEE,Research Analyst,Active,https://www.sebi.gov.in,2026-10-03,false
INH000019895,Vaibhav Sandipan Mote Proprietor of Profit Booster Analysis,Research Analyst,Active,https://www.sebi.gov.in,2026-10-03,false
INH000019901,Sai Prasad Himmatrao Holkar,Research Analyst,Active,https://www.sebi.gov.in,2026-10-03,false
INH000019910,Mahaveer Jain Proprietor of Nextedge Research,Research Analyst,Active,https://www.sebi.gov.in,2026-10-03,false
INH000019929,GADDE RAJENDRA,Research Analyst,Active,https://www.sebi.gov.in,2026-10-03,false
INH000019938,Abinas M,Research Analyst,Active,https://www.sebi.gov.in,2026-10-03,false
INH000019956,Rohan S Jadhav Proprietor of Oloid Money,Research Analyst,Active,https://www.sebi.gov.in,2026-10-03,false
INH000019965,Awesome Investing,Research Analyst,Active,https://www.sebi.gov.in,2026-10-03,false
INH000019974,Enrich Financial Market Private limited,Research Analyst,Active,https://www.sebi.gov.in,2026-10-03,false
INH000019983,Compounding Wealth Advisors LLP,Research Analyst,Active,https://www.sebi.gov.in,2026-10-03,false
INH000019992,Yogendra Singh Negi Proprietor of Investing Options,Research Analyst,Active,https://www.sebi.gov.in,2026-10-03,false
INH000020004,5 CIRCLES PRIVATE LIMITED,Research Analyst,Active,https://www.sebi.gov.in,2026-10-03,false
INH000020013,Nilesh Kushwah Proprietor Aura Capital Financial Services,Research Analyst,Active,https://www.sebi.gov.in,2026-10-03,false
INH000020022,Shivam Rane Proprietor of Stock Emphasis,Research Analyst,Active,https://www.sebi.gov.in,2026-10-03,false
INH000020031,RAGHAV RESEARCH SERVICES LLP,Research Analyst,Active,https://www.sebi.gov.in,2026-10-03,false
INH000020040,GOINDIA ADVISORS LLP,Research Analyst,Active,https://www.sebi.gov.in,2026-10-03,false
INH000020068,MANOJ KUMAR A,Research Analyst,Active,https://www.sebi.gov.in,2026-10-03,false
INH000020077,Omniscience Capital Advisors Private Limited,Research Analyst,Active,https://www.sebi.gov.in,2026-10-03,false
INH000020086,Paytm Money Limited,Research Analyst,Active,https://www.sebi.gov.in,2026-10-03,false
INH000020095,SHAILESHKUMAR K GADHIYA,Research Analyst,Active,https://www.sebi.gov.in,2026-10-03,false
INH000020101,Sharan Basant Lillaney,Research Analyst,Active,https://www.sebi.gov.in,2026-10-03,false
INH000020129,Trillion Stock Research Prop Prachi Sharma,Research Analyst,Active,https://www.sebi.gov.in,2026-10-03,false
INH000020138,AIONION CAPITAL MARKET SERVICES PRIVATE LIMITED,Research Analyst,Active,https://www.sebi.gov.in,2026-10-03,false
INH000020156,Vivek Kumar Singh Proprietor of Systematic Trader Vivek,Research Analyst,Active,https://www.sebi.gov.in,2026-10-03,false
INH000020165,Divya Singaravelu,Research Analyst,Active,https://www.sebi.gov.in,2026-10-03,false
INH000020174,Option Brains Capital Private Limited,Research Analyst,Active,https://www.sebi.gov.in,2026-10-03,false
INH000020183,Vinay Suneja,Research Analyst,Active,https://www.sebi.gov.in,2026-10-03,false
INH000020192,Nikhil Badaya,Research Analyst,Active,https://www.sebi.gov.in,2026-10-03,false
INH000020208,Upstox Securities Private Limited,Research Analyst,Active,https://www.sebi.gov.in,2026-10-03,false
INH000020217,VP Capital Research Private Limited,Research Analyst,Active,https://www.sebi.gov.in,2026-10-03,false
INH000020226,VIJAY KUMAR GUPTA,Research Analyst,Active,https://www.sebi.gov.in,2026-10-03,false
INH000020235,ANCY JACOB,Research Analyst,Active,https://www.sebi.gov.in,2026-10-03,false
INH000020244,SHRIKANT ASHOK MADGHE Proprietor Ovam Financial Services,Research Analyst,Active,https://www.sebi.gov.in,2026-10-03,false
INH000020253,Kuldeep Hanumant Proprietor of Goodluck Research,Research Analyst,Active,https://www.sebi.gov.in,2026-10-03,false
INH000020262,Bristlecone Consultants,Research Analyst,Active,https://www.sebi.gov.in,2026-10-03,false
INH000020271,Ankita Ashwin Jain Proprietor of Sanchitam Wealth,Research Analyst,Active,https://www.sebi.gov.in,2026-10-03,false
INH000020280,Rupesh Raj Proprietor of NextEra Research,Research Analyst,Active,https://www.sebi.gov.in,2026-10-03,false
INH000020299,HARSHAL PARMAR,Research Analyst,Active,https://www.sebi.gov.in,2026-10-03,false
INH000020305,Angel One Investment Services Private Limited,Research Analyst,Active,https://www.sebi.gov.in,2026-10-03,false
INH000020314,Saurabh Saha Proprietor of Mark Research,Research Analyst,Active,https://www.sebi.gov.in,2026-10-03,false
INH000020323,PRRSAAR SAMPADA PRIVATE LIMITED,Research Analyst,Active,https://www.sebi.gov.in,2026-10-03,false
INH000020332,Rajneesh Sharma,Research Analyst,Active,https://www.sebi.gov.in,2026-10-03,false
INH000020341,ARTH SADHANA,Research Analyst,Active,https://www.sebi.gov.in,2026-10-03,false
INH000020350,Unite Technologies Financial Service,Research Analyst,Active,https://www.sebi.gov.in,2026-10-03,false
INH000020369,Sushilkumar Baljitsingh Chauhan,Research Analyst,Active,https://www.sebi.gov.in,2026-10-03,false
INH000020378,VIKASH KUMAR GUPTA,Research Analyst,Active,https://www.sebi.gov.in,2026-10-03,false
INH000020387,MONEXAA RESEARCH Prop SATISH KUMAR PANDEY,Research Analyst,Active,https://www.sebi.gov.in,2026-10-03,false
INH000020396,Nikhil Kumar Sahu of Proprietor of Raistocks.com,Research Analyst,Active,https://www.sebi.gov.in,2026-10-03,false
INH000020402,Makarand Anant Vipat,Research Analyst,Active,https://www.sebi.gov.in,2026-10-03,false
INH000020411,Shubham Agrawal proprietor of Shubh Technical Research,Research Analyst,Active,https://www.sebi.gov.in,2026-10-03,false
INH000020420,JEETHENDRA H,Research Analyst,Active,https://www.sebi.gov.in,2026-10-03,false
INH000020439,SANJAY NANDLAL AHUJA,Research Analyst,Active,https://www.sebi.gov.in,2026-10-03,false
INH000020448,Kumar Satyam,Research Analyst,Active,https://www.sebi.gov.in,2026-10-03,false
INH000020457,Equiboost Finserv private limited,Research Analyst,Active,https://www.sebi.gov.in,2026-10-03,false
INH000020466,Pyrifera Investment Advisors,Research Analyst,Active,https://www.sebi.gov.in,2026-10-03,false
INH000020475,Altinvestor Research LLP,Research Analyst,Active,https://www.sebi.gov.in,2026-10-03,false
INH000020484,KESHAV MAHESHWARI,Research Analyst,Active,https://www.sebi.gov.in,2026-10-03,false
INH000020509,IKASHI FINTECH PRIVATE LIMITED,Research Analyst,Active,https://www.sebi.gov.in,2026-10-03,false
INH000020518,VIPUL NANDAN PROPRIETOR NANDAN WEALTH,Research Analyst,Active,https://www.sebi.gov.in,2026-10-03,false
INH000020527,Pramod Patidar Proprietor of Equibalance Research,Research Analyst,Active,https://www.sebi.gov.in,2026-10-03,false
INH000020536,Mohd Rizwan,Research Analyst,Active,https://www.sebi.gov.in,2026-10-03,false
INH000020545,Vikash Kumar Jain Proprietor Virtual Technologies And Financial Services,Research Analyst,Active,https://www.sebi.gov.in,2026-10-03,false
INH000020554,MAUSAM NAGPAL,Research Analyst,Active,https://www.sebi.gov.in,2026-10-03,false
INH000020572,Akash Dilip Bacha Proprietor of Wealth Origin Financial Service,Research Analyst,Active,https://www.sebi.gov.in,2026-10-03,false
INH000020581,Satish Rajamouli Vemula,Research Analyst,Active,https://www.sebi.gov.in,2026-10-03,false
INH000020590,Shah Meghna Kewal,Research Analyst,Active,https://www.sebi.gov.in,2026-10-03,false
INH000020606,Nikita Jain Proprietor Balaji Elite Research,Research Analyst,Active,https://www.sebi.gov.in,2026-10-03,false
INH000020615,Amit Malviya Proprietor of Moneyplant Research,Research Analyst,Active,https://www.sebi.gov.in,2026-10-03,false
INH000020633,ARUN S VIJAY,Research Analyst,Active,https://www.sebi.gov.in,2026-10-03,false
INH000020642,PA WEALTH VENTURES PRIVATE LIMITED,Research Analyst,Active,https://www.sebi.gov.in,2026-10-03,false
INH000020651,SUDHANSHU KUMAR SINGH,Research Analyst,Active,https://www.sebi.gov.in,2026-10-03,false
INH000020660,Harshit Kumar Singh Proprietor of Alpha Insiight,Research Analyst,Active,https://www.sebi.gov.in,2026-10-03,false
INH000020679,Ashutosh Kumar Gupta,Research Analyst,Active,https://www.sebi.gov.in,2026-10-03,false
INH000020688,Abhinav Singla Proprietor Abhinav Singla & Associates,Research Analyst,Active,https://www.sebi.gov.in,2026-10-03,false
INH000020697,SWATI VIJAY,Research Analyst,Active,https://www.sebi.gov.in,2026-10-03,false
INH000020703,Aishani Dhawan,Research Analyst,Active,https://www.sebi.gov.in,2026-10-03,false
INH000020712,Madhur Jain,Research Analyst,Active,https://www.sebi.gov.in,2026-10-03,false
INH000020721,Ankita Mukherjee Proprietor of Investease Research,Research Analyst,Active,https://www.sebi.gov.in,2026-10-03,false
INH000020730,Kerdoss Trade India,Research Analyst,Active,https://www.sebi.gov.in,2026-10-03,false
INH000020749,Amol Ramakant Surwade,Research Analyst,Active,https://www.sebi.gov.in,2026-10-03,false
INH000020758,Ajay Kumar Meena Proprietor of Triumphbulls Research Services,Research Analyst,Active,https://www.sebi.gov.in,2026-10-03,false
INH000020767,PRAKASH YADAV PROPRIETOR OF INVESTEDGE SOLUTION,Research Analyst,Active,https://www.sebi.gov.in,2026-10-03,false
INH000020776,Vishwesh Diware,Research Analyst,Active,https://www.sebi.gov.in,2026-10-03,false
INH000020785,ATIN AGRRAWAL PROPRIETOR OF SRK RESEARCH,Research Analyst,Active,https://www.sebi.gov.in,2026-10-03,false
INH000020794,Aditya Subhash Patil proprietor of Whitestone Capital,Research Analyst,Active,https://www.sebi.gov.in,2026-10-03,false
INH000020800,Saurabh Gupta,Research Analyst,Active,https://www.sebi.gov.in,2026-10-03,false
INH000020819,Sami Ahmad Sajjad,Research Analyst,Active,https://www.sebi.gov.in,2026-10-03,false
INH000020828,KOMAL JETHANI,Research Analyst,Active,https://www.sebi.gov.in,2026-10-03,false
INH000020837,Komal Yadav Proprietor of Wealth Waves Research,Research Analyst,Active,https://www.sebi.gov.in,2026-10-03,false
INH000020846,SR Wealth Research,Research Analyst,Active,https://www.sebi.gov.in,2026-10-03,false
INH000020855,Rohit Mohan Dhanani Proprietor of Krid Capital,Research Analyst,Active,https://www.sebi.gov.in,2026-10-03,false
INH000020864,KASAA Research & Investment Advisory Private Limited,Research Analyst,Active,https://www.sebi.gov.in,2026-10-03,false
INH000020873,Mayur B Deshmukh Proprietor of Govardhan Research And Analytics,Research Analyst,Active,https://www.sebi.gov.in,2026-10-03,false
INH000020882,DR. SANDESH KEDIA Proprietor of KEDIA RESEARCH & LEARNING HUB,Research Analyst,Active,https://www.sebi.gov.in,2026-10-03,false
INH000020891,Chandrakant Panditrao Bangar,Research Analyst,Active,https://www.sebi.gov.in,2026-10-03,false
INH000020907,Thacker Bhavesh H,Research Analyst,Active,https://www.sebi.gov.in,2026-10-03,false
INH000020916,Aman Singhal,Research Analyst,Active,https://www.sebi.gov.in,2026-10-03,false
INH000020934,PANKAJ PAWAR Proprietor of CapitalLyft,Research Analyst,Active,https://www.sebi.gov.in,2026-10-03,false
INH000020943,CD RESEARCH PRIVATE LIMITED,Research Analyst,Active,https://www.sebi.gov.in,2026-10-03,false
INH000020952,Hardeep Singh Proprietor of HS Fintech,Research Analyst,Active,https://www.sebi.gov.in,2026-10-03,false
INH000020961,Angel Research Analysis LLP,Research Analyst,Active,https://www.sebi.gov.in,2026-10-03,false
INH000020970,Anand Sharadchandra Pathak proprietor of Shrinidhi Capital,Research Analyst,Active,https://www.sebi.gov.in,2026-10-03,false
INH000020998,ANUBRATA DAS,Research Analyst,Active,https://www.sebi.gov.in,2026-10-03,false
INH000021003,Arjun L,Research Analyst,Active,https://www.sebi.gov.in,2026-10-03,false
INH000021012,Arthasiddhi Equity Advisory Services,Research Analyst,Active,https://www.sebi.gov.in,2026-10-03,false
INH000021021,CA Dharmendra Singh Songira,Research Analyst,Active,https://www.sebi.gov.in,2026-10-03,false
INH000021030,CHANDRA SHEKHAR PANDEY,Research Analyst,Active,https://www.sebi.gov.in,2026-10-03,false
INH000021049,ELEVE CAPITAL PARTNERS,Research Analyst,Active,https://www.sebi.gov.in,2026-10-03,false
INH000021058,Financial Independence Services,Research Analyst,Active,https://www.sebi.gov.in,2026-10-03,false
INH000021067,M/s. Nexttech Securities Private Limited,Research Analyst,Active,https://www.sebi.gov.in,2026-10-03,false
INH000021085,RAHUL RANKA,Research Analyst,Active,https://www.sebi.gov.in,2026-10-03,false
INH000021094,RGX Research Private Limited,Research Analyst,Active,https://www.sebi.gov.in,2026-10-03,false
INH000021100,Vinay Kumar Singh Proprietor of Vpack Capital Research,Research Analyst,Active,https://www.sebi.gov.in,2026-10-03,false
INH000021119,Sachin Ramchandra Naik Proprietor of Intliri Academy,Research Analyst,Active,https://www.sebi.gov.in,2026-10-03,false
INH000021128,Quantum Information Services Private Limited,Research Analyst,Active,https://www.sebi.gov.in,2026-10-03,false
INH000021164,Barkha Siddharth Kamra,Research Analyst,Active,https://www.sebi.gov.in,2026-10-03,false
INH000021173,Equbot AI India Private Limited,Research Analyst,Active,https://www.sebi.gov.in,2026-10-03,false
INH000021182,TI RESEARCH PARTNERS,Research Analyst,Active,https://www.sebi.gov.in,2026-10-03,false
INH000021207,Shashank Sunil Udupa,Research Analyst,Active,https://www.sebi.gov.in,2026-10-03,false
INH000021216,PRASHANT PAREEK,Research Analyst,Active,https://www.sebi.gov.in,2026-10-03,false
INH000021225,Project Options,Research Analyst,Active,https://www.sebi.gov.in,2026-10-03,false
INH000021234,Ankush Sanodiya Proprietor of Delight Financial Services,Research Analyst,Active,https://www.sebi.gov.in,2026-10-03,false
INH000021243,Equivest Research Private Limited,Research Analyst,Active,https://www.sebi.gov.in,2026-10-03,false
INH000021252,Divyani Kuldipsingh Thakur,Research Analyst,Active,https://www.sebi.gov.in,2026-10-03,false
INH000021261,Tejas Bansal,Research Analyst,Active,https://www.sebi.gov.in,2026-10-03,false
INH000021270,Yashdeep Kothari,Research Analyst,Active,https://www.sebi.gov.in,2026-10-03,false
INH000021289,ANAND DINESHBHAI NANAVATI,Research Analyst,Active,https://www.sebi.gov.in,2026-10-03,false
INH000021298,Rohit Deepak Kripalani,Research Analyst,Active,https://www.sebi.gov.in,2026-10-03,false
INH000021304,ABHIJIT PANDURANG PATIL,Research Analyst,Active,https://www.sebi.gov.in,2026-10-03,false
INH000021313,Sakshi Gaurav Jalan,Research Analyst,Active,https://www.sebi.gov.in,2026-10-03,false
INH000021322,KARTHIK K,Research Analyst,Active,https://www.sebi.gov.in,2026-10-03,false
INH000021331,Ekta Bansal,Research Analyst,Active,https://www.sebi.gov.in,2026-10-03,false
INH000021340,Kailash Karsandas Babhaniya,Research Analyst,Active,https://www.sebi.gov.in,2026-10-03,false
INH000021359,Patel Jignesh Kanubhai Proprietor of Omkar Research Analyst,Research Analyst,Active,https://www.sebi.gov.in,2026-10-03,false
INH000021368,Rupak Ghosh,Research Analyst,Active,https://www.sebi.gov.in,2026-10-03,false
INH000021377,BEACON CAPITAL ADVISORS PRIVATE LIMITED,Research Analyst,Active,https://www.sebi.gov.in,2026-10-03,false
INH000021386,PANKAJ KUMAR JAIN PROPRIETOR OF EYE ON TRADE RESEARCH,Research Analyst,Active,https://www.sebi.gov.in,2026-10-03,false
INH000021395,Ramesh Pal,Research Analyst,Active,https://www.sebi.gov.in,2026-10-03,false
INH000021401,Neetu Kushwaha Proprietor of Trading Hub Research,Research Analyst,Active,https://www.sebi.gov.in,2026-10-03,false
INH000021410,Vimulsinh Solanki,Research Analyst,Active,https://www.sebi.gov.in,2026-10-03,false
INH000021429,Ayush Sharma,Research Analyst,Active,https://www.sebi.gov.in,2026-10-03,false
INH000021438,DICHOLKAR RAVINDRA A,Research Analyst,Active,https://www.sebi.gov.in,2026-10-03,false
INH000021447,EB CAPITAL SERVICES PRIVATE LIMITED,Research Analyst,Active,https://www.sebi.gov.in,2026-10-03,false
INH000021456,Binita Bharti,Research Analyst,Active,https://www.sebi.gov.in,2026-10-03,false
INH000021465,Ranvir Pratap Singh Proprietor Redwood Financial,Research Analyst,Active,https://www.sebi.gov.in,2026-10-03,false
INH000021474,Shailesh Singh Proprietor Assent Advisory,Research Analyst,Active,https://www.sebi.gov.in,2026-10-03,false
INH000021483,FINBONG FINANCIAL TECHNOLOGIES,Research Analyst,Active,https://www.sebi.gov.in,2026-10-03,false
INH000021492,Manoj Rathore Proprietor Market Mentor Research & Academy,Research Analyst,Active,https://www.sebi.gov.in,2026-10-03,false
INH000021508,Rajat Bisht,Research Analyst,Active,https://www.sebi.gov.in,2026-10-03,false
INH000021517,Thobani Saif Shabbir Proprietor Of Vantage Research,Research Analyst,Active,https://www.sebi.gov.in,2026-10-03,false
INH000021526,FUNDSGURU PRIVATE LIMITED,Research Analyst,Active,https://www.sebi.gov.in,2026-10-03,false
INH000021535,RAJ PARMAR,Research Analyst,Active,https://www.sebi.gov.in,2026-10-03,false
INH000021544,GANATRA CHINTAN DILIPBHAI,Research Analyst,Active,https://www.sebi.gov.in,2026-10-03,false
INH000021553,Raghav Malik,Research Analyst,Active,https://www.sebi.gov.in,2026-10-03,false
INH000021562,Rainbow Money Private Limited,Research Analyst,Active,https://www.sebi.gov.in,2026-10-03,false
INH000021571,Growth Investing Private Limited,Research Analyst,Active,https://www.sebi.gov.in,2026-10-03,false
INH000021580,Humaira Irfan Shaikh,Research Analyst,Active,https://www.sebi.gov.in,2026-10-03,false
INH000021599,ASHISH BEDI,Research Analyst,Active,https://www.sebi.gov.in,2026-10-03,false
INH000021605,TRANS SCAN SECURITIES PRIVATE LIMITED,Research Analyst,Active,https://www.sebi.gov.in,2026-10-03,false
INH000021614,Nitesh Jain Proprietor of One Nivesh,Research Analyst,Active,https://www.sebi.gov.in,2026-10-03,false
INH000021623,VIKAS NAGRANI,Research Analyst,Active,https://www.sebi.gov.in,2026-10-03,false
INH000021632,Geo George Jacob,Research Analyst,Active,https://www.sebi.gov.in,2026-10-03,false
INH000021641,Lotusdew Wealth and Investment Advisors Private Limited,Research Analyst,Active,https://www.sebi.gov.in,2026-10-03,false
INH000021650,ISHA JAIN,Research Analyst,Active,https://www.sebi.gov.in,2026-10-03,false
INH000021669,Palette Wealth Management Private Limited,Research Analyst,Active,https://www.sebi.gov.in,2026-10-03,false
INH000021678,Aastha Fintech Private Limited,Research Analyst,Active,https://www.sebi.gov.in,2026-10-03,false
INH000021687,AYUSHI CHAUKSEY ADVISER PRIVATE LIMITED,Research Analyst,Active,https://www.sebi.gov.in,2026-10-03,false
INH000021696,Sanjoy Ghosh,Research Analyst,Active,https://www.sebi.gov.in,2026-10-03,false
INH000021702,ERUGURALA NIKHIL KUMAR PROPRIETOR OF US INVESTMENT SOLUTIONS,Research Analyst,Active,https://www.sebi.gov.in,2026-10-03,false
INH000021711,HEMLATA SOMANI Proprietor of STOCKAXIS VENTURES,Research Analyst,Active,https://www.sebi.gov.in,2026-10-03,false
INH000021720,BILLA BHARATH,Research Analyst,Active,https://www.sebi.gov.in,2026-10-03,false
INH000021739,Pradip Prabir Banerjee,Research Analyst,Active,https://www.sebi.gov.in,2026-10-03,false
INH000021757,MARKET MAESTROO PRIVATE LIMITED,Research Analyst,Active,https://www.sebi.gov.in,2026-10-03,false
INH000021766,Safal Tom,Research Analyst,Active,https://www.sebi.gov.in,2026-10-03,false
INH000021784,Debasish Swain proprietor of Discipline Research,Research Analyst,Active,https://www.sebi.gov.in,2026-10-03,false
INH000021793,LK PRIME TECHNICAL PRIVATE LIMITED,Research Analyst,Active,https://www.sebi.gov.in,2026-10-03,false
INH000021809,SACHIN VIJAY GHAG,Research Analyst,Active,https://www.sebi.gov.in,2026-10-03,false
INH000021818,Renaissance Smart Tech Private Limited,Research Analyst,Active,https://www.sebi.gov.in,2026-10-03,false
INH000021827,Manan Mundra,Research Analyst,Active,https://www.sebi.gov.in,2026-10-03,false
INH000021836,CHAUHAN PARESH K,Research Analyst,Active,https://www.sebi.gov.in,2026-10-03,false
INH000021845,Raman Kumar Verma,Research Analyst,Active,https://www.sebi.gov.in,2026-10-03,false
INH000021863,Vivek Awad Proprietor of Fortune Wolf Research,Research Analyst,Active,https://www.sebi.gov.in,2026-10-03,false
INH000021872,Manya Sharma,Research Analyst,Active,https://www.sebi.gov.in,2026-10-03,false
INH000021881,RAJENDRA HARISHCHANDRA JADHAV,Research Analyst,Active,https://www.sebi.gov.in,2026-10-03,false
INH000021890,Penagaluru Venkata Raviteja Proprietor OF PVR Advisory,Research Analyst,Active,https://www.sebi.gov.in,2026-10-03,false
INH000021906,Finvest Solutions,Research Analyst,Active,https://www.sebi.gov.in,2026-10-03,false
INH000021915,Vivek Kumar,Research Analyst,Active,https://www.sebi.gov.in,2026-10-03,false
INH000021924,Joshi Nirav Bharatkumar Proprietor of Kutch Capital Research,Research Analyst,Active,https://www.sebi.gov.in,2026-10-03,false
INH000021933,Aniket Prakashbhai Nemade,Research Analyst,Active,https://www.sebi.gov.in,2026-10-03,false
INH000021942,Mojo Markets Private Limited,Research Analyst,Active,https://www.sebi.gov.in,2026-10-03,false
INH000021951,ARJIT RAJEEV GARG,Research Analyst,Active,https://www.sebi.gov.in,2026-10-03,false
INH000021960,Pravin Ratilal Share And Stock Brokers Limited,Research Analyst,Active,https://www.sebi.gov.in,2026-10-03,false
INH000021979,AUROSTARINVESTMENT ADVISORY PRIVATE LIMITED,Research Analyst,Active,https://www.sebi.gov.in,2026-10-03,false
INH000021988,Rajnikant Vinubhai Chauhan,Research Analyst,Active,https://www.sebi.gov.in,2026-10-03,false
INH000021997,Atul Bapna,Research Analyst,Active,https://www.sebi.gov.in,2026-10-03,false
INH000022002,Neha Soni Proprietor of RK Research Solutions,Research Analyst,Active,https://www.sebi.gov.in,2026-10-03,false
INH000022011,Divya Roy Proprietor Master Research,Research Analyst,Active,https://www.sebi.gov.in,2026-10-03,false
INH000022020,FALCONPHASE RESEARCH PRIVATE LIMITED,Research Analyst,Active,https://www.sebi.gov.in,2026-10-03,false
INH000022039,Anand Rawani,Research Analyst,Active,https://www.sebi.gov.in,2026-10-03,false
INH000022048,ANAND SINGH ADHIKARI,Research Analyst,Active,https://www.sebi.gov.in,2026-10-03,false
INH000022057,SHERASIYA RIYAZUDIN RASUL,Research Analyst,Active,https://www.sebi.gov.in,2026-10-03,false
INH000022066,Abishek Kondagunta Venkatesh,Research Analyst,Active,https://www.sebi.gov.in,2026-10-03,false
INH000022075,Brijesh Hemendra Bhatia,Research Analyst,Active,https://www.sebi.gov.in,2026-10-03,false
INH000022084,Jitendra Parmar Proprietor of Galaxy Research,Research Analyst,Active,https://www.sebi.gov.in,2026-10-03,false
INH000022093,Shankarnath K,Research Analyst,Active,https://www.sebi.gov.in,2026-10-03,false
INH000022109,ROHIT,Research Analyst,Active,https://www.sebi.gov.in,2026-10-03,false
INH000022118,ASP FINSERV PRIVATE LIMITED,Research Analyst,Active,https://www.sebi.gov.in,2026-10-03,false
INH000022127,H N SHYLAJA,Research Analyst,Active,https://www.sebi.gov.in,2026-10-03,false
INH000022136,HARDIK NAINESHBHAI KACHAVA,Research Analyst,Active,https://www.sebi.gov.in,2026-10-03,false
INH000022145,VAIBHAV LALITBHAI PITHVA,Research Analyst,Active,https://www.sebi.gov.in,2026-10-03,false
INH000022154,SADHA RESEARCH,Research Analyst,Active,https://www.sebi.gov.in,2026-10-03,false
INH000022163,Rajiv Sharma Proprietor Capital Life Research,Research Analyst,Active,https://www.sebi.gov.in,2026-10-03,false
INH000022172,Aaritya Broking Private Limited,Research Analyst,Active,https://www.sebi.gov.in,2026-10-03,false
INH000022181,Ashvin Patidar,Research Analyst,Active,https://www.sebi.gov.in,2026-10-03,false
INH000022190,BULLGAINS RESEARCH,Research Analyst,Active,https://www.sebi.gov.in,2026-10-03,false
INH000022206,Inzamamul Haque Proprietor of The Indicators,Research Analyst,Active,https://www.sebi.gov.in,2026-10-03,false
INH000022215,Valuation Mantra,Research Analyst,Active,https://www.sebi.gov.in,2026-10-03,false
INH000022224,Stoic Wealth,Research Analyst,Active,https://www.sebi.gov.in,2026-10-03,false
INH000022233,Gaurav Kumar Sharma Proprietor of Level One Research,Research Analyst,Active,https://www.sebi.gov.in,2026-10-03,false
INH000022242,Dattatraya Ghodke,Research Analyst,Active,https://www.sebi.gov.in,2026-10-03,false
INH000022251,VANSHIKA DUTT,Research Analyst,Active,https://www.sebi.gov.in,2026-10-03,false
INH000022260,Vikas Baldi,Research Analyst,Active,https://www.sebi.gov.in,2026-10-03,false
INH000022279,ROHIT MUSALE,Research Analyst,Active,https://www.sebi.gov.in,2026-10-03,false
INH000022288,HITESH NANWANI,Research Analyst,Active,https://www.sebi.gov.in,2026-10-03,false
INH000022297,Finkhoz Roboadvisory Services Private Limited,Research Analyst,Active,https://www.sebi.gov.in,2026-10-03,false
INH000022303,JAYESH JAYANT JAJOO,Research Analyst,Active,https://www.sebi.gov.in,2026-10-03,false
INH000022312,SHILPA LIMAYE,Research Analyst,Active,https://www.sebi.gov.in,2026-10-03,false
INH000022321,Rajesh Gupta,Research Analyst,Active,https://www.sebi.gov.in,2026-10-03,false
INH000022330,Nidhi Chokhani,Research Analyst,Active,https://www.sebi.gov.in,2026-10-03,false
INH000022349,DINESH KUMAR SINGHAL Propritor The Money Method,Research Analyst,Active,https://www.sebi.gov.in,2026-10-03,false
INH000022358,INDIABULLS SECURITIES LIMITED,Research Analyst,Active,https://www.sebi.gov.in,2026-10-03,false
INH000022367,Vinith Oscar Dcosta,Research Analyst,Active,https://www.sebi.gov.in,2026-10-03,false
INH000022376,MAHYAVANSHI JIGNESH JAYANTIBHAI,Research Analyst,Active,https://www.sebi.gov.in,2026-10-03,false
INH000022385,Luminorix Financial Services Private Limited,Research Analyst,Active,https://www.sebi.gov.in,2026-10-03,false
INH000022394,SONKAR REEMA BRIJLAL,Research Analyst,Active,https://www.sebi.gov.in,2026-10-03,false
INH000022400,PARAMS DATA PROVIDER PRIVATE LIMITED,Research Analyst,Active,https://www.sebi.gov.in,2026-10-03,false
INH000022419,Vivek Soni Proprietor Easy Trade Insights,Research Analyst,Active,https://www.sebi.gov.in,2026-10-03,false
INH000022428,Research Samrat Insights Pvt Ltd,Research Analyst,Active,https://www.sebi.gov.in,2026-10-03,false
INH000022437,MYMONEYGURU CAPITAL & RESEARCH PRIVATE LIMITED,Research Analyst,Active,https://www.sebi.gov.in,2026-10-03,false
INH000022446,Raksha Sharma Proprietor of Pheonix Capital Research,Research Analyst,Active,https://www.sebi.gov.in,2026-10-03,false
INH000022455,Amit Kumar Singh Proprietor of Optiwealth Research,Research Analyst,Active,https://www.sebi.gov.in,2026-10-03,false
INH000022464,CHAITANYA VINOD AGARWAL,Research Analyst,Active,https://www.sebi.gov.in,2026-10-03,false
INH000022473,Javed Nasim Shaikh Proprietor of Stockvix,Research Analyst,Active,https://www.sebi.gov.in,2026-10-03,false
INH000022482,Amit Anand Proprietor Capital vision Research,Research Analyst,Active,https://www.sebi.gov.in,2026-10-03,false
INH000022491,OLEANDER FINANCIAL TECHNOLOGIES PRIVATE LIMITED,Research Analyst,Active,https://www.sebi.gov.in,2026-10-03,false
INH000022507,GISKARD DATATECH PRIVATE LIMITED,Research Analyst,Active,https://www.sebi.gov.in,2026-10-03,false
INH000022516,YASH RAJABHAI HINDUJA PROPRIETOR RUDRASTOX ADVISORY,Research Analyst,Active,https://www.sebi.gov.in,2026-10-03,false
INH000022525,RITUKANT MAURYA,Research Analyst,Active,https://www.sebi.gov.in,2026-10-03,false
INH000022534,Neeraj Vasudevan,Research Analyst,Active,https://www.sebi.gov.in,2026-10-03,false
INH000022543,Rohit Tripathi,Research Analyst,Active,https://www.sebi.gov.in,2026-10-03,false
INH000022552,RANGAONE FINWALA PRIVATE LIMITED,Research Analyst,Active,https://www.sebi.gov.in,2026-10-03,false
INH000022561,M/S MAM AND KAV SECURITIES,Research Analyst,Active,https://www.sebi.gov.in,2026-10-03,false
INH000022570,PRIMEVYUH WEALTH ADVISORS PRIVATE LIMITED,Research Analyst,Active,https://www.sebi.gov.in,2026-10-03,false
INH000022589,SHYAM ADVISORY LIMITED,Research Analyst,Active,https://www.sebi.gov.in,2026-10-03,false
INH000022598,ARNAB MYBINIYOG VENTURES PRIVATE LIMITED,Research Analyst,Active,https://www.sebi.gov.in,2026-10-03,false
INH000022604,Bhupendra Kumar Kushwaha Proprietor of Dhan Research,Research Analyst,Active,https://www.sebi.gov.in,2026-10-03,false
INH000022613,Mohit Kumar,Research Analyst,Active,https://www.sebi.gov.in,2026-10-03,false
INH000022622,Purvang Navinkumar Patel Proprietor of Nandi Capital,Research Analyst,Active,https://www.sebi.gov.in,2026-10-03,false
INH000022631,Raedan Capital Pvt Ltd,Research Analyst,Active,https://www.sebi.gov.in,2026-10-03,false
INH000022640,WEALTH WISHERS,Research Analyst,Active,https://www.sebi.gov.in,2026-10-03,false
INH000022659,Ujjawal Maheshwari,Research Analyst,Active,https://www.sebi.gov.in,2026-10-03,false
INH000022668,Mata Securities India Private Limited,Research Analyst,Active,https://www.sebi.gov.in,2026-10-03,false
INH000022677,Zubin Baben Proprietor Peruma Capital,Research Analyst,Active,https://www.sebi.gov.in,2026-10-03,false
INH000022686,Hardik Jain proprietor of M/S Eternal Research Investment Advisor,Research Analyst,Active,https://www.sebi.gov.in,2026-10-03,false
INH000022695,Somil Pushpakant Visaria,Research Analyst,Active,https://www.sebi.gov.in,2026-10-03,false
INH000022701,Deepak Devdutt Mitra,Research Analyst,Active,https://www.sebi.gov.in,2026-10-03,false
INH000022710,Milan Kumar Sahu,Research Analyst,Active,https://www.sebi.gov.in,2026-10-03,false
INH000022729,THREETREND RESEARCH AND ALGOTECH PRIVATE LIMITED,Research Analyst,Active,https://www.sebi.gov.in,2026-10-03,false
INH000022738,Rachit Jain,Research Analyst,Active,https://www.sebi.gov.in,2026-10-03,false
INH000022747,Rounaq Bakshi,Research Analyst,Active,https://www.sebi.gov.in,2026-10-03,false
INH000022756,Eastern Financiers Limited,Research Analyst,Active,https://www.sebi.gov.in,2026-10-03,false
INH000022765,SEIRI INVESTMENT PRIVATE LIMITED,Research Analyst,Active,https://www.sebi.gov.in,2026-10-03,false
INH000022774,Sagar SP proprietor Dravinam,Research Analyst,Active,https://www.sebi.gov.in,2026-10-03,false
INH000022783,FOREVER RESEARCH,Research Analyst,Active,https://www.sebi.gov.in,2026-10-03,false
INH000022792,Pavan Choubey,Research Analyst,Active,https://www.sebi.gov.in,2026-10-03,false
INH000022808,Vikas Bhatt Proprietor The Wealth Navigator,Research Analyst,Active,https://www.sebi.gov.in,2026-10-03,false
INH000022817,Indistock Securities Limited,Research Analyst,Active,https://www.sebi.gov.in,2026-10-03,false
INH000022826,KISHLAY KUMAR,Research Analyst,Active,https://www.sebi.gov.in,2026-10-03,false
INH000022835,SAURABH MITTAL,Research Analyst,Active,https://www.sebi.gov.in,2026-10-03,false
INH000022844,Vijay Mahendra Thakkar proprietor of Vijay Thakkar,Research Analyst,Active,https://www.sebi.gov.in,2026-10-03,false
INH000022853,ARAVIND B Proprietor of ARAVIND ADVISORY SERVICES,Research Analyst,Active,https://www.sebi.gov.in,2026-10-03,false
INH000022862,HEMANT KUMAR MISHRA,Research Analyst,Active,https://www.sebi.gov.in,2026-10-03,false
INH000022871,IMAM HUSSAIN IBRAHIM HAJA,Research Analyst,Active,https://www.sebi.gov.in,2026-10-03,false
INH000022880,SANAL P,Research Analyst,Active,https://www.sebi.gov.in,2026-10-03,false
INH000022899,LARES ALGOTECH INDIA PRIVATE LIMITED,Research Analyst,Active,https://www.sebi.gov.in,2026-10-03,false
INH000022905,SIDDHARTH BHANUSHALI ADVISORY PRIVATE LIMITED,Research Analyst,Active,https://www.sebi.gov.in,2026-10-03,false
INH000022914,Affinity Wealth Management,Research Analyst,Active,https://www.sebi.gov.in,2026-10-03,false
INH000022923,STOCK READER,Research Analyst,Active,https://www.sebi.gov.in,2026-10-03,false
INH000022932,Thoughtful Investors Research LLP,Research Analyst,Active,https://www.sebi.gov.in,2026-10-03,false
INH000022941,INVESIA RESEARCH PRIVATE LIMITED,Research Analyst,Active,https://www.sebi.gov.in,2026-10-03,false
INH000022950,SPRINGPAD WEALTH SOLUTIONS PRIVATE LIMITED,Research Analyst,Active,https://www.sebi.gov.in,2026-10-03,false
INH000022969,Mohitcorp Multitrade LLP,Research Analyst,Active,https://www.sebi.gov.in,2026-10-03,false
INH000022978,Mangesh Rajendra Naik Proprietor of Greenwealth Research Services,Research Analyst,Active,https://www.sebi.gov.in,2026-10-03,false
INH000022987,Ritesh Kumar Proprietor Finskool21,Research Analyst,Active,https://www.sebi.gov.in,2026-10-03,false
INH000022996,VIDIT DANGAYACH Proprietor WealthAlpha,Research Analyst,Active,https://www.sebi.gov.in,2026-10-03,false
INH000023001,UMANG RAJESH BHUTADA,Research Analyst,Active,https://www.sebi.gov.in,2026-10-03,false
INH000023010,Finclave Consultancy Private Limited,Research Analyst,Active,https://www.sebi.gov.in,2026-10-03,false
INH000023029,GOBINATH N,Research Analyst,Active,https://www.sebi.gov.in,2026-10-03,false
INH000023038,NK STOCKTALK RESEARCH PRIVATE LIMITED,Research Analyst,Active,https://www.sebi.gov.in,2026-10-03,false
INH000023047,Sumit Bapusaheb Kamblaykar,Research Analyst,Active,https://www.sebi.gov.in,2026-10-03,false
INH000023056,CHANDRAKANT MATHANKER,Research Analyst,Active,https://www.sebi.gov.in,2026-10-03,false
INH000023065,MILIND KUMAR,Research Analyst,Active,https://www.sebi.gov.in,2026-10-03,false
INH000023074,Sheetal Sokhiya Porprietor of Shree Siddhi Investment,Research Analyst,Active,https://www.sebi.gov.in,2026-10-03,false
INH000023083,Vivek Lochan Sharma,Research Analyst,Active,https://www.sebi.gov.in,2026-10-03,false
INH000023108,saravana kumar,Research Analyst,Active,https://www.sebi.gov.in,2026-10-03,false
INH000023117,Finchemist Solutions,Research Analyst,Active,https://www.sebi.gov.in,2026-10-03,false
INH000023126,Saranya Mani,Research Analyst,Active,https://www.sebi.gov.in,2026-10-03,false
INH000023135,CITYINDEX RESEARCH AND ADVISORY PRIVATE LIMITED,Research Analyst,Active,https://www.sebi.gov.in,2026-10-03,false
INH000023144,Factorlab Capital Services Private Limited,Research Analyst,Active,https://www.sebi.gov.in,2026-10-03,false
INH000023153,ELIOS FINANCIAL SERVICES PRIVATE LIMITED,Research Analyst,Active,https://www.sebi.gov.in,2026-10-03,false
INH000023162,SANDEEP TULSYAN,Research Analyst,Active,https://www.sebi.gov.in,2026-10-03,false
INH000023171,LAAVA FINANCIAL TECHNOLOGIES PRIVATE LIMITED,Research Analyst,Active,https://www.sebi.gov.in,2026-10-03,false
INH000023180,Anik Mitra,Research Analyst,Active,https://www.sebi.gov.in,2026-10-03,false
INH000023199,Bastion Research House LLP,Research Analyst,Active,https://www.sebi.gov.in,2026-10-03,false
INH000023205,PRITAM SINGH,Research Analyst,Active,https://www.sebi.gov.in,2026-10-03,false
INH000023214,Sahil Mehta,Research Analyst,Active,https://www.sebi.gov.in,2026-10-03,false
INH000023232,Abhishek Jain Proprietor of Fincrave Capital,Research Analyst,Active,https://www.sebi.gov.in,2026-10-03,false
INH000023241,ARPIT KUSHWAHA,Research Analyst,Active,https://www.sebi.gov.in,2026-10-03,false
INH000023250,BIBEKANANDA ROY,Research Analyst,Active,https://www.sebi.gov.in,2026-10-03,false
INH000023269,Indira Securities Pvt Ltd,Research Analyst,Active,https://www.sebi.gov.in,2026-10-03,false
INH000023278,Priyanshu Aggarwal,Research Analyst,Active,https://www.sebi.gov.in,2026-10-03,false
INH000023287,Rahul Jain,Research Analyst,Active,https://www.sebi.gov.in,2026-10-03,false
INH000023296,Vijay Kumar Gupta,Research Analyst,Active,https://www.sebi.gov.in,2026-10-03,false
INH000023302,MAYURKUMAR MAVJIBHAI MALANI,Research Analyst,Active,https://www.sebi.gov.in,2026-10-03,false
INH000023311,ANUJ SHARMA,Research Analyst,Active,https://www.sebi.gov.in,2026-10-03,false
INH000023320,VARUN GUPTA,Research Analyst,Active,https://www.sebi.gov.in,2026-10-03,false
INH000023339,MA JAVEED,Research Analyst,Active,https://www.sebi.gov.in,2026-10-03,false
INH000023348,Deepak Dhanwani,Research Analyst,Active,https://www.sebi.gov.in,2026-10-03,false
INH000023357,Raise Securities Private Limited,Research Analyst,Active,https://www.sebi.gov.in,2026-10-03,false
INH000023366,AMIT CHATTERJEE PROPRIETOR AMC FINANCIAL SERVICES,Research Analyst,Active,https://www.sebi.gov.in,2026-10-03,false
INH000023375,TruInvest Advisors,Research Analyst,Active,https://www.sebi.gov.in,2026-10-03,false
INH000023384,Shriram Research Private Limited,Research Analyst,Active,https://www.sebi.gov.in,2026-10-03,false
INH000023393,Priya Zalki,Research Analyst,Active,https://www.sebi.gov.in,2026-10-03,false
INH000023409,Priyanshi Garg Proprietor of Equycom Research,Research Analyst,Active,https://www.sebi.gov.in,2026-10-03,false
INH000023418,Ajay Jajam Proprietor of Chanakya Investment,Research Analyst,Active,https://www.sebi.gov.in,2026-10-03,false
INH000023427,NIMESH RAMESHBHAI HARIYA,Research Analyst,Active,https://www.sebi.gov.in,2026-10-03,false
INH000023436,MAKARAND GODBOLE,Research Analyst,Active,https://www.sebi.gov.in,2026-10-03,false
INH000023445,Rahul Rai Proprietor of Sindhuja Research Services,Research Analyst,Active,https://www.sebi.gov.in,2026-10-03,false
INH000023454,AJAY SINGH,Research Analyst,Active,https://www.sebi.gov.in,2026-10-03,false
INH000023463,SAHIL VERMA,Research Analyst,Active,https://www.sebi.gov.in,2026-10-03,false
INH000023472,Manish N Chetwani,Research Analyst,Active,https://www.sebi.gov.in,2026-10-03,false
INH000023481,PANKAJ GARG,Research Analyst,Active,https://www.sebi.gov.in,2026-10-03,false
INH000023490,PRAGATI CHETTRI PROPRIETOR OF EQUITY PRIME RESEARCH,Research Analyst,Active,https://www.sebi.gov.in,2026-10-03,false
INH000023506,Angry Traders,Research Analyst,Active,https://www.sebi.gov.in,2026-10-03,false
INH000023515,Smit Hiren Ruparel,Research Analyst,Active,https://www.sebi.gov.in,2026-10-03,false
INH000023524,LOGIC TRADE ENTERPRISES,Research Analyst,Active,https://www.sebi.gov.in,2026-10-03,false
INH000023533,Aashish bansal,Research Analyst,Active,https://www.sebi.gov.in,2026-10-03,false
INH000023542,Anil Kumar Agarwal,Research Analyst,Active,https://www.sebi.gov.in,2026-10-03,false
INH000023551,GOSTOCKS FINTECH PRIVATE LIMITED,Research Analyst,Active,https://www.sebi.gov.in,2026-10-03,false
INH000023560,M R Sai Praveen,Research Analyst,Active,https://www.sebi.gov.in,2026-10-03,false
INH000023579,NISHANT SHUKLA PROPRIETER of POSA,Research Analyst,Active,https://www.sebi.gov.in,2026-10-03,false
INH000023588,NAINESH V JOSHI,Research Analyst,Active,https://www.sebi.gov.in,2026-10-03,false
INH000023597,Divitiaeanalytics Private Limited,Research Analyst,Active,https://www.sebi.gov.in,2026-10-03,false
INH000023603,VARAAHI WEALTH ACADEMY & RESEARCH ANALYST PRIVATE LIMITED,Research Analyst,Active,https://www.sebi.gov.in,2026-10-03,false
INH000023612,SATISH VISHWAKARMA,Research Analyst,Active,https://www.sebi.gov.in,2026-10-03,false
INH000023621,TRUE TURTLES LLP,Research Analyst,Active,https://www.sebi.gov.in,2026-10-03,false
INH000023630,Indiacharts Data Analytics Private Limited,Research Analyst,Active,https://www.sebi.gov.in,2026-10-03,false
INH000023649,CHINTAN MAHESH BAJAJ PROPRIETOR OF NIRVANA RESEARCH,Research Analyst,Active,https://www.sebi.gov.in,2026-10-03,false
INH000023658,Shubham Sewarik Proprietor of Fundtrack Research,Research Analyst,Active,https://www.sebi.gov.in,2026-10-03,false
INH000023667,MURALI KRISHNA SIVVALA,Research Analyst,Active,https://www.sebi.gov.in,2026-10-03,false
INH000023676,SHUBHAM GUPTA,Research Analyst,Active,https://www.sebi.gov.in,2026-10-03,false
INH000023685,Rajesh Sudhakar Prabhudesai,Research Analyst,Active,https://www.sebi.gov.in,2026-10-03,false
INH000023694,SIDDHARTH JAIN PROPRIETOR MAGICFIN INDIA RESEARCH,Research Analyst,Active,https://www.sebi.gov.in,2026-10-03,false
INH000023700,Trending Trading Minds Private Limited,Research Analyst,Active,https://www.sebi.gov.in,2026-10-03,false
INH000023719,RAHUL DAS Proprietor AnalyzerView Market Research,Research Analyst,Active,https://www.sebi.gov.in,2026-10-03,false
INH000023728,Namita Rathore Proprietor of Bharat Stock Market Research,Research Analyst,Active,https://www.sebi.gov.in,2026-10-03,false
INH000023737,ARUN EKANT CHANDRA SHAW PROPRIETOR OF INDEX NAV RESEARCH INR TRADING,Research Analyst,Active,https://www.sebi.gov.in,2026-10-03,false
INH000023746,MARKETMIND RESEARCH PRIVATE LIMITED,Research Analyst,Active,https://www.sebi.gov.in,2026-10-03,false
INH000023755,EBULLIENT CONSULTANCY LLP,Research Analyst,Active,https://www.sebi.gov.in,2026-10-03,false
INH000023764,WEALTH WAVE RESEARCH,Research Analyst,Active,https://www.sebi.gov.in,2026-10-03,false
INH000023773,ROHAN RAJENDRA AHER,Research Analyst,Active,https://www.sebi.gov.in,2026-10-03,false
INH000023782,Shubham Manojkumar Jain Proprietor of Turn It Green,Research Analyst,Active,https://www.sebi.gov.in,2026-10-03,false
INH000023791,TREDIFY RESEARCH AND FINANCE PRIVATE LIMITED,Research Analyst,Active,https://www.sebi.gov.in,2026-10-03,false
INH000023807,KARNIK KALPESH SHAH,Research Analyst,Active,https://www.sebi.gov.in,2026-10-03,false
INH000023816,TRADEBOOK CONSULTANCY SERVICES PRIVATE LIMITED,Research Analyst,Active,https://www.sebi.gov.in,2026-10-03,false
INH000023825,WSG VENTURES PRIVATE LIMITED,Research Analyst,Active,https://www.sebi.gov.in,2026-10-03,false
INH000023834,ROCHIT SINGH,Research Analyst,Active,https://www.sebi.gov.in,2026-10-03,false
INH000023843,SPARK LOOM PRIVATE LIMITED,Research Analyst,Active,https://www.sebi.gov.in,2026-10-03,false
INH000023852,Rajat Singhania,Research Analyst,Active,https://www.sebi.gov.in,2026-10-03,false
INH000023861,Arun Kumar Agrawal,Research Analyst,Active,https://www.sebi.gov.in,2026-10-03,false
INH000023870,Rohit Parmar Proprietor of Unique Research,Research Analyst,Active,https://www.sebi.gov.in,2026-10-03,false
INH000023889,DOZEN DIAMONDS INDIA PRIVATE LIMITED,Research Analyst,Active,https://www.sebi.gov.in,2026-10-03,false
INH000023898,QUANTX FINTECH,Research Analyst,Active,https://www.sebi.gov.in,2026-10-03,false
INH000023904,Pawandeep Singh Pabla Proprietor of Laurel Financial Services,Research Analyst,Active,https://www.sebi.gov.in,2026-10-03,false
INH000023913,A C Agarwal Share Brokers Private Limited,Research Analyst,Active,https://www.sebi.gov.in,2026-10-03,false
INH000023922,InCred Capital Wealth Portfolio Managers Private Limited,Research Analyst,Active,https://www.sebi.gov.in,2026-10-03,false
INH000023931,SOLVITAS ANALYTICS PRIVATE LIMITED,Research Analyst,Active,https://www.sebi.gov.in,2026-10-03,false
INH000023940,Kapil Rathod Proprietor of The Kuber Group,Research Analyst,Active,https://www.sebi.gov.in,2026-10-03,false
INH000023959,SREEKUMARAN M,Research Analyst,Active,https://www.sebi.gov.in,2026-10-03,false
INH000023968,ONE CENTURION VENTURES PRIVATE LIMITED,Research Analyst,Active,https://www.sebi.gov.in,2026-10-03,false
INH000023977,Prakash Makarand Dinde,Research Analyst,Active,https://www.sebi.gov.in,2026-10-03,false
INH000023986,Shrikant Pandey,Research Analyst,Active,https://www.sebi.gov.in,2026-10-03,false
INH000023995,Jaykumar Bharatbhai Dabhi proprietor of NM Marketedge Analytics,Research Analyst,Active,https://www.sebi.gov.in,2026-10-03,false
INH000024000,Kolhe Roshni Balasaheb Proprietor of Kolhe Advisory and Research,Research Analyst,Active,https://www.sebi.gov.in,2026-10-03,false
INH000024019,MOHIT GOYAL,Research Analyst,Active,https://www.sebi.gov.in,2026-10-03,false
INH000024028,Rukhsar Begum Munawwer Khan,Research Analyst,Active,https://www.sebi.gov.in,2026-10-03,false
INH000024037,Sanjay Krishna Lad Proprietor of Murlix Easy Invest,Research Analyst,Active,https://www.sebi.gov.in,2026-10-03,false
INH000024055,Sonu Sharma Proprietor Ms SMP Research Solution,Research Analyst,Active,https://www.sebi.gov.in,2026-10-03,false
INH000024064,APURVA HARSH VIRA,Research Analyst,Active,https://www.sebi.gov.in,2026-10-03,false
INH000024073,Swastika Investmart Limited,Research Analyst,Active,https://www.sebi.gov.in,2026-10-03,false
INH000024082,Amit Popli,Research Analyst,Active,https://www.sebi.gov.in,2026-10-03,false
INH000024091,NIKITA JAYSUKHBHAI SAVALIYA,Research Analyst,Active,https://www.sebi.gov.in,2026-10-03,false
INH000024107,Findoc Investmart Private Limited,Research Analyst,Active,https://www.sebi.gov.in,2026-10-03,false
INH000024116,VIPUL KAUSHIK,Research Analyst,Active,https://www.sebi.gov.in,2026-10-03,false
INH000024125,SAYAN SHAW,Research Analyst,Active,https://www.sebi.gov.in,2026-10-03,false
INH000024134,Shashank Gupta Proprietor of MarketMatrix Research,Research Analyst,Active,https://www.sebi.gov.in,2026-10-03,false
INH000024143,Bossinvestor Analytics Solutions Private Limited,Research Analyst,Active,https://www.sebi.gov.in,2026-10-03,false
INH000024152,DINESH KUMAR,Research Analyst,Active,https://www.sebi.gov.in,2026-10-03,false
INH000024161,Yieldx Research Private Limited,Research Analyst,Active,https://www.sebi.gov.in,2026-10-03,false
INH000024170,Coreten Wealth Advisors LLP,Research Analyst,Active,https://www.sebi.gov.in,2026-10-03,false
INH000024189,HC JAIN EQUITY ADVISORY,Research Analyst,Active,https://www.sebi.gov.in,2026-10-03,false
INH000024198,Chart Yogi,Research Analyst,Active,https://www.sebi.gov.in,2026-10-03,false
INH000024204,Yogesh Lalwani proprietor of Unicap Research,Research Analyst,Active,https://www.sebi.gov.in,2026-10-03,false
INH000024213,Ayushi Agrawal Proprietor of Agrawal Money Grow,Research Analyst,Active,https://www.sebi.gov.in,2026-10-03,false
INH000024222,AETRAM TRADES PRIVATE LIMITED,Research Analyst,Active,https://www.sebi.gov.in,2026-10-03,false
INH000024231,CHARTIANS MARKET RESEARCH PRIVATE LIMITED,Research Analyst,Active,https://www.sebi.gov.in,2026-10-03,false
INH000024240,Trend Master Research Analyst,Research Analyst,Active,https://www.sebi.gov.in,2026-10-03,false
INH000024259,Praveen Dodiya,Research Analyst,Active,https://www.sebi.gov.in,2026-10-03,false
INH000024268,Gourav Jain,Research Analyst,Active,https://www.sebi.gov.in,2026-10-03,false
INH000024277,Finology Ventures Private Limited,Research Analyst,Active,https://www.sebi.gov.in,2026-10-03,false
INH000024286,Reema Chhabra Bindra,Research Analyst,Active,https://www.sebi.gov.in,2026-10-03,false
INH000024295,Srishti Vivek Mendiratta,Research Analyst,Active,https://www.sebi.gov.in,2026-10-03,false
INH000024301,Alok Singh Proprietor Alpha Core Research,Research Analyst,Active,https://www.sebi.gov.in,2026-10-03,false
INH000024310,KAUSHAL KUMAR SHARMA,Research Analyst,Active,https://www.sebi.gov.in,2026-10-03,false
INH000024329,Vishnu Shreekar Proprietor of Equitas Research,Research Analyst,Active,https://www.sebi.gov.in,2026-10-03,false
INH000024338,Kaila Akshaykumar Jagjivanbhai proprietor of AK Investment,Research Analyst,Active,https://www.sebi.gov.in,2026-10-03,false
INH000024347,R Ravi Raja,Research Analyst,Active,https://www.sebi.gov.in,2026-10-03,false
INH000024356,AH FLOURISH TECHS,Research Analyst,Active,https://www.sebi.gov.in,2026-10-03,false
INH000024365,Harsh Chandrashekhar Vaishnav,Research Analyst,Active,https://www.sebi.gov.in,2026-10-03,false
INH000024374,Kathed Ishwar Popatlal,Research Analyst,Active,https://www.sebi.gov.in,2026-10-03,false
INH000024383,Wiseold Bird Private Limited,Research Analyst,Active,https://www.sebi.gov.in,2026-10-03,false
INH000024392,KBS India Limited,Research Analyst,Active,https://www.sebi.gov.in,2026-10-03,false
INH000024408,Akansha Jain Proprietor of Dynamic Money Research Advisory Services,Research Analyst,Active,https://www.sebi.gov.in,2026-10-03,false
INH000024417,Vineet Kumar Meel,Research Analyst,Active,https://www.sebi.gov.in,2026-10-03,false
INH000024426,NBHAVA CAPITAL PRIVATE LIMITED,Research Analyst,Active,https://www.sebi.gov.in,2026-10-03,false
INH000024435,KAUSHIK DUTTA,Research Analyst,Active,https://www.sebi.gov.in,2026-10-03,false
INH000024444,MIRZA ARBAAZ BAIG,Research Analyst,Active,https://www.sebi.gov.in,2026-10-03,false
INH000024453,ASHWINI S D,Research Analyst,Active,https://www.sebi.gov.in,2026-10-03,false
INH000024462,Sumit Namdev Kadam Proprietor of Finquant Edge,Research Analyst,Active,https://www.sebi.gov.in,2026-10-03,false
INH000024471,NITIN MULAJIBHAI KANANI,Research Analyst,Active,https://www.sebi.gov.in,2026-10-03,false
INH000024480,GODINA KODANDAPANI PROPRIETOR FACTO RESEARCH,Research Analyst,Active,https://www.sebi.gov.in,2026-10-03,false
INH000024499,PAREKH JAYKUMAR BIPINCHANDRA,Research Analyst,Active,https://www.sebi.gov.in,2026-10-03,false
INH000024505,JITENDRA SUPDUBHAI PATIL,Research Analyst,Active,https://www.sebi.gov.in,2026-10-03,false
INH000024514,BHUSHAN KANATHE,Research Analyst,Active,https://www.sebi.gov.in,2026-10-03,false
INH000024523,Brijesh R Satasiya,Research Analyst,Active,https://www.sebi.gov.in,2026-10-03,false
INH000024532,SAHANA DERANNA RAI,Research Analyst,Active,https://www.sebi.gov.in,2026-10-03,false
INH000024541,CENTILLION CAPITAL PRIVATE LIMITED,Research Analyst,Active,https://www.sebi.gov.in,2026-10-03,false
INH000024550,Vivek Singh Rajpoot Proprietor of Dhansetu Research,Research Analyst,Active,https://www.sebi.gov.in,2026-10-03,false
INH000024569,Veritas Research and Advisors,Research Analyst,Active,https://www.sebi.gov.in,2026-10-03,false
INH000024578,Ravinder Sharma Proprietor of Trade Verse,Research Analyst,Active,https://www.sebi.gov.in,2026-10-03,false
INH000024587,Om Nitin Patil,Research Analyst,Active,https://www.sebi.gov.in,2026-10-03,false
INH000024596,SENTHIL BABU N P,Research Analyst,Active,https://www.sebi.gov.in,2026-10-03,false
INH000024602,Kalpesh Rameshchandra Kaushik,Research Analyst,Active,https://www.sebi.gov.in,2026-10-03,false
INH000024611,HIMANSHU SHARMA,Research Analyst,Active,https://www.sebi.gov.in,2026-10-03,false
INH000024620,Manish Mishra,Research Analyst,Active,https://www.sebi.gov.in,2026-10-03,false
INH000024639,MANOJ KUMAR DUTTA,Research Analyst,Active,https://www.sebi.gov.in,2026-10-03,false
INH000024648,Lokendra Sahu Proprietor of Finomint Financial Services,Research Analyst,Active,https://www.sebi.gov.in,2026-10-03,false
INH000024657,Anil bhaiyalal yadav,Research Analyst,Active,https://www.sebi.gov.in,2026-10-03,false
INH000024666,Vedika Dhruvin Bhanusali,Research Analyst,Active,https://www.sebi.gov.in,2026-10-03,false
INH000024675,Tradzo Research,Research Analyst,Active,https://www.sebi.gov.in,2026-10-03,false
INH000024684,Nitesh Kumar,Research Analyst,Active,https://www.sebi.gov.in,2026-10-03,false
INH000024693,Siddharth Rai Mangala,Research Analyst,Active,https://www.sebi.gov.in,2026-10-03,false
INH000024709,Multiplier Wealth Investment Advisors Private Limited,Research Analyst,Active,https://www.sebi.gov.in,2026-10-03,false
INH000024718,Shivansu Jaiswal Proprietor Investment Multiplier Research,Research Analyst,Active,https://www.sebi.gov.in,2026-10-03,false
INH000024727,MOHITH KUMAR NAVEEN JAIN,Research Analyst,Active,https://www.sebi.gov.in,2026-10-03,false
INH000024736,VIDUPULAPATI V NAMBI VISHNU TEJA,Research Analyst,Active,https://www.sebi.gov.in,2026-10-03,false
INH000024745,Shailendra Proprietor of The Wealth Gain,Research Analyst,Active,https://www.sebi.gov.in,2026-10-03,false
INH000024754,ROHIT SHARMA Proprietor of Nextrade Research Analyst.,Research Analyst,Active,https://www.sebi.gov.in,2026-10-03,false
INH000024763,QICAP Management Private Limited,Research Analyst,Active,https://www.sebi.gov.in,2026-10-03,false
INH000024772,GONDALIYA BHAVESH CHHAGANBHAI,Research Analyst,Active,https://www.sebi.gov.in,2026-10-03,false
INH000024781,Equamatrix Advisors Private Limited,Research Analyst,Active,https://www.sebi.gov.in,2026-10-03,false
INH000024790,INVESTGOAL CAPITAL ADVISORS PRIVATE LIMITED,Research Analyst,Active,https://www.sebi.gov.in,2026-10-03,false
INH000024806,Alphanomy Solutions Private Limited,Research Analyst,Active,https://www.sebi.gov.in,2026-10-03,false
INH000024815,KALPESH GORDHANBHAI VORA,Research Analyst,Active,https://www.sebi.gov.in,2026-10-03,false
INH000024824,MARKET PULSE SECURITIES PRIVATE LIMITED,Research Analyst,Active,https://www.sebi.gov.in,2026-10-03,false
INH000024833,VARUN KUMAR,Research Analyst,Active,https://www.sebi.gov.in,2026-10-03,false
INH000024842,Indo Thai Securities Limited,Research Analyst,Active,https://www.sebi.gov.in,2026-10-03,false
INH000024851,FORT CAPITAL INVESTMENT ADVISORY PRIVATE LIMITED,Research Analyst,Active,https://www.sebi.gov.in,2026-10-03,false
INH000024860,ParasKumar Ranabhai Katariya,Research Analyst,Active,https://www.sebi.gov.in,2026-10-03,false
INH000024879,MOHAMMED USMAN,Research Analyst,Active,https://www.sebi.gov.in,2026-10-03,false
INH000024888,PANDIKUMAR M P,Research Analyst,Active,https://www.sebi.gov.in,2026-10-03,false
INH000024897,INVESTCUES CAPITAL INVESTMENT ADVISORS,Research Analyst,Active,https://www.sebi.gov.in,2026-10-03,false
INH000024903,SARTHAK MANISH CHHALLANY,Research Analyst,Active,https://www.sebi.gov.in,2026-10-03,false
INH000024912,Stable Finserv Private Limited,Research Analyst,Active,https://www.sebi.gov.in,2026-10-03,false
INH000024921,SHUBHAM MOHAN SHITOLE PROPRIETOR STOXPLEX RESEARCH,Research Analyst,Active,https://www.sebi.gov.in,2026-10-03,false
INH000024930,Indeqnet Private Limited,Research Analyst,Active,https://www.sebi.gov.in,2026-10-03,false
INH000024949,STOCKVAANI FINANCIAL ADVISORY PRIVATE LIMITED,Research Analyst,Active,https://www.sebi.gov.in,2026-10-03,false
INH000024958,Vijay Krishna Yadav,Research Analyst,Active,https://www.sebi.gov.in,2026-10-03,false
INH000024967,EEDA DAMODARA RAO,Research Analyst,Active,https://www.sebi.gov.in,2026-10-03,false
INH000024976,Aseem Singhal,Research Analyst,Active,https://www.sebi.gov.in,2026-10-03,false
INH000024985,H K RIYAZ SALAM PROPRIETOR OF EQUITY ALFA ANALYTICS,Research Analyst,Active,https://www.sebi.gov.in,2026-10-03,false
INH000024994,Riddhi J Chovatia Proprietor of MarketWiz Capital,Research Analyst,Active,https://www.sebi.gov.in,2026-10-03,false
INH000025009,Ashish Prakash Tripathi,Research Analyst,Active,https://www.sebi.gov.in,2026-10-03,false
INH000025018,TIQWICK SECURITIES PRIVATE LIMITED,Research Analyst,Active,https://www.sebi.gov.in,2026-10-03,false
INH000025027,Manas Budhiraja,Research Analyst,Active,https://www.sebi.gov.in,2026-10-03,false
INH000025036,Vishal Jagannath Khapre proprietor of SafeInvex Research,Research Analyst,Active,https://www.sebi.gov.in,2026-10-03,false
INH000025045,Balachandran Raman Viswanathan,Research Analyst,Active,https://www.sebi.gov.in,2026-10-03,false
INH000025054,Rohit Soni Proprietor of Tradeline Research,Research Analyst,Active,https://www.sebi.gov.in,2026-10-03,false
INH000025063,Arka Dutta Gupta,Research Analyst,Active,https://www.sebi.gov.in,2026-10-03,false
INH000025072,STOCKVISTA RESEARCH PRIVATE LIMITED,Research Analyst,Active,https://www.sebi.gov.in,2026-10-03,false
INH000025081,DAYALSTREET FINANCIAL SERVICES PRIVATE LIMITED,Research Analyst,Active,https://www.sebi.gov.in,2026-10-03,false
INH000025090,RHOFI FINANCIAL TECHNOLOGIES,Research Analyst,Active,https://www.sebi.gov.in,2026-10-03,false
INH000025106,Prabhjot Kaur,Research Analyst,Active,https://www.sebi.gov.in,2026-10-03,false
INH000025115,GULSHAN KUMAR SONI,Research Analyst,Active,https://www.sebi.gov.in,2026-10-03,false
INH000025124,Shoeb Abdul Rahim Shaikh Proprietor of Winvest Capitals,Research Analyst,Active,https://www.sebi.gov.in,2026-10-03,false
INH000025133,Darshana Apurva Shah,Research Analyst,Active,https://www.sebi.gov.in,2026-10-03,false
INH000025142,Omkar Devram Bhalsing,Research Analyst,Active,https://www.sebi.gov.in,2026-10-03,false
INH000025151,Anand Janardhan Chaudhari,Research Analyst,Active,https://www.sebi.gov.in,2026-10-03,false
INH000025160,TUSHAR JAIN,Research Analyst,Active,https://www.sebi.gov.in,2026-10-03,false
INH000025179,CLEARMIND CONSULTANCY PRIVATE LIMITED,Research Analyst,Active,https://www.sebi.gov.in,2026-10-03,false
INH000025188,5paisa Capital Limited,Research Analyst,Active,https://www.sebi.gov.in,2026-10-03,false
INH000025197,AlphaGrep Advisors Private Limited,Research Analyst,Active,https://www.sebi.gov.in,2026-10-03,false
INH000025203,Alpha Plus Capital Associates LLP,Research Analyst,Active,https://www.sebi.gov.in,2026-10-03,false
INH000025212,ARTHAVRKSH FINANCIAL SERVICES PRIVATE LIMITED,Research Analyst,Active,https://www.sebi.gov.in,2026-10-03,false
INH000025221,Ritesh Agarwal Proprietor of Fortunekraft Consultancy,Research Analyst,Active,https://www.sebi.gov.in,2026-10-03,false
INH000025230,Amod Santosh Tirmanwar,Research Analyst,Active,https://www.sebi.gov.in,2026-10-03,false
INH000025249,JAGDISH KUMAR HOTCHANDANI,Research Analyst,Active,https://www.sebi.gov.in,2026-10-03,false
INH000025258,HEDGIUM SERVICES LLP,Research Analyst,Active,https://www.sebi.gov.in,2026-10-03,false
INH000025267,ARUL SONI,Research Analyst,Active,https://www.sebi.gov.in,2026-10-03,false
INH000025276,TAURUS ANALYTICS,Research Analyst,Active,https://www.sebi.gov.in,2026-10-03,false
INH000025285,Jagadeesh Patil,Research Analyst,Active,https://www.sebi.gov.in,2026-10-03,false
INH000025294,Yogesh Verma,Research Analyst,Active,https://www.sebi.gov.in,2026-10-03,false
INH000025300,GOURAV DHARKAR,Research Analyst,Active,https://www.sebi.gov.in,2026-10-03,false
INH000025319,VASANTH B PROPRIETOR OF VV RESEARCH ANALYST,Research Analyst,Active,https://www.sebi.gov.in,2026-10-03,false
INH000025328,Richa Agrawal Proprietor of Ariesindia Research,Research Analyst,Active,https://www.sebi.gov.in,2026-10-03,false
INH000025337,UNICORN RESEARCH FIRM,Research Analyst,Active,https://www.sebi.gov.in,2026-10-03,false
INH000025346,KAMAL ARORA,Research Analyst,Active,https://www.sebi.gov.in,2026-10-03,false
INH000025355,YASH CHOUHAN,Research Analyst,Active,https://www.sebi.gov.in,2026-10-03,false
INH000025364,ADITYA SINGH,Research Analyst,Active,https://www.sebi.gov.in,2026-10-03,false
INH000025373,Priyanshu Mishra Proprietor of Equity Sphere Research Services,Research Analyst,Active,https://www.sebi.gov.in,2026-10-03,false
INH000025382,Moneyman Investment Services Private Limited,Research Analyst,Active,https://www.sebi.gov.in,2026-10-03,false
INH000025391,VIKALP MISHRA,Research Analyst,Active,https://www.sebi.gov.in,2026-10-03,false
INH000025407,CHETNA PANDEY,Research Analyst,Active,https://www.sebi.gov.in,2026-10-03,false
INH000025416,PRAJAPATI PAVAN JITENDRABHAI,Research Analyst,Active,https://www.sebi.gov.in,2026-10-03,false
INH000025425,Irage Broking Services LLP,Research Analyst,Active,https://www.sebi.gov.in,2026-10-03,false
INH000025434,Shaziya Noor Mohammad Shaikh,Research Analyst,Active,https://www.sebi.gov.in,2026-10-03,false
INH000025443,N V TARUN GOUTHAM,Research Analyst,Active,https://www.sebi.gov.in,2026-10-03,false
INH000025452,Lokhandwala Raj Zahir,Research Analyst,Active,https://www.sebi.gov.in,2026-10-03,false
INH000025461,GOSWAMI YAGNESH ASHWINPURI,Research Analyst,Active,https://www.sebi.gov.in,2026-10-03,false
INH000025470,KARAN VIJAYVARGIYA,Research Analyst,Active,https://www.sebi.gov.in,2026-10-03,false
INH000025489,INDRAJEET YADAV,Research Analyst,Active,https://www.sebi.gov.in,2026-10-03,false
INH000025498,RE2P Capital Partners,Research Analyst,Active,https://www.sebi.gov.in,2026-10-03,false
INH000025504,PRAVIN PATHUBHAI KATARIYA PROPRIETOR OF RADHE SHYAM CONSULTANCY,Research Analyst,Active,https://www.sebi.gov.in,2026-10-03,false
INH000025513,Ansh Hiran,Research Analyst,Active,https://www.sebi.gov.in,2026-10-03,false
INH000025522,Vipin Hariram Yadav,Research Analyst,Active,https://www.sebi.gov.in,2026-10-03,false
INH000025531,CHASEALPHA GLOBAL RESEARCH PRIVATE LIMITED,Research Analyst,Active,https://www.sebi.gov.in,2026-10-03,false
INH000025540,Amit Kumar Upadhyay,Research Analyst,Active,https://www.sebi.gov.in,2026-10-03,false
INH000025559,Anshu Nadir,Research Analyst,Active,https://www.sebi.gov.in,2026-10-03,false
INH000025568,SKILLINTELLECT LLP,Research Analyst,Active,https://www.sebi.gov.in,2026-10-03,false
INH000025577,Ankit Dinesh Mehta,Research Analyst,Active,https://www.sebi.gov.in,2026-10-03,false
INH000025586,DOJI RESEARCH ANALYST LLP,Research Analyst,Active,https://www.sebi.gov.in,2026-10-03,false
INH000025595,BULL MIND RESEARCH ANALYST PRIVATE LIMITED,Research Analyst,Active,https://www.sebi.gov.in,2026-10-03,false
INH000025601,RAKSHA NANA VAIDYA,Research Analyst,Active,https://www.sebi.gov.in,2026-10-03,false
INH000025610,Ragini Mittal,Research Analyst,Active,https://www.sebi.gov.in,2026-10-03,false
INH000025629,Just Imagine Mind Transformers Private Limited,Research Analyst,Active,https://www.sebi.gov.in,2026-10-03,false
INH000025638,Priyanshu Sharma Proprietor of ResearchAxis.in,Research Analyst,Active,https://www.sebi.gov.in,2026-10-03,false
INH000025647,Vibhuti Sharma,Research Analyst,Active,https://www.sebi.gov.in,2026-10-03,false
INH000025656,ANUJ GUPTA,Research Analyst,Active,https://www.sebi.gov.in,2026-10-03,false
INH000025665,Rishab Gupta,Research Analyst,Active,https://www.sebi.gov.in,2026-10-03,false
INH000025674,Neo Wealth Management Private Limited,Research Analyst,Active,https://www.sebi.gov.in,2026-10-03,false
INH000025683,Alfaview Trading Research Private Limited,Research Analyst,Active,https://www.sebi.gov.in,2026-10-03,false
INH000025692,A K EQUITIES PRIVATE LIMITED,Research Analyst,Active,https://www.sebi.gov.in,2026-10-03,false
INH000025708,RAVINATH CHAUHAN,Research Analyst,Active,https://www.sebi.gov.in,2026-10-03,false
INH000025717,Vinay Kumar Proprietor of Overnight Traders,Research Analyst,Active,https://www.sebi.gov.in,2026-10-03,false
INH000025726,RISHI WADHAWAN,Research Analyst,Active,https://www.sebi.gov.in,2026-10-03,false
INH000025744,Abhishek S Proprietor of ClearView Research,Research Analyst,Active,https://www.sebi.gov.in,2026-10-03,false
INH000025753,M VIGNESH,Research Analyst,Active,https://www.sebi.gov.in,2026-10-03,false
INH000025762,Raj Rupesh Shah,Research Analyst,Active,https://www.sebi.gov.in,2026-10-03,false
INH000025771,ANSHUL PAHWA,Research Analyst,Active,https://www.sebi.gov.in,2026-10-03,false
INH000025780,Krishankant Prasad,Research Analyst,Active,https://www.sebi.gov.in,2026-10-03,false
INH000025799,MOHAK AILANI,Research Analyst,Active,https://www.sebi.gov.in,2026-10-03,false
INH000025805,WEALTHCULTURE ADVISORY SERVICES PRIVATE LIMITED,Research Analyst,Active,https://www.sebi.gov.in,2026-10-03,false
INH000025814,Rohan Atulkumar Desai,Research Analyst,Active,https://www.sebi.gov.in,2026-10-03,false
INH000025823,SOURAV KUSHWAH PROPRIETOR OF AONE RESEARCH,Research Analyst,Active,https://www.sebi.gov.in,2026-10-03,false
INH000025832,SSIT FINSERV PRIVATE LIMITED,Research Analyst,Active,https://www.sebi.gov.in,2026-10-03,false
INH000025841,Ayusman Das Proprietor of Worth Market Research,Research Analyst,Active,https://www.sebi.gov.in,2026-10-03,false
INH000025850,Rachit Devendrakumar Jain,Research Analyst,Active,https://www.sebi.gov.in,2026-10-03,false
INH000025869,ASHUTOSH SONI,Research Analyst,Active,https://www.sebi.gov.in,2026-10-03,false
INH000025878,Madhur Suryavanshi,Research Analyst,Active,https://www.sebi.gov.in,2026-10-03,false
INH000025887,MUKESH TAILOR,Research Analyst,Active,https://www.sebi.gov.in,2026-10-03,false
INH000025896,NACHIKET PRADIPRAO KHASALE,Research Analyst,Active,https://www.sebi.gov.in,2026-10-03,false
INH000025902,NISHANT YADAV,Research Analyst,Active,https://www.sebi.gov.in,2026-10-03,false
INH000025911,SAGAR MADHUSUDAN DHAWAN Proprietor of SAGAR DHAWAN,Research Analyst,Active,https://www.sebi.gov.in,2026-10-03,false
INH000025920,Tejas Atulbhai Patel Proprietor of Rey Capitals,Research Analyst,Active,https://www.sebi.gov.in,2026-10-03,false
INH000025939,EXCEL STOCK BROKING PRIVATE LIMITED,Research Analyst,Active,https://www.sebi.gov.in,2026-10-03,false
INH000025948,RAHUL BHAGAT,Research Analyst,Active,https://www.sebi.gov.in,2026-10-03,false
INH000025957,RANJAN YADUVANSHI,Research Analyst,Active,https://www.sebi.gov.in,2026-10-03,false
INH000025966,Pavan Kumar Rawat proprietor of Rudra Research,Research Analyst,Active,https://www.sebi.gov.in,2026-10-03,false
INH000025975,SR ALPHA INVESTMENT ADVISERS,Research Analyst,Active,https://www.sebi.gov.in,2026-10-03,false
INH000025984,RASHMITH,Research Analyst,Active,https://www.sebi.gov.in,2026-10-03,false
INH000025993,NITISH GOYAL,Research Analyst,Active,https://www.sebi.gov.in,2026-10-03,false
INH000026008,JUPITER RESEARCH & ADVISORS PRIVATE LIMITED,Research Analyst,Active,https://www.sebi.gov.in,2026-10-03,false
INH000026017,Sanchit Chopra Proprietor of TWS Research And Analysts,Research Analyst,Active,https://www.sebi.gov.in,2026-10-03,false
INH000026026,Nihar Dutia,Research Analyst,Active,https://www.sebi.gov.in,2026-10-03,false
INH000026035,Surender Singh Proprietor My Equity Sherpa,Research Analyst,Active,https://www.sebi.gov.in,2026-10-03,false
INH000026044,TRUENOVA INVESTMENT PRIVATE LIMITED,Research Analyst,Active,https://www.sebi.gov.in,2026-10-03,false
INH000026053,VARUN RAJESH SONTAKKE,Research Analyst,Active,https://www.sebi.gov.in,2026-10-03,false
INH000026062,PRIYANKA SINGH,Research Analyst,Active,https://www.sebi.gov.in,2026-10-03,false
INH000026071,TG Levels Private Limited,Research Analyst,Active,https://www.sebi.gov.in,2026-10-03,false
INH000026080,Tilak Raj Singh Chouhan Proprietor of Ram Financial Research,Research Analyst,Active,https://www.sebi.gov.in,2026-10-03,false
INH000026099,Divya Sharma Proprietor of Intake Research,Research Analyst,Active,https://www.sebi.gov.in,2026-10-03,false
INH000026105,DEVRAJ S VARSHNEY,Research Analyst,Active,https://www.sebi.gov.in,2026-10-03,false
INH000026114,Rohit Kumar Proprietor Of Moneyventure Research,Research Analyst,Active,https://www.sebi.gov.in,2026-10-03,false
INH000026123,Raghu L Proprietor of Financial Markets Research and Analysis Services,Research Analyst,Active,https://www.sebi.gov.in,2026-10-03,false
INH000026132,FARIDA SHAIK proprietor of Alphaquest research,Research Analyst,Active,https://www.sebi.gov.in,2026-10-03,false
INH000026141,Varun N Joshi Proprietor of Nirivantes Research,Research Analyst,Active,https://www.sebi.gov.in,2026-10-03,false
INH000026150,ChartingHQ Technologies Private Limited,Research Analyst,Active,https://www.sebi.gov.in,2026-10-03,false
INH000026169,LATIN MANHARLAL SECURITIES PRIVATE LIMITED,Research Analyst,Active,https://www.sebi.gov.in,2026-10-03,false
INH000026178,NECTAR KOTI RESEARCH AND EDUCATION PRIVATE LIMITED,Research Analyst,Active,https://www.sebi.gov.in,2026-10-03,false
INH000026187,Neeraj Shah,Research Analyst,Active,https://www.sebi.gov.in,2026-10-03,false
INH000026196,Puru Mahajan Proprietor of QARO,Research Analyst,Active,https://www.sebi.gov.in,2026-10-03,false
INH000026202,Alphamojo Financial Services Private Limited,Research Analyst,Active,https://www.sebi.gov.in,2026-10-03,false
INH000026211,AMIT ROY,Research Analyst,Active,https://www.sebi.gov.in,2026-10-03,false
INH000026220,ANURAG CHAUDHARY,Research Analyst,Active,https://www.sebi.gov.in,2026-10-03,false
INH000026239,PRIYA YADAV,Research Analyst,Active,https://www.sebi.gov.in,2026-10-03,false
INH000026248,Dodda Rishitha,Research Analyst,Active,https://www.sebi.gov.in,2026-10-03,false
INH000026257,Suhani Sandip Katariya,Research Analyst,Active,https://www.sebi.gov.in,2026-10-03,false
INH000026266,SAHIB SINGH HORA,Research Analyst,Active,https://www.sebi.gov.in,2026-10-03,false
INH000026275,Sanjay Harilal Satra proprietor of Sanjay Harilal Satra,Research Analyst,Active,https://www.sebi.gov.in,2026-10-03,false
INH000026284,Ayush Shrivastav,Research Analyst,Active,https://www.sebi.gov.in,2026-10-03,false
INH000026293,Sanskriti Samadhiya Proprietor of Trupaisa,Research Analyst,Active,https://www.sebi.gov.in,2026-10-03,false
INH000026309,Raghawendra Trivedi Proprietor of Trade Yug Research,Research Analyst,Active,https://www.sebi.gov.in,2026-10-03,false
INH000026318,Khusboo Vatsa Proprietor of Techfin Research Analyst,Research Analyst,Active,https://www.sebi.gov.in,2026-10-03,false
INH000026327,UPMA BHATNAGAR,Research Analyst,Active,https://www.sebi.gov.in,2026-10-03,false
INH000026345,KUMAR AMRITANSHU,Research Analyst,Active,https://www.sebi.gov.in,2026-10-03,false
INH000026354,Sanjay Rajput Proprietor of Arthvaani Research,Research Analyst,Active,https://www.sebi.gov.in,2026-10-03,false
INH000026363,Sunil Nagar Proprietor of Market Vision Research,Research Analyst,Active,https://www.sebi.gov.in,2026-10-03,false
INH000026372,AAKANKSHA PRASHANT THAKKAR Proprietor of PORTFOLIO MANTRA,Research Analyst,Active,https://www.sebi.gov.in,2026-10-03,false
INH000026381,Tapas Chandra Baskey Proprietor of Makemyinvest Financial Services,Research Analyst,Active,https://www.sebi.gov.in,2026-10-03,false
INH000026390,EQUITY TRADING HUB,Research Analyst,Active,https://www.sebi.gov.in,2026-10-03,false
INH000026406,Padmakshi Financial Services Private Limited,Research Analyst,Active,https://www.sebi.gov.in,2026-10-03,false
INH000026415,RINKI SHYAMLAL JAISWAL,Research Analyst,Active,https://www.sebi.gov.in,2026-10-03,false
INH000026424,TRADE2ACHIEVE SERVICES PRIVATE LIMITED,Research Analyst,Active,https://www.sebi.gov.in,2026-10-03,false
INH000026433,Sushant Sharad Dighe Proprietor of House of trade,Research Analyst,Active,https://www.sebi.gov.in,2026-10-03,false
INH000026442,DARSHANA NITIN TEJE Proprietor of D Success Point,Research Analyst,Active,https://www.sebi.gov.in,2026-10-03,false
INH000026451,Jayalakshmi Gurukula Private Limited,Research Analyst,Active,https://www.sebi.gov.in,2026-10-03,false
INH000026460,Anish Rai Proprietor of Nivesh Research,Research Analyst,Active,https://www.sebi.gov.in,2026-10-03,false
INH000026479,Pallav Parag Sharma Proprietor of Fourth Capital Research,Research Analyst,Active,https://www.sebi.gov.in,2026-10-03,false
INH000026488,DEVENDRA NILKANTH KHUNE,Research Analyst,Active,https://www.sebi.gov.in,2026-10-03,false
INH000026497,YASH HASMUKHLAL CHOUHAN,Research Analyst,Active,https://www.sebi.gov.in,2026-10-03,false
INH000026503,BERIJ FINANCIAL SERVICES PRIVATE LIMITED,Research Analyst,Active,https://www.sebi.gov.in,2026-10-03,false
INH000026512,PIYUSH PAL,Research Analyst,Active,https://www.sebi.gov.in,2026-10-03,false
INH000026521,REDDY HARI VENKATA HARSHAVARDHAN,Research Analyst,Active,https://www.sebi.gov.in,2026-10-03,false
INH000026530,SHIV PAWAN PANDEY,Research Analyst,Active,https://www.sebi.gov.in,2026-10-03,false
INH000026549,Vidit Khare,Research Analyst,Active,https://www.sebi.gov.in,2026-10-03,false
INH000026558,Wasim Shah Proprietor MoneyScals Investment and Research,Research Analyst,Active,https://www.sebi.gov.in,2026-10-03,false
INH000026567,Stratus Selyn Enterprises Private Limited,Research Analyst,Active,https://www.sebi.gov.in,2026-10-03,false
INH000026576,Pravesh Khatri Proprietorship Firm Talsi Research Analyst,Research Analyst,Active,https://www.sebi.gov.in,2026-10-03,false
INH000026585,Kamlesh Dilipbhai Katarmal Proprietor of Infinia Research,Research Analyst,Active,https://www.sebi.gov.in,2026-10-03,false
INH000026594,Quanttrix Technologies,Research Analyst,Active,https://www.sebi.gov.in,2026-10-03,false
INH000026600,Dr. Subhransu Sekhar Jena Proprietor of Smart Disha Academy,Research Analyst,Active,https://www.sebi.gov.in,2026-10-03,false
INH000026619,CHITRA A,Research Analyst,Active,https://www.sebi.gov.in,2026-10-03,false
INH000026628,RAJESH SHARMA,Research Analyst,Active,https://www.sebi.gov.in,2026-10-03,false
INH000026637,Kaushal Kumar Sahu Proprietor of Capitalmandi Research Services,Research Analyst,Active,https://www.sebi.gov.in,2026-10-03,false
INH000026646,Bharat Aggarwal,Research Analyst,Active,https://www.sebi.gov.in,2026-10-03,false
INH000026655,YASH RAJESHBHAI HIRPARA,Research Analyst,Active,https://www.sebi.gov.in,2026-10-03,false
INH000026664,Shahnawaz Sheikh,Research Analyst,Active,https://www.sebi.gov.in,2026-10-03,false
INH000026673,Neelesh Raghuwanshi,Research Analyst,Active,https://www.sebi.gov.in,2026-10-03,false
INH000026682,Saloni Maheshwari,Research Analyst,Active,https://www.sebi.gov.in,2026-10-03,false
INH000026691,NAYAN POKHARKAR PRIVATE LIMITED,Research Analyst,Active,https://www.sebi.gov.in,2026-10-03,false
INH000026707,AMAR KUMAR THAKUR,Research Analyst,Active,https://www.sebi.gov.in,2026-10-03,false
INH000026716,Tasneem Press wala,Research Analyst,Active,https://www.sebi.gov.in,2026-10-03,false
INH000026725,B KARTHIKEYAN,Research Analyst,Active,https://www.sebi.gov.in,2026-10-03,false
INH000026734,Dhanishti Research Private Limited,Research Analyst,Active,https://www.sebi.gov.in,2026-10-03,false
INH000026743,Kaushhik Maall,Research Analyst,Active,https://www.sebi.gov.in,2026-10-03,false
INH000026752,Shivangi Patel,Research Analyst,Active,https://www.sebi.gov.in,2026-10-03,false
INH000026761,SANTOSH B NIKAM PROPRIETOR OF UNIVERSAL FINANCIAL LABS,Research Analyst,Active,https://www.sebi.gov.in,2026-10-03,false
INH000026770,Ankit Singh Solanki,Research Analyst,Active,https://www.sebi.gov.in,2026-10-03,false
INH000026789,Trade Nova Technologies Private Limited,Research Analyst,Active,https://www.sebi.gov.in,2026-10-03,false
INH000026798,MANOJ ASOK KUMAR,Research Analyst,Active,https://www.sebi.gov.in,2026-10-03,false
INH000026804,Harsh Vardhan,Research Analyst,Active,https://www.sebi.gov.in,2026-10-03,false
INH000026813,Ajay Kumar Soni,Research Analyst,Active,https://www.sebi.gov.in,2026-10-03,false
INH000026822,JBV Share Broker And Fintech Private Limited,Research Analyst,Active,https://www.sebi.gov.in,2026-10-03,false
INH000026831,Rishabh K Sharma Private Limited,Research Analyst,Active,https://www.sebi.gov.in,2026-10-03,false
INH000026840,Mitesh Rajesh Parekh,Research Analyst,Active,https://www.sebi.gov.in,2026-10-03,false
INH000026859,Darpan Aggarwal Proprietor of Uncover Markets Capital Analytics,Research Analyst,Active,https://www.sebi.gov.in,2026-10-03,false
INH000026868,NEEV ADVISORS,Research Analyst,Active,https://www.sebi.gov.in,2026-10-03,false
INH000026877,Himanshu Soni,Research Analyst,Active,https://www.sebi.gov.in,2026-10-03,false
INH000026886,Nikhil Bharwani,Research Analyst,Active,https://www.sebi.gov.in,2026-10-03,false
INH000026895,Hriday Rajesh Dave,Research Analyst,Active,https://www.sebi.gov.in,2026-10-03,false
INH000026901,LTP Calculator Financial Technology Private Limited,Research Analyst,Active,https://www.sebi.gov.in,2026-10-03,false
INH000026910,S JAGADISH,Research Analyst,Active,https://www.sebi.gov.in,2026-10-03,false
INH000026929,Sahejpal Singh Grewal,Research Analyst,Active,https://www.sebi.gov.in,2026-10-03,false
INH000026938,SAMKIT KIRANBHAI MEHTA PROPRIETOR OF MANSAM CAPITAL,Research Analyst,Active,https://www.sebi.gov.in,2026-10-03,false
INH000026947,Sarjeet Rathi,Research Analyst,Active,https://www.sebi.gov.in,2026-10-03,false
INH000026956,Vinay Kumar Sharma,Research Analyst,Active,https://www.sebi.gov.in,2026-10-03,false
INH000026965,WHERE2INVEST LIMITED,Research Analyst,Active,https://www.sebi.gov.in,2026-10-03,false
INH000026974,Subrat Shukla,Research Analyst,Active,https://www.sebi.gov.in,2026-10-03,false
INH000026983,ARPITA VIJAYVARGIYA,Research Analyst,Active,https://www.sebi.gov.in,2026-10-03,false
INH000026992,KRISHNPAL SINGH PROPRIETOR OF RESEARCH SEWA,Research Analyst,Active,https://www.sebi.gov.in,2026-10-03,false
INH000027007,Akash Jayantibhai Patel,Research Analyst,Active,https://www.sebi.gov.in,2026-10-03,false
INH000027016,B-CUBE CONSULTING PRIVATE LIMITED,Research Analyst,Active,https://www.sebi.gov.in,2026-10-03,false
INH000027025,RINKU MEHER proprietor of ARTHNAV FINANCIAL SERVICES & RESEARCH,Research Analyst,Active,https://www.sebi.gov.in,2026-10-03,false
INH000027034,SAIQUA PARVEEN,Research Analyst,Active,https://www.sebi.gov.in,2026-10-03,false
INH000027043,Trademonk Capital,Research Analyst,Active,https://www.sebi.gov.in,2026-10-03,false
INH000027052,ASHISH KUMAR SHARMA,Research Analyst,Active,https://www.sebi.gov.in,2026-10-03,false
INH000027061,ANAND DAS PROPRIETOR OF STOCK INDIA,Research Analyst,Active,https://www.sebi.gov.in,2026-10-03,false
INH000027070,YUKTI MITTAL,Research Analyst,Active,https://www.sebi.gov.in,2026-10-03,false
INH000027089,MEET PRAVIN PATEL,Research Analyst,Active,https://www.sebi.gov.in,2026-10-03,false
INH000027098,SANDEEP RINWA,Research Analyst,Active,https://www.sebi.gov.in,2026-10-03,false
INH000027104,Neetu Ahirwar Proprietor Of Soham Global Services,Research Analyst,Active,https://www.sebi.gov.in,2026-10-03,false
INH000027113,Mihirkumar Kanubhai Patel,Research Analyst,Active,https://www.sebi.gov.in,2026-10-03,false
INH000027122,TRENDING TRAINING AND TRADING PRIVATE LIMITED,Research Analyst,Active,https://www.sebi.gov.in,2026-10-03,false
INH000027131,ADITYA PRADIP NAGORI,Research Analyst,Active,https://www.sebi.gov.in,2026-10-03,false
INH000027140,ALPHAWEALTH AVENUES LLP,Research Analyst,Active,https://www.sebi.gov.in,2026-10-03,false
INH000027159,ATUL SINHA,Research Analyst,Active,https://www.sebi.gov.in,2026-10-03,false
INH000027168,YOGESHWAR VASHISHTHA,Research Analyst,Active,https://www.sebi.gov.in,2026-10-03,false
INH000027177,ISFCAP Strategic Advisors LLP,Research Analyst,Active,https://www.sebi.gov.in,2026-10-03,false
INH000027186,R HARINI PROPRIETOR OF TREASURE CAPITAL,Research Analyst,Active,https://www.sebi.gov.in,2026-10-03,false
INH000027195,RATUL GHOSH,Research Analyst,Active,https://www.sebi.gov.in,2026-10-03,false
INH000027201,REHAN AHMED ZUBAIRAHMED SHAIKH,Research Analyst,Active,https://www.sebi.gov.in,2026-10-03,false
INH000027210,VAIBHAV KHARE PROPRIETOR OF KNOVA WEALTH FINANCIAL SERVICES,Research Analyst,Active,https://www.sebi.gov.in,2026-10-03,false
INH000027229,Aayush Deepak Badade,Research Analyst,Active,https://www.sebi.gov.in,2026-10-03,false
INH000027238,RAVI PRAKASH HINGORANI,Research Analyst,Active,https://www.sebi.gov.in,2026-10-03,false
INH000027247,BHOLANATH DAS,Research Analyst,Active,https://www.sebi.gov.in,2026-10-03,false
INH000027256,THE MARKET MOOD RESEARCH AND ANALYTICS,Research Analyst,Active,https://www.sebi.gov.in,2026-10-03,false
INH000027265,ELBEE SECURITIES PVT LTD,Research Analyst,Active,https://www.sebi.gov.in,2026-10-03,false
INH000027274,VEDIKA GOYAL,Research Analyst,Active,https://www.sebi.gov.in,2026-10-03,false
INH000027283,LALIT YADAV,Research Analyst,Active,https://www.sebi.gov.in,2026-10-03,false
INH000027292,AJAY KURIAN VARGHESE,Research Analyst,Active,https://www.sebi.gov.in,2026-10-03,false
INH000027308,Akshay Pawan Kumar Jain,Research Analyst,Active,https://www.sebi.gov.in,2026-10-03,false
INH000027317,ARIDAMAN SHARMA,Research Analyst,Active,https://www.sebi.gov.in,2026-10-03,false
INH000027326,Rishi Dilip Mody,Research Analyst,Active,https://www.sebi.gov.in,2026-10-03,false
INH000027335,JITENDRA SINGH,Research Analyst,Active,https://www.sebi.gov.in,2026-10-03,false
INH000027344,SAUMIL TUSHAR NAIK,Research Analyst,Active,https://www.sebi.gov.in,2026-10-03,false
INH000027353,YASH MAHESH JAISWAL,Research Analyst,Active,https://www.sebi.gov.in,2026-10-03,false
INH000027362,MW STUUDIO PRIVATE LIMITED,Research Analyst,Active,https://www.sebi.gov.in,2026-10-03,false
INH000027371,Devesh Varshney,Research Analyst,Active,https://www.sebi.gov.in,2026-10-03,false
INH000027380,Vinoth Kumar S Proprietor of Potoos Research Services,Research Analyst,Active,https://www.sebi.gov.in,2026-10-03,false
INH000027399,BOTHIKAR ADITYA UMAKANT PROPRIETOR OF TRADERS LATITUDE,Research Analyst,Active,https://www.sebi.gov.in,2026-10-03,false
INH000027405,GAURAV ANIL KAUSHIK,Research Analyst,Active,https://www.sebi.gov.in,2026-10-03,false
INH000027414,INDRA KAMAL TIWARI,Research Analyst,Active,https://www.sebi.gov.in,2026-10-03,false
INH000027423,Sanjeev Prakash,Research Analyst,Active,https://www.sebi.gov.in,2026-10-03,false
INH000027432,EQUI TREND FINANCIAL RESEARCH PRIVATE LIMITED,Research Analyst,Active,https://www.sebi.gov.in,2026-10-03,false
INH000027441,Vijay Gupta Proprietor of Egrow Capital Services,Research Analyst,Active,https://www.sebi.gov.in,2026-10-03,false
INH000027450,AKASH GARG,Research Analyst,Active,https://www.sebi.gov.in,2026-10-03,false
INH000027469,Shivendru Shekhar,Research Analyst,Active,https://www.sebi.gov.in,2026-10-03,false
INH000027478,SURESH CHANDRA DEY,Research Analyst,Active,https://www.sebi.gov.in,2026-10-03,false
INH000027487,SAMIR AGGARWAL,Research Analyst,Active,https://www.sebi.gov.in,2026-10-03,false
INH000027496,Saumya Agarwal,Research Analyst,Active,https://www.sebi.gov.in,2026-10-03,false
INH000027502,Rishab Kalyani,Research Analyst,Active,https://www.sebi.gov.in,2026-10-03,false
INH000027511,Autobulls,Research Analyst,Active,https://www.sebi.gov.in,2026-10-03,false
INH000027520,Varun Sharma Proprietor of Chart View Research,Research Analyst,Active,https://www.sebi.gov.in,2026-10-03,false
INH000027539,Divya Khurana Dewan,Research Analyst,Active,https://www.sebi.gov.in,2026-10-03,false
INH000027548,Yogesh Kumar Aggarwal,Research Analyst,Active,https://www.sebi.gov.in,2026-10-03,false
INH000027557,SUCCINCT LEARNING PLATFORMS PRIVATE LIMITED,Research Analyst,Active,https://www.sebi.gov.in,2026-10-03,false
INH000027566,Mayur Satish Samtani,Research Analyst,Active,https://www.sebi.gov.in,2026-10-03,false
INH000027575,Rishav Talukdar,Research Analyst,Active,https://www.sebi.gov.in,2026-10-03,false
INH000027584,Milind Sonone Proprietor of Growbrow,Research Analyst,Active,https://www.sebi.gov.in,2026-10-03,false
INH000027593,Yeshwant Bhisham Valecha,Research Analyst,Active,https://www.sebi.gov.in,2026-10-03,false
INH000027609,KIRAN NANDKISHOR JAGDALE PROPRIETOR OF MH TRADE HUB,Research Analyst,Active,https://www.sebi.gov.in,2026-10-03,false
INH000027618,Manoj Lodhi Proprietor of Finvista Research,Research Analyst,Active,https://www.sebi.gov.in,2026-10-03,false
INH000027627,GAGANPREET KAUR,Research Analyst,Active,https://www.sebi.gov.in,2026-10-03,false
INH000027636,TRADING2GROW,Research Analyst,Active,https://www.sebi.gov.in,2026-10-03,false
INH000027645,Oraph Private Limited,Research Analyst,Active,https://www.sebi.gov.in,2026-10-03,false
INH000027654,Tushar Gerg,Research Analyst,Active,https://www.sebi.gov.in,2026-10-03,false
INH000027663,Atul Dhananjay Kumar Proprietor of SALVATION CAPITAL,Research Analyst,Active,https://www.sebi.gov.in,2026-10-03,false
INH000027672,Vipin Krishnan,Research Analyst,Active,https://www.sebi.gov.in,2026-10-03,false
INH000027681,Axczel Research Private Limited,Research Analyst,Active,https://www.sebi.gov.in,2026-10-03,false
INH000027690,Sandeep Kushwah,Research Analyst,Active,https://www.sebi.gov.in,2026-10-03,false
INH000027706,ANKUSH PATEL,Research Analyst,Active,https://www.sebi.gov.in,2026-10-03,false
INH000027715,Duge Lollen Proprietor of CDT Research,Research Analyst,Active,https://www.sebi.gov.in,2026-10-03,false
INH000027724,Dilpreet Singh Bhatia,Research Analyst,Active,https://www.sebi.gov.in,2026-10-03,false
INH000027733,SUPREME NIFTY TRADERS,Research Analyst,Active,https://www.sebi.gov.in,2026-10-03,false
INH000027742,Alt-Alpha Broking Private Limited,Research Analyst,Active,https://www.sebi.gov.in,2026-10-03,false
INH000027751,Satish Manavare Proprietor of Sterling Research,Research Analyst,Active,https://www.sebi.gov.in,2026-10-03,false
INH000027760,Nameeta Priyadarshnee Panda Proprietor of Research Bull,Research Analyst,Active,https://www.sebi.gov.in,2026-10-03,false
INH000027779,ANUJAY CHOUHAN,Research Analyst,Active,https://www.sebi.gov.in,2026-10-03,false
INH000027788,PRATHMESH JAIPRAKASH GUPTA,Research Analyst,Active,https://www.sebi.gov.in,2026-10-03,false
INH000027797,Aparnathi Hiteshgar Mansukhgar,Research Analyst,Active,https://www.sebi.gov.in,2026-10-03,false
INH000027803,Yamuna Prasad Maurya,Research Analyst,Active,https://www.sebi.gov.in,2026-10-03,false
INH000027812,Chakrapaani Mishra Proprietor of SigmaOne Capital,Research Analyst,Active,https://www.sebi.gov.in,2026-10-03,false
INH000027821,Raj Yadav Proprietor of Increnzo Technology,Research Analyst,Active,https://www.sebi.gov.in,2026-10-03,false
INH000027830,NIVESHAAY INVESTMENT ADVISORS PRIVATE LIMITED,Research Analyst,Active,https://www.sebi.gov.in,2026-10-03,false
INH000027849,Hemant Vishwakarma Proprietor of Market cube Research,Research Analyst,Active,https://www.sebi.gov.in,2026-10-03,false
INH000027858,Santhosh B R Proprietor of First Investment Research,Research Analyst,Active,https://www.sebi.gov.in,2026-10-03,false
INH000027867,Sentinel Research Private limited,Research Analyst,Active,https://www.sebi.gov.in,2026-10-03,false
INH000027876,VIPIN KUMAR,Research Analyst,Active,https://www.sebi.gov.in,2026-10-03,false
INH000027885,Suraj Sakaria N,Research Analyst,Active,https://www.sebi.gov.in,2026-10-03,false
INH000027894,Abhinav Siddharth Proprietor of Pravi Wealth,Research Analyst,Active,https://www.sebi.gov.in,2026-10-03,false
INH000027900,AMARTYA MANI,Research Analyst,Active,https://www.sebi.gov.in,2026-10-03,false
INH000027919,FINTRICS CAPITAL PRIVATE LIMITED,Research Analyst,Active,https://www.sebi.gov.in,2026-10-03,false
INH000027928,Ramanaiah Illuri Proprietor of ArthiQ Research,Research Analyst,Active,https://www.sebi.gov.in,2026-10-03,false
INH000027937,Lovelesh Sharma,Research Analyst,Active,https://www.sebi.gov.in,2026-10-03,false
INH000027946,ADITYA BATTU,Research Analyst,Active,https://www.sebi.gov.in,2026-10-03,false
INH000027955,ARNAB CHABIRI,Research Analyst,Active,https://www.sebi.gov.in,2026-10-03,false
INH000027964,Rohan Swar Proprietor of Quantimental Capital Research,Research Analyst,Active,https://www.sebi.gov.in,2026-10-03,false
INH000027973,Sarthak Jayeshbhai Purohit Proprietor of THE CONCLUSION MATTERS,Research Analyst,Active,https://www.sebi.gov.in,2026-10-03,false
INH000027982,Value Straight Investment Advisor Private Limited,Research Analyst,Active,https://www.sebi.gov.in,2026-10-03,false
INH000027991,Equitypack Private Limited,Research Analyst,Active,https://www.sebi.gov.in,2026-10-03,false
INH000028006,ADITYA RAJ PROPRIETOR OF INVESTOGENIE,Research Analyst,Active,https://www.sebi.gov.in,2026-10-03,false
INH000028015,HARISH PRATHAP M PROPRIETOR OF MY COREX RESEARCH & FINANCIAL SERVICES,Research Analyst,Active,https://www.sebi.gov.in,2026-10-03,false
INH000028024,Sanjeev Kumar,Research Analyst,Active,https://www.sebi.gov.in,2026-10-03,false
INH000028033,Shyam Sharma,Research Analyst,Active,https://www.sebi.gov.in,2026-10-03,false
INH000028042,PARESH RAM DESAI,Research Analyst,Active,https://www.sebi.gov.in,2026-10-03,false
INH000028051,WASUGROW FINTECH SERVICES,Research Analyst,Active,https://www.sebi.gov.in,2026-10-03,false
INH000028060,Arvind Maruti Desai Proprietor of Samarth Trade,Research Analyst,Active,https://www.sebi.gov.in,2026-10-03,false
INH000028079,Shubham Kumar,Research Analyst,Active,https://www.sebi.gov.in,2026-10-03,false
INH000028088,Saurabh Maheshwari proprietor of Dev Maheshwari and associates,Research Analyst,Active,https://www.sebi.gov.in,2026-10-03,false
INH000028097,MITESH HEDAU,Research Analyst,Active,https://www.sebi.gov.in,2026-10-03,false
INH000028103,KARMUR DILIP MERUBHAI,Research Analyst,Active,https://www.sebi.gov.in,2026-10-03,false
INH000028112,Deepanshu Singh,Research Analyst,Active,https://www.sebi.gov.in,2026-10-03,false
INH000028121,Shikha Verma Proprietor of Dhanvriddhi Research,Research Analyst,Active,https://www.sebi.gov.in,2026-10-03,false
INH000028130,ORTEM SECURITIES LIMITED,Research Analyst,Active,https://www.sebi.gov.in,2026-10-03,false
INH000028149,RATHOD NILESH GOVINDLAL,Research Analyst,Active,https://www.sebi.gov.in,2026-10-03,false
INH000028158,Vijay Porwal,Research Analyst,Active,https://www.sebi.gov.in,2026-10-03,false
INH000028167,Pankaj Bhargava Proprietor Finocia Technology,Research Analyst,Active,https://www.sebi.gov.in,2026-10-03,false
INH000028176,NEOMINDS RESEARCH ANALYSTS,Research Analyst,Active,https://www.sebi.gov.in,2026-10-03,false
INH000028185,Chetankumar Divakar Amin,Research Analyst,Active,https://www.sebi.gov.in,2026-10-03,false
INH000028194,SHEKHAR KISHORE,Research Analyst,Active,https://www.sebi.gov.in,2026-10-03,false
INH000028200,Komal Mirani,Research Analyst,Active,https://www.sebi.gov.in,2026-10-03,false
INH000028219,Ashish Demla,Research Analyst,Active,https://www.sebi.gov.in,2026-10-03,false
INH000028228,ABHIJIT DHAR,Research Analyst,Active,https://www.sebi.gov.in,2026-10-03,false
INH000028237,JASKIRAT SINGH,Research Analyst,Active,https://www.sebi.gov.in,2026-10-03,false
INH000028246,HARSHAD VAYEDA,Research Analyst,Active,https://www.sebi.gov.in,2026-10-03,false
INH000028255,HST WEALTH MANAGEMENT AND RESEARCH ADVISORS PRIVATE LIMITED,Research Analyst,Active,https://www.sebi.gov.in,2026-10-03,false
INH000028264,Ratnesh Thakkar,Research Analyst,Active,https://www.sebi.gov.in,2026-10-03,false
INH000028273,CHUDASAMA JAYKUMAR M,Research Analyst,Active,https://www.sebi.gov.in,2026-10-03,false
INH000028282,GAURAV GARG,Research Analyst,Active,https://www.sebi.gov.in,2026-10-03,false
INH000028291,T Priya,Research Analyst,Active,https://www.sebi.gov.in,2026-10-03,false
INH000028307,SHIVENDRA SAHAI,Research Analyst,Active,https://www.sebi.gov.in,2026-10-03,false
INH000028316,CHIRANJEEVI KUMAR,Research Analyst,Active,https://www.sebi.gov.in,2026-10-03,false
INH000028325,Eshant Garg,Research Analyst,Active,https://www.sebi.gov.in,2026-10-03,false
INH000028334,Abhishek Gupta,Research Analyst,Active,https://www.sebi.gov.in,2026-10-03,false
INH000028343,K Sudattha S Rao,Research Analyst,Active,https://www.sebi.gov.in,2026-10-03,false
INH000028352,Wealth Vidhya,Research Analyst,Active,https://www.sebi.gov.in,2026-10-03,false
INH000028361,MANISH TANEJA,Research Analyst,Active,https://www.sebi.gov.in,2026-10-03,false
INH000028370,Sumit Vyas Proprietor of Skyline Financial Services,Research Analyst,Active,https://www.sebi.gov.in,2026-10-03,false
INH000028389,NAGARAJ V JAHAGIRDAR,Research Analyst,Active,https://www.sebi.gov.in,2026-10-03,false
INH000028398,Ankur Kapur,Research Analyst,Active,https://www.sebi.gov.in,2026-10-03,false
INH000028404,Abhishek Venkatesh Gujrathi Proprietor of Shrinidhi Fintech,Research Analyst,Active,https://www.sebi.gov.in,2026-10-03,false
INH000028413,FIVE POINT RESEARCH INSIGHTS PRIVATE LIMITED,Research Analyst,Active,https://www.sebi.gov.in,2026-10-03,false
INH000028422,AMAM ARUN,Research Analyst,Active,https://www.sebi.gov.in,2026-10-03,false
INH000028431,Kiran Nirapure,Research Analyst,Active,https://www.sebi.gov.in,2026-10-03,false
INH000028440,KHODA ANJANA NITESHKUMAR,Research Analyst,Active,https://www.sebi.gov.in,2026-10-03,false
INH000028459,Abhay Kumar Sharma Proprietor of Wealth Grow Research,Research Analyst,Active,https://www.sebi.gov.in,2026-10-03,false
INH000028468,CHANDRASHEKHAR DHANSING CHAVAN,Research Analyst,Active,https://www.sebi.gov.in,2026-10-03,false
INH000028477,NEETESH PATHAK,Research Analyst,Active,https://www.sebi.gov.in,2026-10-03,false
INH000028486,Arunkumar G,Research Analyst,Active,https://www.sebi.gov.in,2026-10-03,false
INH000028495,Leji Sadanandan,Research Analyst,Active,https://www.sebi.gov.in,2026-10-03,false
INH000028501,SNS STOCK ADVISORY SERVICES,Research Analyst,Active,https://www.sebi.gov.in,2026-10-03,false
INH000028510,VISHAL DINESHBHAI KARIYA,Research Analyst,Active,https://www.sebi.gov.in,2026-10-03,false
INH000028529,YOHAN IMRAN DOKA,Research Analyst,Active,https://www.sebi.gov.in,2026-10-03,false
INH000028538,Mintbyte Investment Services Private Limited,Research Analyst,Active,https://www.sebi.gov.in,2026-10-03,false
INH000028547,SIA RAVI AHUJA,Research Analyst,Active,https://www.sebi.gov.in,2026-10-03,false
INH000028556,CHINNABALAPPAGARI DHANAMJAYA REDDY,Research Analyst,Active,https://www.sebi.gov.in,2026-10-03,false
INH000028565,EQUITYPULSE TECH PRIVATE LIMITED,Research Analyst,Active,https://www.sebi.gov.in,2026-10-03,false
INH000028574,JOVIAN MARKET RESEARCH PRIVATE LIMITED,Research Analyst,Active,https://www.sebi.gov.in,2026-10-03,false
INH000028583,Finverse Platform Private Limited,Research Analyst,Active,https://www.sebi.gov.in,2026-10-03,false
INH000028592,AUM CAPITAL MARKET PRIVATE LIMITED,Research Analyst,Active,https://www.sebi.gov.in,2026-10-03,false
INH000028608,Afjal Mansuri Proprietor of TRADYNAL,Research Analyst,Active,https://www.sebi.gov.in,2026-10-03,false
INH000028617,L. F. C. SECURITIES PRIVATE LIMITED,Research Analyst,Active,https://www.sebi.gov.in,2026-10-03,false
INH000028626,Sumit Mangla,Research Analyst,Active,https://www.sebi.gov.in,2026-10-03,false
INH000028635,Jainam Kothari,Research Analyst,Active,https://www.sebi.gov.in,2026-10-03,false
INH000028644,Pratiksha Singh Proprietor of Apollotrust Research Services,Research Analyst,Active,https://www.sebi.gov.in,2026-10-03,false
INH000028653,SAILI S DALVI,Research Analyst,Active,https://www.sebi.gov.in,2026-10-03,false
INH000028662,Kanwaljit Singh,Research Analyst,Active,https://www.sebi.gov.in,2026-10-03,false
INH000028671,Siddhant Gupta Proprietor of The Seasoned Investor,Research Analyst,Active,https://www.sebi.gov.in,2026-10-03,false
INH000028680,Siddharth Patel Proprietor Dhanshree Research,Research Analyst,Active,https://www.sebi.gov.in,2026-10-03,false
INH000028699,Deepika Patidar,Research Analyst,Active,https://www.sebi.gov.in,2026-10-03,false
INH000028705,Nirmal Choudhary Proprietor of Growfincap Financial Services,Research Analyst,Active,https://www.sebi.gov.in,2026-10-03,false
INH000028714,Nagesh Morya,Research Analyst,Active,https://www.sebi.gov.in,2026-10-03,false
INH000028723,DESVELADO ADVISORY PRIVATE LIMITED,Research Analyst,Active,https://www.sebi.gov.in,2026-10-03,false
INH000028732,Dipak Das,Research Analyst,Active,https://www.sebi.gov.in,2026-10-03,false
INH000028741,ANKUR AGARWAL,Research Analyst,Active,https://www.sebi.gov.in,2026-10-03,false
INH000028750,NAVNEET SINGH KANDHARI Proprietor of PRENAM,Research Analyst,Active,https://www.sebi.gov.in,2026-10-03,false
INH000028769,RAJNEESH KUMAR DUA,Research Analyst,Active,https://www.sebi.gov.in,2026-10-03,false
INH000028778,Candle Mantra,Research Analyst,Active,https://www.sebi.gov.in,2026-10-03,false
INH000028787,Rani Singh Patel,Research Analyst,Active,https://www.sebi.gov.in,2026-10-03,false
INH000028796,Univest Stock Broking Private Limited,Research Analyst,Active,https://www.sebi.gov.in,2026-10-03,false
INH000028802,HARJINDERSINGH S SAINI,Research Analyst,Active,https://www.sebi.gov.in,2026-10-03,false
INH000028811,Abhishek Shailesh Mehta Proprietor Equity Wallet,Research Analyst,Active,https://www.sebi.gov.in,2026-10-03,false
INH000028820,ALOK MISHRA,Research Analyst,Active,https://www.sebi.gov.in,2026-10-03,false
INH000028839,Ankur Sharda Proprietor of Neev Technocom Co.,Research Analyst,Active,https://www.sebi.gov.in,2026-10-03,false
INH000028848,Goodwill Wealth Management Private Limited,Research Analyst,Active,https://www.sebi.gov.in,2026-10-03,false
INH000028857,Saym Ansari Proprietor of Sayeba Research,Research Analyst,Active,https://www.sebi.gov.in,2026-10-03,false
INH000028866,R Roshni,Research Analyst,Active,https://www.sebi.gov.in,2026-10-03,false
INH000028875,QUICK ALGOPLUS PRIVATE LIMITED,Research Analyst,Active,https://www.sebi.gov.in,2026-10-03,false
INH000028884,Mayank Lodha,Research Analyst,Active,https://www.sebi.gov.in,2026-10-03,false
INH000028893,PROFOCUS VALUE PRIVATE LIMITED,Research Analyst,Active,https://www.sebi.gov.in,2026-10-03,false
INH000028909,Lavanya H Proprietor of WealthStoc Solutions,Research Analyst,Active,https://www.sebi.gov.in,2026-10-03,false
INH000028918,Krishna Kant Verma Proprietor of Ramanti Capital,Research Analyst,Active,https://www.sebi.gov.in,2026-10-03,false
INH000028927,Ratan Lal Proprietor of Kaveri Equity Research Service,Research Analyst,Active,https://www.sebi.gov.in,2026-10-03,false
INH000028936,Dwipanjit Handique,Research Analyst,Active,https://www.sebi.gov.in,2026-10-03,false
INH000028945,MODERN ALGOS PRIVATE LIMITED,Research Analyst,Active,https://www.sebi.gov.in,2026-10-03,false
INH000028954,RELITRADE STOCK BROKING PRIVATE LIMITED,Research Analyst,Active,https://www.sebi.gov.in,2026-10-03,false
INH000028963,TARUN SINGH PANU,Research Analyst,Active,https://www.sebi.gov.in,2026-10-03,false
INH000028972,AMIT RAJU SANGAWAR,Research Analyst,Active,https://www.sebi.gov.in,2026-10-03,false
INH000028981,GOWTHAM KUMARESH,Research Analyst,Active,https://www.sebi.gov.in,2026-10-03,false
INH000028990,BALAR BRIJ PRAVINBHAI,Research Analyst,Active,https://www.sebi.gov.in,2026-10-03,false
INH000029005,Nexgen Research Analyst,Research Analyst,Active,https://www.sebi.gov.in,2026-10-03,false
INH000029014,NAVEEN RAGAVENDAR P R,Research Analyst,Active,https://www.sebi.gov.in,2026-10-03,false
INH000029023,JAGPRASAD GANPAT VERMA,Research Analyst,Active,https://www.sebi.gov.in,2026-10-03,false
INH000029032,Finharbour Fintech Private Limited,Research Analyst,Active,https://www.sebi.gov.in,2026-10-03,false
INH000029041,ULJK Financial Services Private Limited,Research Analyst,Active,https://www.sebi.gov.in,2026-10-03,false
INH000029050,GOKUL KRISHNA PUCHAKAYALA Proprietor of GOKUL ASSOCIATES RESEARCH,Research Analyst,Active,https://www.sebi.gov.in,2026-10-03,false
INH000029069,Sanat Indravadan Shah Proprietor of Kaivalya Wealth Creators,Research Analyst,Active,https://www.sebi.gov.in,2026-10-03,false
INH000029078,Basil Star Private Limited,Research Analyst,Active,https://www.sebi.gov.in,2026-10-03,false
INH000029087,Arun Rajashekhar Kalburgi,Research Analyst,Active,https://www.sebi.gov.in,2026-10-03,false
INH000029096,TANU RANI,Research Analyst,Active,https://www.sebi.gov.in,2026-10-03,false
INH000029102,CENTRICITY SECURITIES PRIVATE LIMITED,Research Analyst,Active,https://www.sebi.gov.in,2026-10-03,false
INH000029111,Moneystone Analytics Private Limited,Research Analyst,Active,https://www.sebi.gov.in,2026-10-03,false
INH000029120,AMIT BASAK,Research Analyst,Active,https://www.sebi.gov.in,2026-10-03,false
INH000029139,Sachin Garg Systems LLP,Research Analyst,Active,https://www.sebi.gov.in,2026-10-03,false
INH000029148,INFINITY STOXRESEARCH,Research Analyst,Active,https://www.sebi.gov.in,2026-10-03,false
INH000029157,Vikas Raj Soni,Research Analyst,Active,https://www.sebi.gov.in,2026-10-03,false
INH000029166,AURAFI SERVICES,Research Analyst,Active,https://www.sebi.gov.in,2026-10-03,false
INH000029175,DEEPESH BANSAL,Research Analyst,Active,https://www.sebi.gov.in,2026-10-03,false
INH000029184,Asim Jain,Research Analyst,Active,https://www.sebi.gov.in,2026-10-03,false
INH000029193,DR NIMISH A PARIKH,Research Analyst,Active,https://www.sebi.gov.in,2026-10-03,false
INH000029209,Bala Prasad Pal,Research Analyst,Active,https://www.sebi.gov.in,2026-10-03,false
INH000029218,Jay Gupta Proprietor Marketline Research,Research Analyst,Active,https://www.sebi.gov.in,2026-10-03,false
INH000029227,Anil patidar Proprietor of Valuematrix Research,Research Analyst,Active,https://www.sebi.gov.in,2026-10-03,false
INH000029236,Raj Kishore Sharma Proprietor of Kuber Research,Research Analyst,Active,https://www.sebi.gov.in,2026-10-03,false
INH000029245,SAGER VAJU CHUDASAMA,Research Analyst,Active,https://www.sebi.gov.in,2026-10-03,false
INH000029254,Moneycontrol Dot Com India Limited,Research Analyst,Active,https://www.sebi.gov.in,2026-10-03,false
INH000029263,RUSHIKESH UDAY GONJARE,Research Analyst,Active,https://www.sebi.gov.in,2026-10-03,false
INH000029272,RITIK ANIL SONI,Research Analyst,Active,https://www.sebi.gov.in,2026-10-03,false
INH000029281,Pooja Dwivedi Proprietor of Maa Kalika Research and Investment,Research Analyst,Active,https://www.sebi.gov.in,2026-10-03,false
INH000029290,RAJEEV RANJAN SHRIVASTAVA PROPRIETOR OF MARKET VEDA,Research Analyst,Active,https://www.sebi.gov.in,2026-10-03,false
INH000029306,GAURAV KUMAR TRIPATHI Proprietor of Capital Insight Research,Research Analyst,Active,https://www.sebi.gov.in,2026-10-03,false
INH000029315,LATHIYA JAIMISH,Research Analyst,Active,https://www.sebi.gov.in,2026-10-03,false
INH000029324,INTELLECT STOCK BROKING LIMITED,Research Analyst,Active,https://www.sebi.gov.in,2026-10-03,false
INH000029333,FUTUREPRIDE WEALTH MANAGEMENT PRIVATE LIMITED,Research Analyst,Active,https://www.sebi.gov.in,2026-10-03,false
INH000029342,SRINIVAS VUDISI,Research Analyst,Active,https://www.sebi.gov.in,2026-10-03,false
INH000029351,SANTANU MAJI,Research Analyst,Active,https://www.sebi.gov.in,2026-10-03,false
INH000029360,ANIRUDDHA J DESHPANDE,Research Analyst,Active,https://www.sebi.gov.in,2026-10-03,false
INH000029379,WEALTH VISION RESEARCH,Research Analyst,Active,https://www.sebi.gov.in,2026-10-03,false
INH000029388,Vikas Garg,Research Analyst,Active,https://www.sebi.gov.in,2026-10-03,false
INH000029397,Yogendra Singh Tomar Proprietor of Grow Capital Research,Research Analyst,Active,https://www.sebi.gov.in,2026-10-03,false
INH000029403,AKHIL AGARWAL,Research Analyst,Active,https://www.sebi.gov.in,2026-10-03,false
INH000029412,Rise Research and Consultancy Services Private Limited,Research Analyst,Active,https://www.sebi.gov.in,2026-10-03,false
INH000029421,PRATIK CHOTHANI PROPRIETOR OF PLUMBLOSSOM RESEARCH,Research Analyst,Active,https://www.sebi.gov.in,2026-10-03,false
INH000029430,Upachaya Wealth Advisors LLP,Research Analyst,Active,https://www.sebi.gov.in,2026-10-03,false
INH000029449,Shree Naman Securities & Finance Private Limited,Research Analyst,Active,https://www.sebi.gov.in,2026-10-03,false
INH000029458,Growing Tree Research Services Private Limited,Research Analyst,Active,https://www.sebi.gov.in,2026-10-03,false
INH000029467,Rahul Pahuja Proprietor of RAYA CAPITAL,Research Analyst,Active,https://www.sebi.gov.in,2026-10-03,false
INH000029476,TradeSmart Fintech Securities Limited,Research Analyst,Active,https://www.sebi.gov.in,2026-10-03,false
INH000029485,Sourabh Gupta,Research Analyst,Active,https://www.sebi.gov.in,2026-10-03,false
INH000029494,SHASHI KUMAR TIWARI Proprietor SKT INVESTMENTS,Research Analyst,Active,https://www.sebi.gov.in,2026-10-03,false
INH000029500,Sarthak Malviya,Research Analyst,Active,https://www.sebi.gov.in,2026-10-03,false
INH000029519,SUMEET JAIN,Research Analyst,Active,https://www.sebi.gov.in,2026-10-03,false
INH000029528,Investology Quant Data Services Private Limited,Research Analyst,Active,https://www.sebi.gov.in,2026-10-03,false
INH000029537,Quantiply Technologies Private Limited,Research Analyst,Active,https://www.sebi.gov.in,2026-10-03,false
INH000029546,Dream Wealth Research Private Limited,Research Analyst,Active,https://www.sebi.gov.in,2026-10-03,false
INH000029555,Sajid Ahmad,Research Analyst,Active,https://www.sebi.gov.in,2026-10-03,false
INH000029564,NEHA SINGH,Research Analyst,Active,https://www.sebi.gov.in,2026-10-03,false
INH000029573,Debotro Sinha,Research Analyst,Active,https://www.sebi.gov.in,2026-10-03,false
INH000029582,Himanshu Bhandari proprietor of Swaastik Investments,Research Analyst,Active,https://www.sebi.gov.in,2026-10-03,false
INH000029591,TIME LINE INVESTMENTS PRIVATE LIMITED,Research Analyst,Active,https://www.sebi.gov.in,2026-10-03,false
INH000029607,Tradeswift Broking Private Limited,Research Analyst,Active,https://www.sebi.gov.in,2026-10-03,false
INH000029616,Rikhav Securities Limited,Research Analyst,Active,https://www.sebi.gov.in,2026-10-03,false
INH000029625,Tiny Epic Solutions Private Limited,Research Analyst,Active,https://www.sebi.gov.in,2026-10-03,false
INH000029634,ABHISHEK GUT,Research Analyst,Active,https://www.sebi.gov.in,2026-10-03,false
INH000029643,VIMALAKEERTHY DEVADOSS,Research Analyst,Active,https://www.sebi.gov.in,2026-10-03,false
INH000029652,TUPAKULA VENKATA RAMANA,Research Analyst,Active,https://www.sebi.gov.in,2026-10-03,false
INH000029661,Vikas Tiwari proprietor of Rightzone Research,Research Analyst,Active,https://www.sebi.gov.in,2026-10-03,false
INH000029670,JIVRAJ WEALTH ADVISORY PRIVATE LIMITED,Research Analyst,Active,https://www.sebi.gov.in,2026-10-03,false
INH000029689,MIRACLES FIN-TECH PRIVATE LIMITED,Research Analyst,Active,https://www.sebi.gov.in,2026-10-03,false
INH000029698,Algouncle Technologies Private Limited,Research Analyst,Active,https://www.sebi.gov.in,2026-10-03,false
INH000029704,Manoj Kumar Kaushik,Research Analyst,Active,https://www.sebi.gov.in,2026-10-03,false
INH000029713,DURGAPRASAD KAMALAKAR KAMAT Proprietor of URMILA AND SONS,Research Analyst,Active,https://www.sebi.gov.in,2026-10-03,false
INH000029722,72 STREET RA PRIVATE LIMITED,Research Analyst,Active,https://www.sebi.gov.in,2026-10-03,false
INH000029731,SURESH CHAND MEENA,Research Analyst,Active,https://www.sebi.gov.in,2026-10-03,false
INH000029740,Yoganathan M,Research Analyst,Active,https://www.sebi.gov.in,2026-10-03,false
INH000029759,BNR Stock Broking Private Limited,Research Analyst,Active,https://www.sebi.gov.in,2026-10-03,false
INH000029768,Aditya Siddharth Mehta,Research Analyst,Active,https://www.sebi.gov.in,2026-10-03,false
INH000029777,ACCENDION,Research Analyst,Active,https://www.sebi.gov.in,2026-10-03,false
INH000029786,Stoxbee Broking Private Limited,Research Analyst,Active,https://www.sebi.gov.in,2026-10-03,false
INH000029795,Vittaara Research Services LLP,Research Analyst,Active,https://www.sebi.gov.in,2026-10-03,false
INH000029801,LGT Capital Markets Private Limited,Research Analyst,Active,https://www.sebi.gov.in,2026-10-03,false
INH000029810,TRADESURF RESEARCH PRIVATE LIMITED,Research Analyst,Active,https://www.sebi.gov.in,2026-10-03,false
INH000029829,Equitypandit Financial Services Private Limited,Research Analyst,Active,https://www.sebi.gov.in,2026-10-03,false
INH000029838,Marathon Trends Advisory Private Limited,Research Analyst,Active,https://www.sebi.gov.in,2026-10-03,false
INH000029847,Trustindex Infrastructure Private Limited,Research Analyst,Active,https://www.sebi.gov.in,2026-10-03,false
INH000029856,Wealthrush Capital Services Private Limited,Research Analyst,Active,https://www.sebi.gov.in,2026-10-03,false
INH000029865,ASHIYANA ALI,Research Analyst,Active,https://www.sebi.gov.in,2026-10-03,false
INH000029874,Deepak Pruthy Proprietor of Wealth with Wisdom,Research Analyst,Active,https://www.sebi.gov.in,2026-10-03,false
INH000029883,Astor Research,Research Analyst,Active,https://www.sebi.gov.in,2026-10-03,false
INH000029892,SHAIK RIYAZ PROPRIETOR OF SHINE STOCKS RESEARCH,Research Analyst,Active,https://www.sebi.gov.in,2026-10-03,false
INH000029908,YB TECHNOLOGIES PRIVATE LIMITED,Research Analyst,Active,https://www.sebi.gov.in,2026-10-03,false
INH000029917,HRUTHIK N,Research Analyst,Active,https://www.sebi.gov.in,2026-10-03,false
INH000029926,Auroshis Rout,Research Analyst,Active,https://www.sebi.gov.in,2026-10-03,false
INH000029935,Praveen Chandra Sour proprietor of Finilyst,Research Analyst,Active,https://www.sebi.gov.in,2026-10-03,false
INH000029944,KAVI KAMBARAJAN,Research Analyst,Active,https://www.sebi.gov.in,2026-10-03,false
INH000029953,RAHUL JAIN,Research Analyst,Active,https://www.sebi.gov.in,2026-10-03,false
INH000029962,BAADSHAH BHAI LIMITED,Research Analyst,Active,https://www.sebi.gov.in,2026-10-03,false
INH000029971,Ajay Murade Proprietor of OneTrade Research,Research Analyst,Active,https://www.sebi.gov.in,2026-10-03,false
INH000029980,Sandeep Kumar Proprietor of Saanvi Research,Research Analyst,Active,https://www.sebi.gov.in,2026-10-03,false
INH000029999,VISIBO CAPITAL,Research Analyst,Active,https://www.sebi.gov.in,2026-10-03,false
INH000030001,VISHNU CA PROPRITER OF ACUMEN ADVISORS,Research Analyst,Active,https://www.sebi.gov.in,2026-10-03,false
INH000030010,Gaurav Kumar,Research Analyst,Active,https://www.sebi.gov.in,2026-10-03,false
INH000030029,Sumit Setia,Research Analyst,Active,https://www.sebi.gov.in,2026-10-03,false
INH000030038,Goldennest Technologies Private Limited,Research Analyst,Active,https://www.sebi.gov.in,2026-10-03,false
INH000030047,Aeonis Technology Private Limited,Research Analyst,Active,https://www.sebi.gov.in,2026-10-03,false
INH000030056,Aakash Abhigyanam Rathore Proprietor of Capital Scope Research,Research Analyst,Active,https://www.sebi.gov.in,2026-10-03,false
INH000030065,NAKAMICHI SECURITIES LTD,Research Analyst,Active,https://www.sebi.gov.in,2026-10-03,false
INH000030074,VINOD N S,Research Analyst,Active,https://www.sebi.gov.in,2026-10-03,false
INH000030083,ANSHUL GARG,Research Analyst,Active,https://www.sebi.gov.in,2026-10-03,false
INH000030092,Abhishek H Singh Proprietor of Wave Talks,Research Analyst,Active,https://www.sebi.gov.in,2026-10-03,false
INH000030108,Rahul Soni Proprietor of Research Gainer,Research Analyst,Active,https://www.sebi.gov.in,2026-10-03,false
INH000030117,MANOJ KUMAR PROPRIETOR OF MK STOCK MARKET RESEARCH SERVICES,Research Analyst,Active,https://www.sebi.gov.in,2026-10-03,false
INH000030126,TRUSTOX FINTECH PRIVATE LIMITED,Research Analyst,Active,https://www.sebi.gov.in,2026-10-03,false
INH000030135,Neha Goyal Proprietor of Value Rich Stock Advisors,Research Analyst,Active,https://www.sebi.gov.in,2026-10-03,false
INH000030144,Dheeraj Sogani Proprietor Lasa Research Services,Research Analyst,Active,https://www.sebi.gov.in,2026-10-03,false
INH000030153,Varsha Gupta Proprietor of Your Research Analyst,Research Analyst,Active,https://www.sebi.gov.in,2026-10-03,false
INH000030162,Piyush Gupta,Research Analyst,Active,https://www.sebi.gov.in,2026-10-03,false
INH000030171,OIGENIE TECHNOLOGIES PRIVATE LIMITED,Research Analyst,Active,https://www.sebi.gov.in,2026-10-03,false
INH000030180,Mahotsav Investment Advisors LLP,Research Analyst,Active,https://www.sebi.gov.in,2026-10-03,false
INH000030199,Arakala Koushik,Research Analyst,Active,https://www.sebi.gov.in,2026-10-03,false
INH000030205,Anamika Singh Baghel,Research Analyst,Active,https://www.sebi.gov.in,2026-10-03,false
INH000030214,THOTA ADHINARAYANA,Research Analyst,Active,https://www.sebi.gov.in,2026-10-03,false
INH000030223,PATIL SONAL SHAILENDRA,Research Analyst,Active,https://www.sebi.gov.in,2026-10-03,false
INH000030232,Trapti Verma,Research Analyst,Active,https://www.sebi.gov.in,2026-10-03,false
INH000030241,PRIYADHARSHAN R PROPRIETOR OF EQUITIFY,Research Analyst,Active,https://www.sebi.gov.in,2026-10-03,false
INH000030250,ROHINI KUMARI,Research Analyst,Active,https://www.sebi.gov.in,2026-10-03,false
INH000030269,DS FINTECH RESEARCH PRIVATE LIMITED,Research Analyst,Active,https://www.sebi.gov.in,2026-10-03,false
INH000030278,Mayurkumar Sharma,Research Analyst,Active,https://www.sebi.gov.in,2026-10-03,false
INH000030287,APOORV DUBEY,Research Analyst,Active,https://www.sebi.gov.in,2026-10-03,false
INH000030296,Nilesh Pandey Proprietor of AIM Trader,Research Analyst,Active,https://www.sebi.gov.in,2026-10-03,false
INH000030302,Ashutosh Sudhindra Kamalapur Proprietor of Canopus Financial Research,Research Analyst,Active,https://www.sebi.gov.in,2026-10-03,false
INH000030311,ROHIT TRIPATHI,Research Analyst,Active,https://www.sebi.gov.in,2026-10-03,false
INH000030320,Patel Naineshkumar BaldevBhai,Research Analyst,Active,https://www.sebi.gov.in,2026-10-03,false
INH000030339,HEMANGI VADHAVANA,Research Analyst,Active,https://www.sebi.gov.in,2026-10-03,false
INH000030348,VINAYAK SETH,Research Analyst,Active,https://www.sebi.gov.in,2026-10-03,false
INH000030357,GANATRA SAMIK DILIPBHAI,Research Analyst,Active,https://www.sebi.gov.in,2026-10-03,false
INH000030366,AVINASH RAJWADE,Research Analyst,Active,https://www.sebi.gov.in,2026-10-03,false
INH000030375,RAKESH JAGATRAO PAWAR,Research Analyst,Active,https://www.sebi.gov.in,2026-10-03,false
INH000030384,NVS Brokerage Private Limited,Research Analyst,Active,https://www.sebi.gov.in,2026-10-03,false
INH000030393,JITENDRA KUMAR PANDEY PROPRIETOR OF EQUIISTOX RESEARCH,Research Analyst,Active,https://www.sebi.gov.in,2026-10-03,false
INH000030409,Simran Sunil Patil Proprietor of Option Grow,Research Analyst,Active,https://www.sebi.gov.in,2026-10-03,false
INH000030418,Harbendra Yadav,Research Analyst,Active,https://www.sebi.gov.in,2026-10-03,false
INH000030427,MALHARI DALVI,Research Analyst,Active,https://www.sebi.gov.in,2026-10-03,false
INH000030436,ANKUSH NAGENDRA PANDEY,Research Analyst,Active,https://www.sebi.gov.in,2026-10-03,false
INH000030445,Varun Pratap Singh Chauhan Proprietor of Tortoise Capital Research Analyst,Research Analyst,Active,https://www.sebi.gov.in,2026-10-03,false
INH000030454,SUPRTRADING FINTECH PRIVATE LIMITED,Research Analyst,Active,https://www.sebi.gov.in,2026-10-03,false
INH000030463,NINE STAR BROKING PRIVATE LIMITED,Research Analyst,Active,https://www.sebi.gov.in,2026-10-03,false
INH000030472,PLUG AND INVEST CONSULTING PRIVATE LIMITED,Research Analyst,Active,https://www.sebi.gov.in,2026-10-03,false
INH000030481,Wisetone Research LLP,Research Analyst,Active,https://www.sebi.gov.in,2026-10-03,false
INH000030490,Archit Mishra Research LLP,Research Analyst,Active,https://www.sebi.gov.in,2026-10-03,false
INH000030506,MAX ALGOS CONSULTANCY SERVICES,Research Analyst,Active,https://www.sebi.gov.in,2026-10-03,false
INH000030515,Ashish Verma,Research Analyst,Active,https://www.sebi.gov.in,2026-10-03,false
INH000030524,Devansh Shivhare Proprietor of Stocked Academy,Research Analyst,Active,https://www.sebi.gov.in,2026-10-03,false
INH000030533,Chirag Rajesh Sejpal,Research Analyst,Active,https://www.sebi.gov.in,2026-10-03,false
INH000030542,Vaibhav Pal Proprietor of EshaayaAI,Research Analyst,Active,https://www.sebi.gov.in,2026-10-03,false
INH000030551,Satyam Awasthi,Research Analyst,Active,https://www.sebi.gov.in,2026-10-03,false
INH000030560,KISHAN SINGH PROPRIETOR OF BULLRUN ANALYTICS,Research Analyst,Active,https://www.sebi.gov.in,2026-10-03,false
INH000030579,ALPHASUN CAPITAL INTELLIGENCE PRIVATE LIMITED,Research Analyst,Active,https://www.sebi.gov.in,2026-10-03,false
INH000030588,Chander Navani proprietor of ALGOGREEK RESEARCH,Research Analyst,Active,https://www.sebi.gov.in,2026-10-03,false
INH000030597,NIRAV J MODASARA,Research Analyst,Active,https://www.sebi.gov.in,2026-10-03,false
INH000030603,ASHISH NARENDRABHAI BAMBHANIYA,Research Analyst,Active,https://www.sebi.gov.in,2026-10-03,false
INH000030612,Amit Kumar Singh,Research Analyst,Active,https://www.sebi.gov.in,2026-10-03,false
INH000030621,MONEYVEDA RESEARCH PRIVATE LIMITED,Research Analyst,Active,https://www.sebi.gov.in,2026-10-03,false
INH000030630,DAYANAND BONGALE,Research Analyst,Active,https://www.sebi.gov.in,2026-10-03,false
INH000030649,Sujal Hanumant Salgude Patil,Research Analyst,Active,https://www.sebi.gov.in,2026-10-03,false
INH000030658,Vivek Kumar Gupta,Research Analyst,Active,https://www.sebi.gov.in,2026-10-03,false
INH000030667,INFIGLOBE INSIGHTS PRIVATE LIMITED,Research Analyst,Active,https://www.sebi.gov.in,2026-10-03,false
INH000030676,Dhiraj Chowdhary,Research Analyst,Active,https://www.sebi.gov.in,2026-10-03,false
INH000030685,Hardik Bhatia,Research Analyst,Active,https://www.sebi.gov.in,2026-10-03,false
INH000030694,Manoj Rathore,Research Analyst,Active,https://www.sebi.gov.in,2026-10-03,false
INH000030700,Priyanka Singh Proprietor of Moneyara Research,Research Analyst,Active,https://www.sebi.gov.in,2026-10-03,false
INH000030719,SANJAY KUMAR KANTILAL MOTA,Research Analyst,Active,https://www.sebi.gov.in,2026-10-03,false
INH000030728,STOCKSVYAPAAR,Research Analyst,Active,https://www.sebi.gov.in,2026-10-03,false
INH000030737,TRADING IDEAS ADVISORY,Research Analyst,Active,https://www.sebi.gov.in,2026-10-03,false
INH000030746,BHAWNA MANJHI PROPRIETOR OF MANJHI STOCKS RESEARCH ANALYST,Research Analyst,Active,https://www.sebi.gov.in,2026-10-03,false
INH000030755,Tarun Kumar Chaurasia,Research Analyst,Active,https://www.sebi.gov.in,2026-10-03,false
INH000032382,Rohan,Research Analyst,Active,https://www.sebi.gov.in,2026-10-03,false
INH100000528,TRUSTLINE SECURIITES LTD,Research Analyst,Active,https://www.sebi.gov.in,2026-10-03,false
INH100000726,Sudarshan Sukhani - Proprietor : Technical Trends,Research Analyst,Active,https://www.sebi.gov.in,2026-10-03,false
INH100000908,MAHESH CHANDER KAUSHIK,Research Analyst,Active,https://www.sebi.gov.in,2026-10-03,false
INH100001187,GLOBE CAPITAL MARKET LTD,Research Analyst,Active,https://www.sebi.gov.in,2026-10-03,false
INH100001609,KUNAL SARAOGI,Research Analyst,Active,https://www.sebi.gov.in,2026-10-03,false
INH100001625,MANAS JAISWAL,Research Analyst,Active,https://www.sebi.gov.in,2026-10-03,false
INH100001666,BONANZA PORTFOLIO LTD.,Research Analyst,Active,https://www.sebi.gov.in,2026-10-03,false
INH100001690,EKANSH MITTAL PROPRIETOR M/S MITTAL CONSULTING,Research Analyst,Active,https://www.sebi.gov.in,2026-10-03,false
INH100001849,SMC GLOBAL SECURITIES LTD,Research Analyst,Active,https://www.sebi.gov.in,2026-10-03,false
INH100001930,M/S. IFCI FINANCIAL SERVICES LTD,Research Analyst,Active,https://www.sebi.gov.in,2026-10-03,false
INH100001948,MANISH KUMAR SARRAF PROP MS IBN SERVICES,Research Analyst,Active,https://www.sebi.gov.in,2026-10-03,false
INH100002250,HEM SECURITIES LIMITED,Research Analyst,Active,https://www.sebi.gov.in,2026-10-03,false
INH100002300,ELITE WEALTH LIMITED,Research Analyst,Active,https://www.sebi.gov.in,2026-10-03,false
INH100002615,ARETE SECURITIES LIMITED,Research Analyst,Active,https://www.sebi.gov.in,2026-10-03,false
INH100002862,BAJAJ CAPITAL MARKETS LIMITED,Research Analyst,Active,https://www.sebi.gov.in,2026-10-03,false
INH100003043,PANKAJ GUPTA,Research Analyst,Active,https://www.sebi.gov.in,2026-10-03,false
INH100003084,ADROIT FINANCIAL SERVICES PVT LTD,Research Analyst,Active,https://www.sebi.gov.in,2026-10-03,false
INH100003274,MANSUKH SECURITIES & FINANCE LIMITED,Research Analyst,Active,https://www.sebi.gov.in,2026-10-03,false
INH100003282,RAKESH KUMAR SINGHAL,Research Analyst,Active,https://www.sebi.gov.in,2026-10-03,false
INH100003381,ANAND KUMAR TANTIA,Research Analyst,Active,https://www.sebi.gov.in,2026-10-03,false
INH100004526,Rajiv Aggarwal,Research Analyst,Active,https://www.sebi.gov.in,2026-10-03,false
INH100004571,WEALTH DISCOVERY SECURITIES PRIVATE LIMITED,Research Analyst,Active,https://www.sebi.gov.in,2026-10-03,false
INH100004775,Manish Goel,Research Analyst,Active,https://www.sebi.gov.in,2026-10-03,false
INH100004872,ALMONDZ GLOBAL SECURITIES LIMITED,Research Analyst,Active,https://www.sebi.gov.in,2026-10-03,false
INH100004951,jasmeet singh,Research Analyst,Active,https://www.sebi.gov.in,2026-10-03,false
INH100005011,SHARE INDIA SECURITIES LIMITED,Research Analyst,Active,https://www.sebi.gov.in,2026-10-03,false
INH100005048,VIJAY KUMAR PATHAK,Research Analyst,Active,https://www.sebi.gov.in,2026-10-03,false
INH100005093,SUMEET KUMAR,Research Analyst,Active,https://www.sebi.gov.in,2026-10-03,false
INH100005190,AMIT GURUH SACHDEVA,Research Analyst,Active,https://www.sebi.gov.in,2026-10-03,false
INH100005349,Hemander Jain,Research Analyst,Active,https://www.sebi.gov.in,2026-10-03,false
INH100005419,vibhor varshney,Research Analyst,Active,https://www.sebi.gov.in,2026-10-03,false
INH100005446,VINIT GUPTA,Research Analyst,Active,https://www.sebi.gov.in,2026-10-03,false
INH100005525,Vivek Sagar,Research Analyst,Active,https://www.sebi.gov.in,2026-10-03,false
INH100005604,GAURAV GARG,Research Analyst,Active,https://www.sebi.gov.in,2026-10-03,false
INH100005677,Diwakar Prasad Vyas,Research Analyst,Active,https://www.sebi.gov.in,2026-10-03,false
INH100005792,Shreeyam Securities Limited,Research Analyst,Active,https://www.sebi.gov.in,2026-10-03,false
INH100006427,"Parveen Kumar Sharma, Prop.10paisa.com",Research Analyst,Active,https://www.sebi.gov.in,2026-10-03,false
INH100006667,SEEMA JAIN,Research Analyst,Active,https://www.sebi.gov.in,2026-10-03,false
INH100006977,Religare Broking Limited,Research Analyst,Active,https://www.sebi.gov.in,2026-10-03,false
INH100007082,ASHISH KAPUR,Research Analyst,Active,https://www.sebi.gov.in,2026-10-03,false
INH100007116,Ravi Kumar Sharma,Research Analyst,Active,https://www.sebi.gov.in,2026-10-03,false
INH100007231,Ankit Gupta Proprietor of Wealth Consultant,Research Analyst,Active,https://www.sebi.gov.in,2026-10-03,false
INH100007310,Bharat Bhushan Equity Traders Ltd,Research Analyst,Active,https://www.sebi.gov.in,2026-10-03,false
INH100007639,MIR UNISERV,Research Analyst,Active,https://www.sebi.gov.in,2026-10-03,false
INH100007736,Rajat Devgan,Research Analyst,Active,https://www.sebi.gov.in,2026-10-03,false
INH100007879,KAPIL VERMA,Research Analyst,Active,https://www.sebi.gov.in,2026-10-03,false
INH100007985,Vishal Gupta Proprietor of VG STOCK RESEARCH,Research Analyst,Active,https://www.sebi.gov.in,2026-10-03,false
INH100008230,Vipin Kumar Pandey Proprietor of Uttam Financial Services,Research Analyst,Active,https://www.sebi.gov.in,2026-10-03,false
INH100008364,Vijay Malik,Research Analyst,Active,https://www.sebi.gov.in,2026-10-03,false
INH100008513,GREEN PORTFOLIO PRIVATE LIMITED,Research Analyst,Active,https://www.sebi.gov.in,2026-10-03,false
INH100008638,Sanyam Vaish,Research Analyst,Active,https://www.sebi.gov.in,2026-10-03,false
INH100008717,WEEKENDINVESTING ANALYTICS PRIVATE LIMITED,Research Analyst,Active,https://www.sebi.gov.in,2026-10-03,false
INH100008726,Gaurav Sharma,Research Analyst,Active,https://www.sebi.gov.in,2026-10-03,false
INH100008780,SANGITA RANI,Research Analyst,Active,https://www.sebi.gov.in,2026-10-03,false
INH100008799,stockbox technologies private limited,Research Analyst,Active,https://www.sebi.gov.in,2026-10-03,false
INH100008939,Ashish Kumar Proprietor of Stoxbazar,Research Analyst,Active,https://www.sebi.gov.in,2026-10-03,false
INH100008975,Himanshu Gupta,Research Analyst,Active,https://www.sebi.gov.in,2026-10-03,false
INH100008984,Rakesh Bansal Ventures,Research Analyst,Active,https://www.sebi.gov.in,2026-10-03,false
INH100009080,Rohit Mehta,Research Analyst,Active,https://www.sebi.gov.in,2026-10-03,false
INH100009327,Amit Kumar Gupta,Research Analyst,Active,https://www.sebi.gov.in,2026-10-03,false
INH100009336,Tarun Shandil,Research Analyst,Active,https://www.sebi.gov.in,2026-10-03,false
INH100009345,Prabhat Kumar,Research Analyst,Active,https://www.sebi.gov.in,2026-10-03,false
INH100009363,Jasleen Kaur Bath,Research Analyst,Active,https://www.sebi.gov.in,2026-10-03,false
INH100009433,SUSHIL KUMAR,Research Analyst,Active,https://www.sebi.gov.in,2026-10-03,false
INH100009451,SAMRI TECHNOLOGIES,Research Analyst,Active,https://www.sebi.gov.in,2026-10-03,false
INH100009628,UJVIN NEVATIA (PROPRIETOR: NEVAT INVESTMENTS),Research Analyst,Active,https://www.sebi.gov.in,2026-10-03,false
INH100009707,ShivamGoel,Research Analyst,Active,https://www.sebi.gov.in,2026-10-03,false
INH100009752,VIDFIN TECHNOLOGIES PRIVATE LIMITED,Research Analyst,Active,https://www.sebi.gov.in,2026-10-03,false
INH100009901,MONEY BELLS GLOBAL RESEARCH SERVICES PRIVATE LIMITED,Research Analyst,Active,https://www.sebi.gov.in,2026-10-03,false
INH100009956,Mohit Kumar Proprietor of M/s TechoFunda,Research Analyst,Active,https://www.sebi.gov.in,2026-10-03,false
INH100009965,Shaifali Sharma Proprietor of Stock Kart,Research Analyst,Active,https://www.sebi.gov.in,2026-10-03,false
INH100009992,Vinayak Gautam,Research Analyst,Active,https://www.sebi.gov.in,2026-10-03,false
INH100010013,Amiteshwar Singh Proprietor of Researchlyne.com,Research Analyst,Active,https://www.sebi.gov.in,2026-10-03,false
INH100893674,OJ FINANCIAL SERVICES LTD,Research Analyst,Active,https://www.sebi.gov.in,2026-10-03,false
INH200000402,CHOLAMANDALAM SECURITIES LIMITED.,Research Analyst,Active,https://www.sebi.gov.in,2026-10-03,false
INH200000840,SYSTEMATIX SHARES & STOCKS (I) LTD,Research Analyst,Active,https://www.sebi.gov.in,2026-10-03,false
INH200001384,S. KARTHIKEYAN,Research Analyst,Active,https://www.sebi.gov.in,2026-10-03,false
INH200001483,NARAYANAN SRINIVASAN,Research Analyst,Active,https://www.sebi.gov.in,2026-10-03,false
INH200001996,STOCKHIFI ADVISORY SERVICES PRIVATE LIMITED,Research Analyst,Active,https://www.sebi.gov.in,2026-10-03,false
INH200002747,PUNIT S JAIN (PROPRIETOR OF JAIN MATRIX INVESTMENTS),Research Analyst,Active,https://www.sebi.gov.in,2026-10-03,false
INH200002820,DBFS SECURITIES LIMITED,Research Analyst,Active,https://www.sebi.gov.in,2026-10-03,false
INH200002978,Rocket Trades,Research Analyst,Active,https://www.sebi.gov.in,2026-10-03,false
INH200003000,VALARMURUGAN S PROPRIETOR OF EQSIS CAPITAL MARKET RESEARCH,Research Analyst,Active,https://www.sebi.gov.in,2026-10-03,false
INH200003026,ACUMEN CAPITAL MARKET (INDIA) LIMITED,Research Analyst,Active,https://www.sebi.gov.in,2026-10-03,false
INH200003109,CAPSTOCKS AND SECURITIES (INDIA) PRIVATE LIMITED,Research Analyst,Active,https://www.sebi.gov.in,2026-10-03,false
INH200003240,SUHANI ADILABADKAR,Research Analyst,Active,https://www.sebi.gov.in,2026-10-03,false
INH200003687,Shriram Insight Share Brokers Limited,Research Analyst,Active,https://www.sebi.gov.in,2026-10-03,false
INH200004648,LOGESH KUMAR S,Research Analyst,Active,https://www.sebi.gov.in,2026-10-03,false
INH200004675,AMBALAL SHARES & STOCKS PRIVATE LIMITED,Research Analyst,Active,https://www.sebi.gov.in,2026-10-03,false
INH200004693,SURYADEV BANDARI,Research Analyst,Active,https://www.sebi.gov.in,2026-10-03,false
INH200004815,Sony Joseph,Research Analyst,Active,https://www.sebi.gov.in,2026-10-03,false
INH200005115,P V MURALI KRISHNA,Research Analyst,Active,https://www.sebi.gov.in,2026-10-03,false
INH200005179,GOODWILL WEALTH MANAGEMENT PVT LTD,Research Analyst,Active,https://www.sebi.gov.in,2026-10-03,false
INH200005212,M Thara,Research Analyst,Active,https://www.sebi.gov.in,2026-10-03,false
INH200005656,R HARESH,Research Analyst,Active,https://www.sebi.gov.in,2026-10-03,false
INH200005832,Ragavendhraperumall,Research Analyst,Active,https://www.sebi.gov.in,2026-10-03,false
INH200006044,ZEBU SHARE AND WEALTH MANAGEMENTS PRIVATE LIMITED,Research Analyst,Active,https://www.sebi.gov.in,2026-10-03,false
INH200006309,Kareti Srinivasa Reddy,Research Analyst,Active,https://www.sebi.gov.in,2026-10-03,false
INH200006451,BINOY JOY,Research Analyst,Active,https://www.sebi.gov.in,2026-10-03,false
INH200006530,INTEGRATED ENTERPRISES INDIA PVT. LTD,Research Analyst,Active,https://www.sebi.gov.in,2026-10-03,false
INH200006576,INDBANK MERCHANT BANKING SERVICES LIMITED,Research Analyst,Active,https://www.sebi.gov.in,2026-10-03,false
INH200006789,BgSE Financials Limited,Research Analyst,Active,https://www.sebi.gov.in,2026-10-03,false
INH200006895,Riskilla Software Technologies Private Limited,Research Analyst,Active,https://www.sebi.gov.in,2026-10-03,false
INH200006929,Vivek prashant,Research Analyst,Active,https://www.sebi.gov.in,2026-10-03,false
INH200006956,JEAN PAUL V.A,Research Analyst,Active,https://www.sebi.gov.in,2026-10-03,false
INH200007016,Rajendra Balusu Proprietor of Equidius Research,Research Analyst,Active,https://www.sebi.gov.in,2026-10-03,false
INH200007025,Vasiraju Sundar Raja,Research Analyst,Active,https://www.sebi.gov.in,2026-10-03,false
INH200007061,SANTHOSH A,Research Analyst,Active,https://www.sebi.gov.in,2026-10-03,false
INH200007140,Ronak Kumar Maloo,Research Analyst,Active,https://www.sebi.gov.in,2026-10-03,false
INH200007247,IPLUS Research Analyst,Research Analyst,Active,https://www.sebi.gov.in,2026-10-03,false
INH200007256,panelil vishnu menon,Research Analyst,Active,https://www.sebi.gov.in,2026-10-03,false
INH200007326,Akshay Bothra,Research Analyst,Active,https://www.sebi.gov.in,2026-10-03,false
INH200007335,VERTEX SECURITIES LTD,Research Analyst,Active,https://www.sebi.gov.in,2026-10-03,false
INH200007353,ARUN,Research Analyst,Active,https://www.sebi.gov.in,2026-10-03,false
INH200007399,MURUGESAN CHANDRASEKARAN,Research Analyst,Active,https://www.sebi.gov.in,2026-10-03,false
INH200007432,Srikanth Keshavamurthy,Research Analyst,Active,https://www.sebi.gov.in,2026-10-03,false
INH200007539,Sathish Kavinchal Proprietor Aferrous Enterprises,Research Analyst,Active,https://www.sebi.gov.in,2026-10-03,false
INH200007548,G Vijay Raghavan,Research Analyst,Active,https://www.sebi.gov.in,2026-10-03,false
INH200007575,S Annamalai,Research Analyst,Active,https://www.sebi.gov.in,2026-10-03,false
INH200007584,Raju Angadi Vishwanath,Research Analyst,Active,https://www.sebi.gov.in,2026-10-03,false
INH200007645,Windmill Capital Private Limited,Research Analyst,Active,https://www.sebi.gov.in,2026-10-03,false
INH200007724,VIMAL K,Research Analyst,Active,https://www.sebi.gov.in,2026-10-03,false
INH200007821,RAJESH RANJAN,Research Analyst,Active,https://www.sebi.gov.in,2026-10-03,false
INH200008006,Sampadha,Research Analyst,Active,https://www.sebi.gov.in,2026-10-03,false
INH200008024,FINNOVEST RESEARCH,Research Analyst,Active,https://www.sebi.gov.in,2026-10-03,false
INH200008583,INVESTORAI ANALYTICS INDIA LLP,Research Analyst,Active,https://www.sebi.gov.in,2026-10-03,false
INH200008592,J NAVEEN,Research Analyst,Active,https://www.sebi.gov.in,2026-10-03,false
INH200008608,Dhwani Patel,Research Analyst,Active,https://www.sebi.gov.in,2026-10-03,false
INH200008644,PANKAJ SINGH,Research Analyst,Active,https://www.sebi.gov.in,2026-10-03,false
INH200008653,PrimeInvestor Financial Research Private Limited,Research Analyst,Active,https://www.sebi.gov.in,2026-10-03,false
INH200008662,Groww Invest Tech Private Limited,Research Analyst,Active,https://www.sebi.gov.in,2026-10-03,false
INH200008705,WAY2WEALTH BROKERS PRIVATE LIMITED,Research Analyst,Active,https://www.sebi.gov.in,2026-10-03,false
INH200008802,NAZARETH WEALTH PRIVATE LIMITED,Research Analyst,Active,https://www.sebi.gov.in,2026-10-03,false
INH200008954,Spark PWM Private Limited,Research Analyst,Active,https://www.sebi.gov.in,2026-10-03,false
INH200009014,Malapaka Venkata Siva Rama Krishna Durga Prasad,Research Analyst,Active,https://www.sebi.gov.in,2026-10-03,false
INH200009193,AAA PROFIT ANALYTICS PRIVATE LIMITED,Research Analyst,Active,https://www.sebi.gov.in,2026-10-03,false
INH200009218,RAJENDRA PRASAD MIKKILINENI - Proprietor of KLM INVESTING SCHOOL,Research Analyst,Active,https://www.sebi.gov.in,2026-10-03,false
INH200009351,HARIPRASAD K,Research Analyst,Active,https://www.sebi.gov.in,2026-10-03,false
INH200009500,Deekonda Vishnuvardhan,Research Analyst,Active,https://www.sebi.gov.in,2026-10-03,false
INH200009722,Spark Institutional Equities Private Limited,Research Analyst,Active,https://www.sebi.gov.in,2026-10-03,false
INH200009795,VENKATA SUBRAHMANYAM GUTALA,Research Analyst,Active,https://www.sebi.gov.in,2026-10-03,false
INH200009935,MODERN ALGOS PRIVATE LIMITED,Research Analyst,Active,https://www.sebi.gov.in,2026-10-03,false
INH200009944,Himanshu Dugar,Research Analyst,Active,https://www.sebi.gov.in,2026-10-03,false
INH200009971,Praveen Gramle- Proprietor of Ananya Research,Research Analyst,Active,https://www.sebi.gov.in,2026-10-03,false
INH200010001,SHARES BAZAAR PRIVATE LIMITED,Research Analyst,Active,https://www.sebi.gov.in,2026-10-03,false
INH300000211,360 ONE Capital Market Private Limited,Research Analyst,Active,https://www.sebi.gov.in,2026-10-03,false
INH300001474,SMIFS LIMITED,Research Analyst,Active,https://www.sebi.gov.in,2026-10-03,false
INH300002365,PEERLESS SECURITIES LTD.,Research Analyst,Active,https://www.sebi.gov.in,2026-10-03,false
INH300002902,SKP SECURITIES LIMITED,Research Analyst,Active,https://www.sebi.gov.in,2026-10-03,false
INH300002910,EUREKA STOCK & SHARE BROKING SERVICES LTD.,Research Analyst,Active,https://www.sebi.gov.in,2026-10-03,false
INH300003231,EAST INDIA SECURITIES LTD,Research Analyst,Active,https://www.sebi.gov.in,2026-10-03,false
INH300003306,SIMI BHAUMIK,Research Analyst,Active,https://www.sebi.gov.in,2026-10-03,false
INH300003520,BNK SECURITIES PVT LTD,Research Analyst,Active,https://www.sebi.gov.in,2026-10-03,false
INH300004858,RAJIV GUPTA,Research Analyst,Active,https://www.sebi.gov.in,2026-10-03,false
INH300005006,MADHUMITA BANERJEE,Research Analyst,Active,https://www.sebi.gov.in,2026-10-03,false
INH300006500,NARNOLIA FINANCIAL SERVICES LIMITED,Research Analyst,Active,https://www.sebi.gov.in,2026-10-03,false
INH300006582,ARIJIT BANERJEE,Research Analyst,Active,https://www.sebi.gov.in,2026-10-03,false
INH300006616,Somnath Dey Proprietor of White Horse Research,Research Analyst,Active,https://www.sebi.gov.in,2026-10-03,false
INH300006731,SPARK SECURITIES PRIVATE LIMITED,Research Analyst,Active,https://www.sebi.gov.in,2026-10-03,false
INH300006962,Bitupan Majumdar,Research Analyst,Active,https://www.sebi.gov.in,2026-10-03,false
INH300007402,VCK SHARE AND STOCK BROKING SERVICES LIMITED,Research Analyst,Active,https://www.sebi.gov.in,2026-10-03,false
INH300007411,SANTOSH KUMAR KEJRIWAL SECURITIES PVT LTD,Research Analyst,Active,https://www.sebi.gov.in,2026-10-03,false
INH300007493,Stockedge Fintech Private Limited,Research Analyst,Active,https://www.sebi.gov.in,2026-10-03,false
INH300007970,EFOREQUITY,Research Analyst,Active,https://www.sebi.gov.in,2026-10-03,false
INH300008030,Susmit Mukherjee,Research Analyst,Active,https://www.sebi.gov.in,2026-10-03,false
INH300008155,VIKASH BAGARIA,Research Analyst,Active,https://www.sebi.gov.in,2026-10-03,false
INH300008401,AVIJIT METE,Research Analyst,Active,https://www.sebi.gov.in,2026-10-03,false
INH300008438,Kaushik Dutta,Research Analyst,Active,https://www.sebi.gov.in,2026-10-03,false
INH300008465,Abhay Kumar,Research Analyst,Active,https://www.sebi.gov.in,2026-10-03,false
INH300008757,SUMIT PAL PROPRIETOR OF SNS FIN SOLUTIONS,Research Analyst,Active,https://www.sebi.gov.in,2026-10-03,false
INH300008863,Freedom Investors Research Academy Private Limited,Research Analyst,Active,https://www.sebi.gov.in,2026-10-03,false
INH300008872,ANKIT AGARWAL,Research Analyst,Active,https://www.sebi.gov.in,2026-10-03,false
INH300008881,JRK STOCK BROKING PVT LIMITED,Research Analyst,Active,https://www.sebi.gov.in,2026-10-03,false
INH300009172,AMIT SETH,Research Analyst,Active,https://www.sebi.gov.in,2026-10-03,false
INH300009233,GOLDILOCKS PREMIUM RESEARCH PVT LTD,Research Analyst,Active,https://www.sebi.gov.in,2026-10-03,false
INH300009880,Rupal Saraogi,Research Analyst,Active,https://www.sebi.gov.in,2026-10-03,false
INH300009914,KRISHNA KUMAR PATHAK,Research Analyst,Active,https://www.sebi.gov.in,2026-10-03,false
INH300009923,Vikash Goel Proprietor Omnifin Solutions,Research Analyst,Active,https://www.sebi.gov.in,2026-10-03,false
INH300010026,Shree Bahubali Stock Broking Limited,Research Analyst,Active,https://www.sebi.gov.in,2026-10-03,false
INZ000000003,SAMPLE BROKING HOUSE (DEMO),Stock Broker,Active,https://www.sebi.gov.in,2026-03-01,true
INB010000116,ASHOK SUNDERLAL,Stock Broker (Equity),Active,https://www.sebi.gov.in,2026-10-03,false
INB010001115,ASHOK KUMAR KISHORILAL DAMANI,Stock Broker (Equity),Active,https://www.sebi.gov.in,2026-10-03,false
INB010002310,BHOGILAL V. BHANSHALI,Stock Broker (Equity),Active,https://www.sebi.gov.in,2026-10-03,false
INB010002515,BHUPENDRA MEGHJI BHEDA,Stock Broker (Equity),Active,https://www.sebi.gov.in,2026-10-03,false
INB010002819,BHAGWANDAS GORDHANDAS,Stock Broker (Equity),Active,https://www.sebi.gov.in,2026-10-03,false
INB010003319,BIPIN K. KAPADIA,Stock Broker (Equity),Active,https://www.sebi.gov.in,2026-10-03,false
INB010003514,BHOGILAL JETHALAL SHAH,Stock Broker (Equity),Active,https://www.sebi.gov.in,2026-10-03,false
INB010005219,CHANDRAVADAN BHAICHAND MUCHHALA,Stock Broker (Equity),Active,https://www.sebi.gov.in,2026-10-03,false
INB010007716,GANGADHAR YESHWANT BHANDARE,Stock Broker (Equity),Active,https://www.sebi.gov.in,2026-10-03,false
INB010007814,GIRDHARILAL DHANRAJ KHAITAN,Stock Broker (Equity),Active,https://www.sebi.gov.in,2026-10-03,false
INB010008216,GOVIND PRASAD K. PODDAR,Stock Broker (Equity),Active,https://www.sebi.gov.in,2026-10-03,false
INB010009616,INDUKUMAR B. ROONGTA,Stock Broker (Equity),Active,https://www.sebi.gov.in,2026-10-03,false
INB010009714,JAGDISH PANALAL GANDHI,Stock Broker (Equity),Active,https://www.sebi.gov.in,2026-10-03,false
INB010010410,JAIPRAKASH DHANRAJ KHAITAN,Stock Broker (Equity),Active,https://www.sebi.gov.in,2026-10-03,false
INB010010517,J. DHIRAJLAL MAGANLAL,Stock Broker (Equity),Active,https://www.sebi.gov.in,2026-10-03,false
INB010012016,KIRTIKUMAR FULCHAND VORA,Stock Broker (Equity),Active,https://www.sebi.gov.in,2026-10-03,false
INB010013015,KETAN S. SHAH,Stock Broker (Equity),Active,https://www.sebi.gov.in,2026-10-03,false
INB010013514,LALITKUMAR DWARKADAS,Stock Broker (Equity),Active,https://www.sebi.gov.in,2026-10-03,false
INB010014014,MANSUKHLAL MANILAL UPADHYAY,Stock Broker (Equity),Active,https://www.sebi.gov.in,2026-10-03,false
INB010014513,MOHAMED SHAFI BARWADIA,Stock Broker (Equity),Active,https://www.sebi.gov.in,2026-10-03,false
INB010016619,MANJEET H. GANDHI,Stock Broker (Equity),Active,https://www.sebi.gov.in,2026-10-03,false
INB010019117,PRADIP SHREEKRISHNA NARSARIA,Stock Broker (Equity),Active,https://www.sebi.gov.in,2026-10-03,false
INB010019812,PANKAJ JAYANTILAL JARIWALA,Stock Broker (Equity),Active,https://www.sebi.gov.in,2026-10-03,false
INB010021419,RADHESHYAM CHIRANJILAL GOENKA,Stock Broker (Equity),Active,https://www.sebi.gov.in,2026-10-03,false
INB010022114,R R MOHTA,Stock Broker (Equity),Active,https://www.sebi.gov.in,2026-10-03,false
INB010022310,RAJSHEKHAR AGRAWAL,Stock Broker (Equity),Active,https://www.sebi.gov.in,2026-10-03,false
INB010023015,RASHEID JAMSHEID TALEYARKHAN,Stock Broker (Equity),Active,https://www.sebi.gov.in,2026-10-03,false
INB010024611,SURENDRA BHAGWANDAS,Stock Broker (Equity),Active,https://www.sebi.gov.in,2026-10-03,false
INB010025219,SUDESHKUMAR D SABOO,Stock Broker (Equity),Active,https://www.sebi.gov.in,2026-10-03,false
INB010025816,SHRENIK KUMARPAL JHAVERI,Stock Broker (Equity),Active,https://www.sebi.gov.in,2026-10-03,false
INB010027119,SHAILESH SHAH,Stock Broker (Equity),Active,https://www.sebi.gov.in,2026-10-03,false
INB010027510,SHANTILAL CHAMPALAL KARNAWAT,Stock Broker (Equity),Active,https://www.sebi.gov.in,2026-10-03,false
INB010028813,TUSHAR BEDI,Stock Broker (Equity),Active,https://www.sebi.gov.in,2026-10-03,false
INB010029215,ULLHAS CHANDRAKANT PAYMASTER,Stock Broker (Equity),Active,https://www.sebi.gov.in,2026-10-03,false
INB010031311,JAVAHIR JAYSUKHLAL JAGIRDAR,Stock Broker (Equity),Active,https://www.sebi.gov.in,2026-10-03,false
INB010033015,MUKUL HARKISONDASS,Stock Broker (Equity),Active,https://www.sebi.gov.in,2026-10-03,false
INB010433827,BHUPENDRA TALAKCHAND MEHTA,Stock Broker (Equity),Active,https://www.sebi.gov.in,2026-10-03,false
INB010436628,JATIN ASHOK KHANDWALA,Stock Broker (Equity),Active,https://www.sebi.gov.in,2026-10-03,false
INB010437823,MAHESHKUMAR TRIKAMDAS,Stock Broker (Equity),Active,https://www.sebi.gov.in,2026-10-03,false
INB010439929,PARESH J KHANDWALA,Stock Broker (Equity),Active,https://www.sebi.gov.in,2026-10-03,false
INB010441721,SURESH F. GUNDARIA,Stock Broker (Equity),Active,https://www.sebi.gov.in,2026-10-03,false
INB010442622,UMESH BASUDEO DHARNIDHARKA,Stock Broker (Equity),Active,https://www.sebi.gov.in,2026-10-03,false
INB010443729,YOGESH BASUDEO DHARNIDHARKA,Stock Broker (Equity),Active,https://www.sebi.gov.in,2026-10-03,false
INB010468430,JSB SECURITIES LTD.,Stock Broker (Equity),Active,https://www.sebi.gov.in,2026-10-03,false
INB010468635,NIMESH N KAMPANI,Stock Broker (Equity),Active,https://www.sebi.gov.in,2026-10-03,false
INB010472515,UPEN MUGATLAL DOSHI,Stock Broker (Equity),Active,https://www.sebi.gov.in,2026-10-03,false
INB010472819,AJAY GUPTA,Stock Broker (Equity),Active,https://www.sebi.gov.in,2026-10-03,false
INB010480312,DAMODARPRASAD R. SABOO,Stock Broker (Equity),Active,https://www.sebi.gov.in,2026-10-03,false
INB010480615,HARESH SHATICHAND JHAVERI,Stock Broker (Equity),Active,https://www.sebi.gov.in,2026-10-03,false
INB010481017,PARESH BHAGWANDAS SHAH,Stock Broker (Equity),Active,https://www.sebi.gov.in,2026-10-03,false
INB010481623,KIRTILAL K. SHAH,Stock Broker (Equity),Active,https://www.sebi.gov.in,2026-10-03,false
INB010555433,NEMISH SHANTILAL SHAH,Stock Broker (Equity),Active,https://www.sebi.gov.in,2026-10-03,false
INB010564719,MAHESH JETHALAL DOSHI,Stock Broker (Equity),Active,https://www.sebi.gov.in,2026-10-03,false
INB010565013,MANOJ MOOLCHAND SHAH,Stock Broker (Equity),Active,https://www.sebi.gov.in,2026-10-03,false
INB010565219,PARIKSHIT RAJARAM JOSHI,Stock Broker (Equity),Active,https://www.sebi.gov.in,2026-10-03,false
INB010576325,M.K. POLADIA,Stock Broker (Equity),Active,https://www.sebi.gov.in,2026-10-03,false
INB010579215,BHARAT RAMKRISHNA SEKHSARIA,Stock Broker (Equity),Active,https://www.sebi.gov.in,2026-10-03,false
INB010598234,MUKESH BABU SECURITIES LTD,Stock Broker (Equity),Active,https://www.sebi.gov.in,2026-10-03,false
INB010602613,AKBAR A. POONAWALA,Stock Broker (Equity),Active,https://www.sebi.gov.in,2026-10-03,false
INB010608033,RBS EQUITIES (INDIA) LIMITED,Stock Broker (Equity),Active,https://www.sebi.gov.in,2026-10-03,false
INB010613319,MAHENDRAKUMAR GANGJI RAMBHIA,Stock Broker (Equity),Active,https://www.sebi.gov.in,2026-10-03,false
INB010638332,JAGRUTI SECURITIES LTD,Stock Broker (Equity),Active,https://www.sebi.gov.in,2026-10-03,false
INB010648617,AJAY GOENKA,Stock Broker (Equity),Active,https://www.sebi.gov.in,2026-10-03,false
INB010652132,CLASSIC SHR & STK BRKNG SERVS LTD,Stock Broker (Equity),Active,https://www.sebi.gov.in,2026-10-03,false
INB010675530,PANORAMA SHARES & STOCK BROKERS LTD,Stock Broker (Equity),Active,https://www.sebi.gov.in,2026-10-03,false
INB010675718,SAROJ C. AGARWAL,Stock Broker (Equity),Active,https://www.sebi.gov.in,2026-10-03,false
INB010706639,IDBI CAPITAL MARKET SERVICES LTD.,Stock Broker (Equity),Active,https://www.sebi.gov.in,2026-10-03,false
INB010722230,MAHESHWARI EQUITY BROKERS PVT. LTD.,Stock Broker (Equity),Active,https://www.sebi.gov.in,2026-10-03,false
INB010722926,NAGJI DEVJI NISAR,Stock Broker (Equity),Active,https://www.sebi.gov.in,2026-10-03,false
INB010770437,KUMAR SHARE BROKERS LIMITED,Stock Broker (Equity),Active,https://www.sebi.gov.in,2026-10-03,false
INB010776830,ACCORD CAPITAL MARKETS LTD.,Stock Broker (Equity),Active,https://www.sebi.gov.in,2026-10-03,false
INB010778638,MLB SECURITIES LTD.,Stock Broker (Equity),Active,https://www.sebi.gov.in,2026-10-03,false
INB010783737,MULTIPLEX CAPITAL LTD.,Stock Broker (Equity),Active,https://www.sebi.gov.in,2026-10-03,false
INB010792034,PEREGRINE SECURITIES (INDIA) (P)LTD,Stock Broker (Equity),Active,https://www.sebi.gov.in,2026-10-03,false
INB010792332,CHUGH SECURITIES PRIVATE LIMITED,Stock Broker (Equity),Active,https://www.sebi.gov.in,2026-10-03,false
INB010804632,ALTIUS FINCAP MARKETS LIMITED,Stock Broker (Equity),Active,https://www.sebi.gov.in,2026-10-03,false
INB010808430,JOINDRE SHARES & STOCKS LTD.,Stock Broker (Equity),Active,https://www.sebi.gov.in,2026-10-03,false
INB010815232,ASTUTE INVESTMENT MANAGEMENT PRIVATE LIMITED,Stock Broker (Equity),Active,https://www.sebi.gov.in,2026-10-03,false
INB010852938,APEEJAY SECURITIES PVT. LTD.,Stock Broker (Equity),Active,https://www.sebi.gov.in,2026-10-03,false
INB010853530,EXPONENTIAL FINANCIAL SERVICES PRIVATE LIMITED,Stock Broker (Equity),Active,https://www.sebi.gov.in,2026-10-03,false
INB010879812,PUROSHOTTAM GOPIRAM RUIA,Stock Broker (Equity),Active,https://www.sebi.gov.in,2026-10-03,false
INB010882739,STARLINK FINSEC LIMITED,Stock Broker (Equity),Active,https://www.sebi.gov.in,2026-10-03,false
INB010891431,GAURAV SHARES TRADING PRIVATE LIMITED,Stock Broker (Equity),Active,https://www.sebi.gov.in,2026-10-03,false
INB010905022,PIYUSH DILIPBHAI SHAH,Stock Broker (Equity),Active,https://www.sebi.gov.in,2026-10-03,false
INB010906734,SUVRIDHI CAPITAL MARKETS LIMITED,Stock Broker (Equity),Active,https://www.sebi.gov.in,2026-10-03,false
INB010914032,PADMAKSHI FINANCIAL SERVICES LTD.,Stock Broker (Equity),Active,https://www.sebi.gov.in,2026-10-03,false
INB010918635,MAXUS SECURITIES PVT LTD,Stock Broker (Equity),Active,https://www.sebi.gov.in,2026-10-03,false
INB010947538,P R SHAH SHARE & STOCK BROKERS P LT,Stock Broker (Equity),Active,https://www.sebi.gov.in,2026-10-03,false
INB010960633,VYOMIT SHARES STOCK & INVST PVT LTD,Stock Broker (Equity),Active,https://www.sebi.gov.in,2026-10-03,false
INB010973532,VAR SHARES & STOCKS PVT LTD,Stock Broker (Equity),Active,https://www.sebi.gov.in,2026-10-03,false
INB010973738,ENPEE ENTERPRISES PVT LTD,Stock Broker (Equity),Active,https://www.sebi.gov.in,2026-10-03,false
INB010976138,KAJI & MAULIK SECURITIES P LTD,Stock Broker (Equity),Active,https://www.sebi.gov.in,2026-10-03,false
INB010977636,ARIDHI HOLDINGS PVT. LTD.,Stock Broker (Equity),Active,https://www.sebi.gov.in,2026-10-03,false
INB010980937,RAJARAM STOCK BROKING COMPANY(MUMBA,Stock Broker (Equity),Active,https://www.sebi.gov.in,2026-10-03,false
INB010984933,PIYUSH A VORA SECURITIES P LTD,Stock Broker (Equity),Active,https://www.sebi.gov.in,2026-10-03,false
INB010985335,HARSHAD H GANDHI SECURITIES P LTD,Stock Broker (Equity),Active,https://www.sebi.gov.in,2026-10-03,false
INB010985736,SAILESH H DOSHI BROKING P LTD,Stock Broker (Equity),Active,https://www.sebi.gov.in,2026-10-03,false
INB010989439,APARNA SHARES & STOCK BROKERS P.LTD,Stock Broker (Equity),Active,https://www.sebi.gov.in,2026-10-03,false
INB010990134,N.P.SHAH SECURITIES PVT. LTD.,Stock Broker (Equity),Active,https://www.sebi.gov.in,2026-10-03,false
INB010990330,H.T.NANAVATI SECURITIES PVT. LTD.,Stock Broker (Equity),Active,https://www.sebi.gov.in,2026-10-03,false
INB010990438,HARISH CHANDRA GUTT & CO. PVT. LTD.,Stock Broker (Equity),Active,https://www.sebi.gov.in,2026-10-03,false
INB010990535,KNA SECURITIES PVT. LTD.,Stock Broker (Equity),Active,https://www.sebi.gov.in,2026-10-03,false
INB010990937,ANAND R. LADSARIYA SHARES & STOCK BROKERS P LTD,Stock Broker (Equity),Active,https://www.sebi.gov.in,2026-10-03,false
INB010991339,SUBHASH KARKHANIS SHARE & STOCK BRO,Stock Broker (Equity),Active,https://www.sebi.gov.in,2026-10-03,false
INB010991437,KNP SECURITIES PVT. LTD.,Stock Broker (Equity),Active,https://www.sebi.gov.in,2026-10-03,false
INB010991730,BJD SECURITIES PVT. LTD.,Stock Broker (Equity),Active,https://www.sebi.gov.in,2026-10-03,false
INB010991936,PATWA CAPITAL P LTD,Stock Broker (Equity),Active,https://www.sebi.gov.in,2026-10-03,false
INB010992338,EQUISEARCH BROKING PRIVATE LIMITED,Stock Broker (Equity),Active,https://www.sebi.gov.in,2026-10-03,false
INB010992837,ARANIK SECURITIES PVT LTD,Stock Broker (Equity),Active,https://www.sebi.gov.in,2026-10-03,false
INB010993337,AARAYAA FINSTOCK PVT LTD,Stock Broker (Equity),Active,https://www.sebi.gov.in,2026-10-03,false
INB010993532,FALCON BROKERAGE PVT LTD,Stock Broker (Equity),Active,https://www.sebi.gov.in,2026-10-03,false
INB010993738,TROPICAL SECURITIES & INVSTS P LTD,Stock Broker (Equity),Active,https://www.sebi.gov.in,2026-10-03,false
INB010993836,FIDELIS SECURITIES PRIVATE LIMTIED,Stock Broker (Equity),Active,https://www.sebi.gov.in,2026-10-03,false
INB010994238,MAHICO PVT LTD,Stock Broker (Equity),Active,https://www.sebi.gov.in,2026-10-03,false
INB010994531,V K NANAVATY SHARE&STK BROKERS P LT,Stock Broker (Equity),Active,https://www.sebi.gov.in,2026-10-03,false
INB010994835,MILAN MAHENDRA SECURITIES P LTD,Stock Broker (Equity),Active,https://www.sebi.gov.in,2026-10-03,false
INB010995031,AJNEE FINANCE PVT LTD,Stock Broker (Equity),Active,https://www.sebi.gov.in,2026-10-03,false
INB010997333,PRAKASH K SHAH SHARES & SEC P LTD,Stock Broker (Equity),Active,https://www.sebi.gov.in,2026-10-03,false
INB010997538,G R PANDYA SHARE BROKING LTD,Stock Broker (Equity),Active,https://www.sebi.gov.in,2026-10-03,false
INB010997734,B R MEHTA & SONS SHARE STKS & FINANCE BROKERS P LTD,Stock Broker (Equity),Active,https://www.sebi.gov.in,2026-10-03,false
INB010997930,JELAM SECURITIES PVT LTD,Stock Broker (Equity),Active,https://www.sebi.gov.in,2026-10-03,false
INB010998038,JAYANTILAL KHANDWALA & SONS P LTD,Stock Broker (Equity),Active,https://www.sebi.gov.in,2026-10-03,false
INB010998537,BHANSHALI STOCK BROKERS PVT. LTD.,Stock Broker (Equity),Active,https://www.sebi.gov.in,2026-10-03,false
INB010998635,VN PAREKH SECURITIES PVT LTD,Stock Broker (Equity),Active,https://www.sebi.gov.in,2026-10-03,false
INB011026235,BAKLIWAL SECURITIES PVT. LTD.,Stock Broker (Equity),Active,https://www.sebi.gov.in,2026-10-03,false
INB011036937,BHAGIRAT MERCHANT STOCK BROKING PVT. LTD.,Stock Broker (Equity),Active,https://www.sebi.gov.in,2026-10-03,false
INB011037836,PARKLIGHT INVESTMENT PVT.LTD.,Stock Broker (Equity),Active,https://www.sebi.gov.in,2026-10-03,false
INB011045730,PAS SECURITIES P LTD,Stock Broker (Equity),Active,https://www.sebi.gov.in,2026-10-03,false
INB011047231,RAMESH S DAMANI FINANCE PVT. LTD.,Stock Broker (Equity),Active,https://www.sebi.gov.in,2026-10-03,false
INB011053437,PUNEET SHARES AND FINANCE PVT. LTD.,Stock Broker (Equity),Active,https://www.sebi.gov.in,2026-10-03,false
INB011055135,MITRA EQUITIES PVT.LTD.,Stock Broker (Equity),Active,https://www.sebi.gov.in,2026-10-03,false
INB011055333,JM FINANCIAL SECURITIES PVT LTD,Stock Broker (Equity),Active,https://www.sebi.gov.in,2026-10-03,false
INB011058436,SAV STOCK MANAGEMENT PVT.LTD.,Stock Broker (Equity),Active,https://www.sebi.gov.in,2026-10-03,false
INB011060333,MEWAR INTERNATIONAL PVT.LTD.,Stock Broker (Equity),Active,https://www.sebi.gov.in,2026-10-03,false
INB011060531,CLARIDGES INVESTMENTS AND FINANCE PVT.LTD.,Stock Broker (Equity),Active,https://www.sebi.gov.in,2026-10-03,false
INB011070332,BAKLIWAL FINANCIAL SERVICES (INDIA) PVT.LTD.,Stock Broker (Equity),Active,https://www.sebi.gov.in,2026-10-03,false
INB011074136,BGSE FINANCIALS LTD.,Stock Broker (Equity),Active,https://www.sebi.gov.in,2026-10-03,false
INB011074532,M.D.SARAF SECURITIES PVT.LTD.,Stock Broker (Equity),Active,https://www.sebi.gov.in,2026-10-03,false
INB011075430,INDIA BROKING LTD.,Stock Broker (Equity),Active,https://www.sebi.gov.in,2026-10-03,false
INB011075836,SUMEDHA FISCAL SERVICES LIMITED,Stock Broker (Equity),Active,https://www.sebi.gov.in,2026-10-03,false
INB011077337,M. PRASAD & CO. LTD.,Stock Broker (Equity),Active,https://www.sebi.gov.in,2026-10-03,false
INB011077832,DINDAYAL BIYANI EQUITIES LTD.,Stock Broker (Equity),Active,https://www.sebi.gov.in,2026-10-03,false
INB011082931,PHOENIX SHARE & STOCK BROKERS PVT. LTD.,Stock Broker (Equity),Active,https://www.sebi.gov.in,2026-10-03,false
INB011089837,RAKESH GOENKA STOCK BROKING PRIVATE LIMITED,Stock Broker (Equity),Active,https://www.sebi.gov.in,2026-10-03,false
INB011095636,DUNDEE SECURITIES COMPANY PVT. LTD.,Stock Broker (Equity),Active,https://www.sebi.gov.in,2026-10-03,false
INB011105237,SONPANKHI SHARES & SECURITIES PVT. LTD.,Stock Broker (Equity),Active,https://www.sebi.gov.in,2026-10-03,false
INB011112837,VAG HOLDINGS PRIVATE LIMITED,Stock Broker (Equity),Active,https://www.sebi.gov.in,2026-10-03,false
INB011117539,INFOPILE INDIA PVT. LTD.,Stock Broker (Equity),Active,https://www.sebi.gov.in,2026-10-03,false
INB011118230,STANFORD SECURITIES PVT. LTD.,Stock Broker (Equity),Active,https://www.sebi.gov.in,2026-10-03,false
INB011118636,MNS SECURITIES LIMITED,Stock Broker (Equity),Active,https://www.sebi.gov.in,2026-10-03,false
INB011127256,MILLENNIUM EQUITIES (I) PVT.LTD.,Stock Broker (Equity),Active,https://www.sebi.gov.in,2026-10-03,false
INB011132330,EQUIQUEST BROKERAGE HOUSE PRIVATE LIMITED,Stock Broker (Equity),Active,https://www.sebi.gov.in,2026-10-03,false
INB011138238,INTIME EQUITIES LIMITED,Stock Broker (Equity),Active,https://www.sebi.gov.in,2026-10-03,false
INB011140333,ICAP INDIA PRIVATE LIMITED,Stock Broker (Equity),Active,https://www.sebi.gov.in,2026-10-03,false
INB011143238,RATNABALI CAPITAL MARKETS LIMITED,Stock Broker (Equity),Active,https://www.sebi.gov.in,2026-10-03,false
INB011152130,TRIUMPH RETAIL BROKING SERVICES LTD.,Stock Broker (Equity),Active,https://www.sebi.gov.in,2026-10-03,false
INB011157238,EASTERN EQUITIES PVT. LTD.,Stock Broker (Equity),Active,https://www.sebi.gov.in,2026-10-03,false
INB011182616,HITESH KUMAR DAGA,Stock Broker (Equity),Active,https://www.sebi.gov.in,2026-10-03,false
INB011187631,JAMMS STOCK BROKERS PVT. LTD.,Stock Broker (Equity),Active,https://www.sebi.gov.in,2026-10-03,false
INB011189934,PORTFOLIO FINANCIAL SERVICES LTD.,Stock Broker (Equity),Active,https://www.sebi.gov.in,2026-10-03,false
INB011194819,VIJAY B. SHAH,Stock Broker (Equity),Active,https://www.sebi.gov.in,2026-10-03,false
INB011198539,A. K. EQUITIES PVT. LTD.,Stock Broker (Equity),Active,https://www.sebi.gov.in,2026-10-03,false
INB011200731,PUG SECURITIES PRIVATE LIMITED,Stock Broker (Equity),Active,https://www.sebi.gov.in,2026-10-03,false
INB011203438,RAMJIDAS NAGARMAL CONSULTANTS PVT. LTD.,Stock Broker (Equity),Active,https://www.sebi.gov.in,2026-10-03,false
INB011204030,N. BRIJANAND SECURITIES PRIVATE LTD.,Stock Broker (Equity),Active,https://www.sebi.gov.in,2026-10-03,false
INB011206738,S. P. J. STOCK BROKERS PVT. LTD.,Stock Broker (Equity),Active,https://www.sebi.gov.in,2026-10-03,false
INB011207251,KOTAK SECURITIES,Stock Broker (Equity),Active,https://www.sebi.gov.in,2026-10-03,false
INB011207350,DOLAT CAPITAL MARKET LTD,Stock Broker (Equity),Active,https://www.sebi.gov.in,2026-10-03,false
INB011207553,SSJ FINANCE & SECURITIES PVT LTD,Stock Broker (Equity),Active,https://www.sebi.gov.in,2026-10-03,false
INB011207756,MEHTA EQUITIES LIMITED,Stock Broker (Equity),Active,https://www.sebi.gov.in,2026-10-03,false
INB011220937,PRL STOCK & SHARE BROKERS PRIVATE LIMITED,Stock Broker (Equity),Active,https://www.sebi.gov.in,2026-10-03,false
INB011221331,TRANSPARENT SHARES & SECURITIES PRIVATE LIMITED (ARTHA VRDDHI NEWNAME),Stock Broker (Equity),Active,https://www.sebi.gov.in,2026-10-03,false
INB011233336,SHREEHARI HIRA STOCK BROKING PVT. LTD.,Stock Broker (Equity),Active,https://www.sebi.gov.in,2026-10-03,false
INB011238715,DEEPAK C. DALAL,Stock Broker (Equity),Active,https://www.sebi.gov.in,2026-10-03,false
INB011240513,BHARAT BHAGWANDAS LAKHANI,Stock Broker (Equity),Active,https://www.sebi.gov.in,2026-10-03,false
INB011241230,OPUS INTERNATIONAL SECURITIES PVT. LTD.,Stock Broker (Equity),Active,https://www.sebi.gov.in,2026-10-03,false
INB011243137,SGK SECURITIES LTD.,Stock Broker (Equity),Active,https://www.sebi.gov.in,2026-10-03,false
INB011244317,RAJIV HIRALAL KOTHARI,Stock Broker (Equity),Active,https://www.sebi.gov.in,2026-10-03,false
INB011244416,RAKESH VASANT SHAH,Stock Broker (Equity),Active,https://www.sebi.gov.in,2026-10-03,false
INB011244614,NINI SUNIL MEHTA,Stock Broker (Equity),Active,https://www.sebi.gov.in,2026-10-03,false
INB011245611,CHANDRAKANT M. PAREKH,Stock Broker (Equity),Active,https://www.sebi.gov.in,2026-10-03,false
INB011247518,DINESH J. MODY,Stock Broker (Equity),Active,https://www.sebi.gov.in,2026-10-03,false
INB011254639,JOGLEKAR INVESTMENTS PVT. LTD.,Stock Broker (Equity),Active,https://www.sebi.gov.in,2026-10-03,false
INB011255438,NG RATHI INVESTRADES PRIVATE LIMITED,Stock Broker (Equity),Active,https://www.sebi.gov.in,2026-10-03,false
INB011255529,KUSHAL DALAL,Stock Broker (Equity),Active,https://www.sebi.gov.in,2026-10-03,false
INB011269033,AXIS SHARES & SECURITIES PRIVATE LIMITED,Stock Broker (Equity),Active,https://www.sebi.gov.in,2026-10-03,false
INB011270130,ATLANTA SHARE SHOPEE LIMITED,Stock Broker (Equity),Active,https://www.sebi.gov.in,2026-10-03,false
INB011272136,MAHESHWARI SHARE & STOCK BROKERS PRIVATE LIMITED,Stock Broker (Equity),Active,https://www.sebi.gov.in,2026-10-03,false
INB011272532,REYMOUNT SECURITIES PRIVATE LIMITED,Stock Broker (Equity),Active,https://www.sebi.gov.in,2026-10-03,false
INB011273530,ANMOL SHARE BROKING LIMITED,Stock Broker (Equity),Active,https://www.sebi.gov.in,2026-10-03,false
INB011275030,KANCHANJANGA SECURITIES COMPANY (PVT) LTD.,Stock Broker (Equity),Active,https://www.sebi.gov.in,2026-10-03,false
INB011278034,VENI MADHAV SECURITIES PRIVATE LIMITED,Stock Broker (Equity),Active,https://www.sebi.gov.in,2026-10-03,false
INB011281137,FIDUCIARY EUROMAX CAPITAL MARKETS PRIVATE LIMITED,Stock Broker (Equity),Active,https://www.sebi.gov.in,2026-10-03,false
INB011290633,A TO Z STOCK TRADE PRIVATE LIMITED,Stock Broker (Equity),Active,https://www.sebi.gov.in,2026-10-03,false
INB011292514,KETAN SUMANTRAI SHAH,Stock Broker (Equity),Active,https://www.sebi.gov.in,2026-10-03,false
INB011294031,INDITRADE CAPITAL LIMITED,Stock Broker (Equity),Active,https://www.sebi.gov.in,2026-10-03,false
INB011301919,MAHENDRA RAMJI GALA,Stock Broker (Equity),Active,https://www.sebi.gov.in,2026-10-03,false
INB011302636,RELIGARE CAPITAL MARKETS LIMITED,Stock Broker (Equity),Active,https://www.sebi.gov.in,2026-10-03,false
INB011309631,ADG SECURITIES PRIVATE LIMITED,Stock Broker (Equity),Active,https://www.sebi.gov.in,2026-10-03,false
INB011322113,PARVEEN GARG,Stock Broker (Equity),Active,https://www.sebi.gov.in,2026-10-03,false
INB011326437,A C AGARWAL SHARE BROKERS PRIVATE LIMITED,Stock Broker (Equity),Active,https://www.sebi.gov.in,2026-10-03,false
INB011337236,GEOJIT BNP PARIBAS FINANCIAL SERVICES LIMITED,Stock Broker (Equity),Active,https://www.sebi.gov.in,2026-10-03,false
INB011340230,ENCASH SECURITIES LIMITED,Stock Broker (Equity),Active,https://www.sebi.gov.in,2026-10-03,false
INB011341410,MUKESH MANHARLAL PAREKH,Stock Broker (Equity),Active,https://www.sebi.gov.in,2026-10-03,false
INB011347219,AMIY YOGESH RUNGTA,Stock Broker (Equity),Active,https://www.sebi.gov.in,2026-10-03,false
INB011349439,ABANS SECURITIES LIMITED,Stock Broker (Equity),Active,https://www.sebi.gov.in,2026-10-03,false
INB011352839,ACHIEVERS SECURITIES PRIVATE LIMITED,Stock Broker (Equity),Active,https://www.sebi.gov.in,2026-10-03,false
INB011355436,BERKELEY SECURITIES LIMITED,Stock Broker (Equity),Active,https://www.sebi.gov.in,2026-10-03,false
INB011377331,CHOICE EQUITY BROKING PRIVATE LIMITED,Stock Broker (Equity),Active,https://www.sebi.gov.in,2026-10-03,false
INB011379139,MAYUR SHARE BROKING PRIVATE LIMITED,Stock Broker (Equity),Active,https://www.sebi.gov.in,2026-10-03,false
INB011383313,KAMAL DHANSUKHLAL PAREKH,Stock Broker (Equity),Active,https://www.sebi.gov.in,2026-10-03,false
INB011393031,PANTHEON INVESTMENT MANAGER PRIVATE LIMITED,Stock Broker (Equity),Active,https://www.sebi.gov.in,2026-10-03,false
INB011393718,BIPIN M SAVLA,Stock Broker (Equity),Active,https://www.sebi.gov.in,2026-10-03,false
INB011395135,OSS STOCK BROKING PRIVATE LIMITED,Stock Broker (Equity),Active,https://www.sebi.gov.in,2026-10-03,false
INB011399236,JANKI CAPSEC PRIVATE LIMITED,Stock Broker (Equity),Active,https://www.sebi.gov.in,2026-10-03,false
INB011401412,MANISH ARVIND SHAH,Stock Broker (Equity),Active,https://www.sebi.gov.in,2026-10-03,false
INB011401636,TRUSTONE INVESTMENT ADVISORS PRIVATE LIMITED,Stock Broker (Equity),Active,https://www.sebi.gov.in,2026-10-03,false
INB011408631,AVON MANAGEMENT PRIVATE LIMITED,Stock Broker (Equity),Active,https://www.sebi.gov.in,2026-10-03,false
INB011408912,JITENDRA JAIN,Stock Broker (Equity),Active,https://www.sebi.gov.in,2026-10-03,false
INB011410033,ONELIFE CAPITAL ADVISORS PRIVATE LIMITED,Stock Broker (Equity),Active,https://www.sebi.gov.in,2026-10-03,false
INB011410835,SHREE CHINMAYA SECURITIES PRIVATE LIMITED,Stock Broker (Equity),Active,https://www.sebi.gov.in,2026-10-03,false
INB011411734,BABA BHOOTHNATH TRADE & COMMERCE PRIVATE LIMITED,Stock Broker (Equity),Active,https://www.sebi.gov.in,2026-10-03,false
INB011412732,VSN SECURITIES SOUTH ASIA PRIVATE LIMITED,Stock Broker (Equity),Active,https://www.sebi.gov.in,2026-10-03,false
INB011413334,AARYA EQUITY (INDIA) PRIVATE LIMITED,Stock Broker (Equity),Active,https://www.sebi.gov.in,2026-10-03,false
INB011414415,RAJEEV PANDEY,Stock Broker (Equity),Active,https://www.sebi.gov.in,2026-10-03,false
INB011415313,MINAL RONAK PARIKH,Stock Broker (Equity),Active,https://www.sebi.gov.in,2026-10-03,false
INB011415933,AMODINI SECURITIES PRIVATE LIMITED,Stock Broker (Equity),Active,https://www.sebi.gov.in,2026-10-03,false
INB011416931,PHORUM FINANCIAL SERVICES PRIVATE LIMITED,Stock Broker (Equity),Active,https://www.sebi.gov.in,2026-10-03,false
INB011417236,SHREE SHETH SECURITIES & SERVICES PRIVATE LIMITED,Stock Broker (Equity),Active,https://www.sebi.gov.in,2026-10-03,false
INB011418630,AVANCE INDICES PRIVATE LIMITED,Stock Broker (Equity),Active,https://www.sebi.gov.in,2026-10-03,false
INB011422731,ASSOCIATED STOCK BROKING PRIVATE LIMITED,Stock Broker (Equity),Active,https://www.sebi.gov.in,2026-10-03,false
INB011422830,LAHOTI FINANCIAL SERVICES LIMITED,Stock Broker (Equity),Active,https://www.sebi.gov.in,2026-10-03,false
INB011423234,STELLANT STOCK BROKING PRIVATE LIMITED,Stock Broker (Equity),Active,https://www.sebi.gov.in,2026-10-03,false
INB011425619,KARANJIT SINGH CHAHAL,Stock Broker (Equity),Active,https://www.sebi.gov.in,2026-10-03,false
INB011425734,ASCENT SHARES AND STOCK BROKERS PRIVATE LIMITED,Stock Broker (Equity),Active,https://www.sebi.gov.in,2026-10-03,false
INB011426237,SRM SECURITIES PRIVATE LIMITED,Stock Broker (Equity),Active,https://www.sebi.gov.in,2026-10-03,false
INB011428431,MYRIAD CAPITAL MANAGEMENT PRIVATE LIMITED,Stock Broker (Equity),Active,https://www.sebi.gov.in,2026-10-03,false
INB011428613,SHIV PRASAD VEERAM,Stock Broker (Equity),Active,https://www.sebi.gov.in,2026-10-03,false
INB011432136,ANEMONE ENTERPRISES PRIVATE LIMITED,Stock Broker (Equity),Active,https://www.sebi.gov.in,2026-10-03,false
INB011432219,MUKESH KUMAR,Stock Broker (Equity),Active,https://www.sebi.gov.in,2026-10-03,false
INB011438430,KLG STOCK BROKERS PRIVATE LIMITED,Stock Broker (Equity),Active,https://www.sebi.gov.in,2026-10-03,false
INB011439131,MAX PLANWEALTH SECURITIES LIMITED,Stock Broker (Equity),Active,https://www.sebi.gov.in,2026-10-03,false
INB011441236,SAKAR FINSTOCK PRIVATE LIMITED,Stock Broker (Equity),Active,https://www.sebi.gov.in,2026-10-03,false
INB011444131,OMJI SECURITIES LIMITED,Stock Broker (Equity),Active,https://www.sebi.gov.in,2026-10-03,false
INB011444339,LOTUS EQBROKING PRIVATE LIMITED,Stock Broker (Equity),Active,https://www.sebi.gov.in,2026-10-03,false
INB011448637,PASSION STOCK BROKING PRIVATE LIMITED,Stock Broker (Equity),Active,https://www.sebi.gov.in,2026-10-03,false
INB011448918,NITIMA HIRALAL PODDAR,Stock Broker (Equity),Active,https://www.sebi.gov.in,2026-10-03,false
INB011450039,SHIV CHARAN SECURITIES PRIVATE LIMITED,Stock Broker (Equity),Active,https://www.sebi.gov.in,2026-10-03,false
INB011451334,TRADEDEAL FINANCIAL SERVICES PRIVATE LIMITED,Stock Broker (Equity),Active,https://www.sebi.gov.in,2026-10-03,false
INB011451839,ESPIRITO SANTO SECURITIES INDIA PRIVATE LIMITED,Stock Broker (Equity),Active,https://www.sebi.gov.in,2026-10-03,false
INB011453330,AMAZON STOCK SERVICES PRIVATE LIMITED,Stock Broker (Equity),Active,https://www.sebi.gov.in,2026-10-03,false
INB011454130,VIOLET ARCH SECURITIES PRIVATE LIMITED,Stock Broker (Equity),Active,https://www.sebi.gov.in,2026-10-03,false
INB011457539,AARUSH EQUITIES PRIVATE LIMITED,Stock Broker (Equity),Active,https://www.sebi.gov.in,2026-10-03,false
INB011482537,APAAR FINANCE & INVESTMENT LIMITED,Stock Broker (Equity),Active,https://www.sebi.gov.in,2026-10-03,false
INB011484111,JYOTI RAJENDRA SHAH,Stock Broker (Equity),Active,https://www.sebi.gov.in,2026-10-03,false
INB011492932,MASS TRADE INDIA CONSULTANTS PRIVATE LIMITED,Stock Broker (Equity),Active,https://www.sebi.gov.in,2026-10-03,false
INB030033510,ARCHNA KHANDELWAL,Stock Broker (Equity),Active,https://www.sebi.gov.in,2026-10-03,false
INB030033814,KISHORILAL SONTHALIA,Stock Broker (Equity),Active,https://www.sebi.gov.in,2026-10-03,false
INB030033912,RAJ KUMAR JHUNJHUNWALA,Stock Broker (Equity),Active,https://www.sebi.gov.in,2026-10-03,false
INB030034216,SHRI KUMAR BAGRI,Stock Broker (Equity),Active,https://www.sebi.gov.in,2026-10-03,false
INB030034813,GOPAL PRASAD CHOKHANY,Stock Broker (Equity),Active,https://www.sebi.gov.in,2026-10-03,false
INB030034911,SATYA NARAYAN KHAITAN,Stock Broker (Equity),Active,https://www.sebi.gov.in,2026-10-03,false
INB030035215,KUMUDINI PAREKH,Stock Broker (Equity),Active,https://www.sebi.gov.in,2026-10-03,false
INB030035313,PARUL SHAH,Stock Broker (Equity),Active,https://www.sebi.gov.in,2026-10-03,false
INB030035411,DEBI DUTT LADIA,Stock Broker (Equity),Active,https://www.sebi.gov.in,2026-10-03,false
INB030035518,RADHESHYAM CHOUDHARY,Stock Broker (Equity),Active,https://www.sebi.gov.in,2026-10-03,false
INB030036312,VINOD KUMAR SINGHANIA,Stock Broker (Equity),Active,https://www.sebi.gov.in,2026-10-03,false
INB030036517,LOKNATH SARAF,Stock Broker (Equity),Active,https://www.sebi.gov.in,2026-10-03,false
INB030036811,KASHI PRASAD CHOKHANY,Stock Broker (Equity),Active,https://www.sebi.gov.in,2026-10-03,false
INB030036919,BIJAY SINGH LUNIA,Stock Broker (Equity),Active,https://www.sebi.gov.in,2026-10-03,false
INB030037017,GHANSHYAM DAS KEJRIWAL,Stock Broker (Equity),Active,https://www.sebi.gov.in,2026-10-03,false
INB030037115,NIRAJ KUMAR BALASARIA,Stock Broker (Equity),Active,https://www.sebi.gov.in,2026-10-03,false
INB030037213,SANWAR MULL SINGHANIA,Stock Broker (Equity),Active,https://www.sebi.gov.in,2026-10-03,false
INB030037311,MAHADEOPRASAD SINGHANIA,Stock Broker (Equity),Active,https://www.sebi.gov.in,2026-10-03,false
INB030037419,GOPAL KRISHNA SARAF,Stock Broker (Equity),Active,https://www.sebi.gov.in,2026-10-03,false
INB030037516,SHRI BALLABH BHUTRA.,Stock Broker (Equity),Active,https://www.sebi.gov.in,2026-10-03,false
INB030037614,KAILASH PRASAD DHYAWALA,Stock Broker (Equity),Active,https://www.sebi.gov.in,2026-10-03,false
INB030037712,BANWARI LAL GOENKA,Stock Broker (Equity),Active,https://www.sebi.gov.in,2026-10-03,false
INB030037810,PRADEEP KUMAR DHELIA,Stock Broker (Equity),Active,https://www.sebi.gov.in,2026-10-03,false
INB030038310,OM PRAKASH BUKREDIWALA,Stock Broker (Equity),Active,https://www.sebi.gov.in,2026-10-03,false
INB030038418,BRIJ MOHAN SARDA,Stock Broker (Equity),Active,https://www.sebi.gov.in,2026-10-03,false
INB030038515,CHIRANJI LAL JHUNJHUNWALA,Stock Broker (Equity),Active,https://www.sebi.gov.in,2026-10-03,false
INB030038613,DWARKA DAS SARDA,Stock Broker (Equity),Active,https://www.sebi.gov.in,2026-10-03,false
INB030038819,JAMUNA DHAR LADIA,Stock Broker (Equity),Active,https://www.sebi.gov.in,2026-10-03,false
INB030039015,SURESH KUMAR CHIRIMAR,Stock Broker (Equity),Active,https://www.sebi.gov.in,2026-10-03,false
INB030039319,RAGHVENDRA MOHTA,Stock Broker (Equity),Active,https://www.sebi.gov.in,2026-10-03,false
INB030039710,USHA SUREKA,Stock Broker (Equity),Active,https://www.sebi.gov.in,2026-10-03,false
INB030039818,GIRDHARIMALL CHORARIA,Stock Broker (Equity),Active,https://www.sebi.gov.in,2026-10-03,false
INB030040014,MADHU JHUNJHUNWALA,Stock Broker (Equity),Active,https://www.sebi.gov.in,2026-10-03,false
INB030040112,SHIVA KUMAR SARAF,Stock Broker (Equity),Active,https://www.sebi.gov.in,2026-10-03,false
INB030040210,ANITA BUBNA,Stock Broker (Equity),Active,https://www.sebi.gov.in,2026-10-03,false
INB030040318,RAJENDRA PRASAD BUBNA,Stock Broker (Equity),Active,https://www.sebi.gov.in,2026-10-03,false
INB030040416,SUNIL KUMAR KANODIA,Stock Broker (Equity),Active,https://www.sebi.gov.in,2026-10-03,false
INB030040513,KAMAL KUMAR SARAOGI,Stock Broker (Equity),Active,https://www.sebi.gov.in,2026-10-03,false
INB030040915,MOHANLALL NATHANY,Stock Broker (Equity),Active,https://www.sebi.gov.in,2026-10-03,false
INB030041013,RAMKRISHNA DUDWAWALA,Stock Broker (Equity),Active,https://www.sebi.gov.in,2026-10-03,false
INB030041111,NAGARMULL KEJRIWAL,Stock Broker (Equity),Active,https://www.sebi.gov.in,2026-10-03,false
INB030041219,GOPI KISHAN DAMANI,Stock Broker (Equity),Active,https://www.sebi.gov.in,2026-10-03,false
INB030041512,SURESH KUMAR KAUSHIK,Stock Broker (Equity),Active,https://www.sebi.gov.in,2026-10-03,false
INB030041610,P L NATHANY,Stock Broker (Equity),Active,https://www.sebi.gov.in,2026-10-03,false
INB030041914,SARITA MOHTA,Stock Broker (Equity),Active,https://www.sebi.gov.in,2026-10-03,false
INB030042218,AJIT KOCHAR,Stock Broker (Equity),Active,https://www.sebi.gov.in,2026-10-03,false
INB030042316,UJJAL SINGH DUDHORIA,Stock Broker (Equity),Active,https://www.sebi.gov.in,2026-10-03,false
INB030042511,BADRI DAS DAMANI,Stock Broker (Equity),Active,https://www.sebi.gov.in,2026-10-03,false
INB030042815,SHYAM SUNDAR DHANUKA,Stock Broker (Equity),Active,https://www.sebi.gov.in,2026-10-03,false
INB030043011,ABHIJIT UPADHYAYA,Stock Broker (Equity),Active,https://www.sebi.gov.in,2026-10-03,false
INB030043510,SANJEEV PHUMBHRA,Stock Broker (Equity),Active,https://www.sebi.gov.in,2026-10-03,false
INB030043618,PREM LAL ROY,Stock Broker (Equity),Active,https://www.sebi.gov.in,2026-10-03,false
INB030043716,ALPANA PHUMBHRA,Stock Broker (Equity),Active,https://www.sebi.gov.in,2026-10-03,false
INB030043912,ARUN KEJRIWAL,Stock Broker (Equity),Active,https://www.sebi.gov.in,2026-10-03,false
INB030044216,KRISHNA KUMAR DAGA,Stock Broker (Equity),Active,https://www.sebi.gov.in,2026-10-03,false
INB030044617,MIHIR KISHORDAS SHAH,Stock Broker (Equity),Active,https://www.sebi.gov.in,2026-10-03,false
INB030044715,SAMPAT KUMAR DUGAR,Stock Broker (Equity),Active,https://www.sebi.gov.in,2026-10-03,false
INB030044813,SURESH KR.BHAGCHANDKA,Stock Broker (Equity),Active,https://www.sebi.gov.in,2026-10-03,false
INB030044911,PRAVEEN KUMAR SULTANIA,Stock Broker (Equity),Active,https://www.sebi.gov.in,2026-10-03,false
INB030045019,PARMESHWARLAL SULTANIA,Stock Broker (Equity),Active,https://www.sebi.gov.in,2026-10-03,false
INB030045117,L.K.MOHTA,Stock Broker (Equity),Active,https://www.sebi.gov.in,2026-10-03,false
INB030045215,SURYA PRAKASH TOSNIWAL,Stock Broker (Equity),Active,https://www.sebi.gov.in,2026-10-03,false
INB030045518,CHIRANJILALL SUREKA,Stock Broker (Equity),Active,https://www.sebi.gov.in,2026-10-03,false
INB030045812,DEBI PRASAD PODDAR,Stock Broker (Equity),Active,https://www.sebi.gov.in,2026-10-03,false
INB030046018,RAMNATH PODDAR,Stock Broker (Equity),Active,https://www.sebi.gov.in,2026-10-03,false
INB030046116,CHHAGAN LAL BINANI,Stock Broker (Equity),Active,https://www.sebi.gov.in,2026-10-03,false
INB030046312,RAMESH CHANDRA BIYANI,Stock Broker (Equity),Active,https://www.sebi.gov.in,2026-10-03,false
INB030046713,AJIT KUMAR JAIN,Stock Broker (Equity),Active,https://www.sebi.gov.in,2026-10-03,false
INB030047017,SALIGRAM MOHTA,Stock Broker (Equity),Active,https://www.sebi.gov.in,2026-10-03,false
INB030047115,DILIP KUMAR KHANDELWAL,Stock Broker (Equity),Active,https://www.sebi.gov.in,2026-10-03,false
INB030047419,PARMESHWARLAL GANERIWALLA,Stock Broker (Equity),Active,https://www.sebi.gov.in,2026-10-03,false
INB030047614,MOHAN LAL SARAF,Stock Broker (Equity),Active,https://www.sebi.gov.in,2026-10-03,false
INB030047712,BANWARI LAL SARAF,Stock Broker (Equity),Active,https://www.sebi.gov.in,2026-10-03,false
INB030048016,SAVITA JAIN,Stock Broker (Equity),Active,https://www.sebi.gov.in,2026-10-03,false
INB030048310,SUBH KARAN MARDA,Stock Broker (Equity),Active,https://www.sebi.gov.in,2026-10-03,false
INB030048613,JESUKHLAL VANMALI SHETH,Stock Broker (Equity),Active,https://www.sebi.gov.in,2026-10-03,false
INB030048819,DINESH PRASAD JASORIA,Stock Broker (Equity),Active,https://www.sebi.gov.in,2026-10-03,false
INB030049015,GOPI KRISHNA MUSKARA,Stock Broker (Equity),Active,https://www.sebi.gov.in,2026-10-03,false
INB030049211,MADHU BHIWANIWALA,Stock Broker (Equity),Active,https://www.sebi.gov.in,2026-10-03,false
INB030049514,ANIL KUMAR GARG,Stock Broker (Equity),Active,https://www.sebi.gov.in,2026-10-03,false
INB030050112,SUDHA CHIRIPAL,Stock Broker (Equity),Active,https://www.sebi.gov.in,2026-10-03,false
INB030050210,PAWAN KUMAR DEORA,Stock Broker (Equity),Active,https://www.sebi.gov.in,2026-10-03,false
INB030050416,MAHENDRA KUMAR JALAN,Stock Broker (Equity),Active,https://www.sebi.gov.in,2026-10-03,false
INB030050513,BASANT KUMAR PERIWAL,Stock Broker (Equity),Active,https://www.sebi.gov.in,2026-10-03,false
INB030050611,KASHI NATH ROY,Stock Broker (Equity),Active,https://www.sebi.gov.in,2026-10-03,false
INB030050719,JAIKISHAN DAGA,Stock Broker (Equity),Active,https://www.sebi.gov.in,2026-10-03,false
INB030051013,PRITHVINATH CHATURVEDI,Stock Broker (Equity),Active,https://www.sebi.gov.in,2026-10-03,false
INB030051111,SHANTI SWAROOP BARMAN,Stock Broker (Equity),Active,https://www.sebi.gov.in,2026-10-03,false
INB030051219,NATHMAL LOHIA,Stock Broker (Equity),Active,https://www.sebi.gov.in,2026-10-03,false
INB030051610,SUNIL KUMAR CHANGOIWALLA,Stock Broker (Equity),Active,https://www.sebi.gov.in,2026-10-03,false
INB030051816,RAM KUMAR KARNANI,Stock Broker (Equity),Active,https://www.sebi.gov.in,2026-10-03,false
INB030052110,RAJESH P.SHAH,Stock Broker (Equity),Active,https://www.sebi.gov.in,2026-10-03,false
INB030052414,DEBDAS CHATTERJEE,Stock Broker (Equity),Active,https://www.sebi.gov.in,2026-10-03,false
INB030052717,AMAL CHAND LAHA,Stock Broker (Equity),Active,https://www.sebi.gov.in,2026-10-03,false
INB030052913,SOMDUTT BOSE,Stock Broker (Equity),Active,https://www.sebi.gov.in,2026-10-03,false
INB030053011,BIJAY KUMAR AGARWAL,Stock Broker (Equity),Active,https://www.sebi.gov.in,2026-10-03,false
INB030053217,D.P.PODDAR,Stock Broker (Equity),Active,https://www.sebi.gov.in,2026-10-03,false
INB030053510,RABINDRA KUMAR HARLALKA,Stock Broker (Equity),Active,https://www.sebi.gov.in,2026-10-03,false
INB030053618,SANJAY KUMAR CHANDAK,Stock Broker (Equity),Active,https://www.sebi.gov.in,2026-10-03,false
INB030054010,RAJENDRA PRASAD SHAH,Stock Broker (Equity),Active,https://www.sebi.gov.in,2026-10-03,false
INB030054118,MANOJ KUMAR JHUNJHUNWALA,Stock Broker (Equity),Active,https://www.sebi.gov.in,2026-10-03,false
INB030054314,DHIRAJLAL K DOSHI,Stock Broker (Equity),Active,https://www.sebi.gov.in,2026-10-03,false
INB030054412,CHANDRAKANT TIBRAWALLA,Stock Broker (Equity),Active,https://www.sebi.gov.in,2026-10-03,false
INB030054519,SANTOSH KR.TULSHYAN,Stock Broker (Equity),Active,https://www.sebi.gov.in,2026-10-03,false
INB030054617,M.P.KANODIA,Stock Broker (Equity),Active,https://www.sebi.gov.in,2026-10-03,false
INB030054813,MRIDULA RANI SHROFF,Stock Broker (Equity),Active,https://www.sebi.gov.in,2026-10-03,false
INB030055019,PRANLAL M SHAH,Stock Broker (Equity),Active,https://www.sebi.gov.in,2026-10-03,false
INB030055215,RAJESH PACHISIA,Stock Broker (Equity),Active,https://www.sebi.gov.in,2026-10-03,false
INB030055518,ANAND CHAND MEHTA,Stock Broker (Equity),Active,https://www.sebi.gov.in,2026-10-03,false
INB030056116,JITENDRA TANDON,Stock Broker (Equity),Active,https://www.sebi.gov.in,2026-10-03,false
INB030056312,YOGESH SHARMA,Stock Broker (Equity),Active,https://www.sebi.gov.in,2026-10-03,false
INB030056811,MANOJ KUMAR JAIN,Stock Broker (Equity),Active,https://www.sebi.gov.in,2026-10-03,false
INB030057017,NARESH PACHISIA,Stock Broker (Equity),Active,https://www.sebi.gov.in,2026-10-03,false
INB030057213,ARUNKUMAR CHIRIPAL,Stock Broker (Equity),Active,https://www.sebi.gov.in,2026-10-03,false
INB030057311,SHIV PRAKASH MODI,Stock Broker (Equity),Active,https://www.sebi.gov.in,2026-10-03,false
INB030057419,GOURI SHANKAR MANTRY,Stock Broker (Equity),Active,https://www.sebi.gov.in,2026-10-03,false
INB030057614,SHREENATH KAPOOR,Stock Broker (Equity),Active,https://www.sebi.gov.in,2026-10-03,false
INB030057810,SRI SITA RAM GOENKA,Stock Broker (Equity),Active,https://www.sebi.gov.in,2026-10-03,false
INB030057918,KRISHNA KUMAR VARMA,Stock Broker (Equity),Active,https://www.sebi.gov.in,2026-10-03,false
INB030058016,B.L.SEAL,Stock Broker (Equity),Active,https://www.sebi.gov.in,2026-10-03,false
INB030058212,MAHESHCHANDRA KAPUR,Stock Broker (Equity),Active,https://www.sebi.gov.in,2026-10-03,false
INB030058418,RAMESH CHANDRA KAPUR,Stock Broker (Equity),Active,https://www.sebi.gov.in,2026-10-03,false
INB030059319,UMASHANKAR PARASRAMPURIA,Stock Broker (Equity),Active,https://www.sebi.gov.in,2026-10-03,false
INB030059417,BIPIN KUMAR DEWRA,Stock Broker (Equity),Active,https://www.sebi.gov.in,2026-10-03,false
INB030059612,SHYAM SABOO,Stock Broker (Equity),Active,https://www.sebi.gov.in,2026-10-03,false
INB030060014,ARUN KUMAR KHEMKA,Stock Broker (Equity),Active,https://www.sebi.gov.in,2026-10-03,false
INB030060112,MAHAVIR PRASAD SONI,Stock Broker (Equity),Active,https://www.sebi.gov.in,2026-10-03,false
INB030060513,PURUSHOTTAM DAS JALAN,Stock Broker (Equity),Active,https://www.sebi.gov.in,2026-10-03,false
INB030060719,ARUN KUMAR DALMIA,Stock Broker (Equity),Active,https://www.sebi.gov.in,2026-10-03,false
INB030061013,BISHNU PRASAD AGARWAL,Stock Broker (Equity),Active,https://www.sebi.gov.in,2026-10-03,false
INB030061219,GOPIRAM CHIRIPAL,Stock Broker (Equity),Active,https://www.sebi.gov.in,2026-10-03,false
INB030061610,KEDARNATH KHANDELWAL,Stock Broker (Equity),Active,https://www.sebi.gov.in,2026-10-03,false
INB030061816,ASHOK KUMAR CHOUDHARY.,Stock Broker (Equity),Active,https://www.sebi.gov.in,2026-10-03,false
INB030062110,ANIL KUMAR KHANDELWAL,Stock Broker (Equity),Active,https://www.sebi.gov.in,2026-10-03,false
INB030062218,BARUN KUMAR DUGAR,Stock Broker (Equity),Active,https://www.sebi.gov.in,2026-10-03,false
INB030062316,BINOD KUMAR BAGRI.,Stock Broker (Equity),Active,https://www.sebi.gov.in,2026-10-03,false
INB030062619,PRAMOD KUMAR DABRIWALA,Stock Broker (Equity),Active,https://www.sebi.gov.in,2026-10-03,false
INB030062717,PAWAN KUMAR SONTHALIA,Stock Broker (Equity),Active,https://www.sebi.gov.in,2026-10-03,false
INB030063011,SHANTIKUMAR CHIRANJILAL LOYALKA,Stock Broker (Equity),Active,https://www.sebi.gov.in,2026-10-03,false
INB030063119,OM PRAKASH BAJAJ,Stock Broker (Equity),Active,https://www.sebi.gov.in,2026-10-03,false
INB030063315,JAI SINGH BORAR,Stock Broker (Equity),Active,https://www.sebi.gov.in,2026-10-03,false
INB030063510,SHEW RATAN SHROFF,Stock Broker (Equity),Active,https://www.sebi.gov.in,2026-10-03,false
INB030063618,PAHARI LAL ROY,Stock Broker (Equity),Active,https://www.sebi.gov.in,2026-10-03,false
INB030063814,VIKASH NEWAR,Stock Broker (Equity),Active,https://www.sebi.gov.in,2026-10-03,false
INB030063912,ANITA MEHRA,Stock Broker (Equity),Active,https://www.sebi.gov.in,2026-10-03,false
INB030064216,NARESH KUMAR AGARWAL,Stock Broker (Equity),Active,https://www.sebi.gov.in,2026-10-03,false
INB030064314,ANIL DHELIA,Stock Broker (Equity),Active,https://www.sebi.gov.in,2026-10-03,false
INB030064412,SUNIL DHELIA,Stock Broker (Equity),Active,https://www.sebi.gov.in,2026-10-03,false
INB030064519,SUSHIL KUMAR AGRAWAL,Stock Broker (Equity),Active,https://www.sebi.gov.in,2026-10-03,false
INB030064617,LALIT KUMAR SHROFF,Stock Broker (Equity),Active,https://www.sebi.gov.in,2026-10-03,false
INB030064813,RAMESH KUMAR SARAF,Stock Broker (Equity),Active,https://www.sebi.gov.in,2026-10-03,false
INB030064911,SURENDRA KUMAR DUGAR,Stock Broker (Equity),Active,https://www.sebi.gov.in,2026-10-03,false
INB030065019,SAJJAN KUMAR SINGHANIA,Stock Broker (Equity),Active,https://www.sebi.gov.in,2026-10-03,false
INB030065117,TARUN SETHIA,Stock Broker (Equity),Active,https://www.sebi.gov.in,2026-10-03,false
INB030065215,SHANKAR LAL PODDAR,Stock Broker (Equity),Active,https://www.sebi.gov.in,2026-10-03,false
INB030065313,SHYAM SUNDER CHIRIPAL,Stock Broker (Equity),Active,https://www.sebi.gov.in,2026-10-03,false
INB030065518,SUDHIR KUMAR SOMANI,Stock Broker (Equity),Active,https://www.sebi.gov.in,2026-10-03,false
INB030065616,PRAMOD KUMAR SARAFF,Stock Broker (Equity),Active,https://www.sebi.gov.in,2026-10-03,false
INB030065714,PAWAN KUMAR SARAF,Stock Broker (Equity),Active,https://www.sebi.gov.in,2026-10-03,false
INB030066018,SURENDRA NATH KAPOOR,Stock Broker (Equity),Active,https://www.sebi.gov.in,2026-10-03,false
INB030066410,SREE GOPAL DAMANI,Stock Broker (Equity),Active,https://www.sebi.gov.in,2026-10-03,false
INB030066615,SHYAMA PRASAD MURARKA,Stock Broker (Equity),Active,https://www.sebi.gov.in,2026-10-03,false
INB030066713,SURESH KUMAR SOMANI,Stock Broker (Equity),Active,https://www.sebi.gov.in,2026-10-03,false
INB030066811,RAM MOHAN SARDA,Stock Broker (Equity),Active,https://www.sebi.gov.in,2026-10-03,false
INB030066919,RAMESH KUMAR KABRA,Stock Broker (Equity),Active,https://www.sebi.gov.in,2026-10-03,false
INB030067017,RAMNIWAS DHANDLANIA,Stock Broker (Equity),Active,https://www.sebi.gov.in,2026-10-03,false
INB030067115,PRAMILA LATH,Stock Broker (Equity),Active,https://www.sebi.gov.in,2026-10-03,false
INB030067213,HARI PRAKASH KABRA,Stock Broker (Equity),Active,https://www.sebi.gov.in,2026-10-03,false
INB030067311,DEBABRATA BISWAS,Stock Broker (Equity),Active,https://www.sebi.gov.in,2026-10-03,false
INB030067419,BHAGIRATH MURARKA,Stock Broker (Equity),Active,https://www.sebi.gov.in,2026-10-03,false
INB030068016,DWARKA PRASAD KEJRIWAL,Stock Broker (Equity),Active,https://www.sebi.gov.in,2026-10-03,false
INB030068212,LAKSHMAN PRASAD BUBNA,Stock Broker (Equity),Active,https://www.sebi.gov.in,2026-10-03,false
INB030068418,PARAS RAM SOMANI,Stock Broker (Equity),Active,https://www.sebi.gov.in,2026-10-03,false
INB030068613,B. N. KAPUR,Stock Broker (Equity),Active,https://www.sebi.gov.in,2026-10-03,false
INB030068819,KRISHNA KUMAR KOTHARI,Stock Broker (Equity),Active,https://www.sebi.gov.in,2026-10-03,false
INB030069514,SURAJ RATAN MOHTA,Stock Broker (Equity),Active,https://www.sebi.gov.in,2026-10-03,false
INB030069710,SHIV NARAYAN RATHI,Stock Broker (Equity),Active,https://www.sebi.gov.in,2026-10-03,false
INB030069916,MURLI MANOHAR CHANDAK,Stock Broker (Equity),Active,https://www.sebi.gov.in,2026-10-03,false
INB030070112,MAHESH PRAHLADKA,Stock Broker (Equity),Active,https://www.sebi.gov.in,2026-10-03,false
INB030070210,MOHENDRA NATH MUKHERJEE,Stock Broker (Equity),Active,https://www.sebi.gov.in,2026-10-03,false
INB030070416,MANGTU RAM KEJRIWAL,Stock Broker (Equity),Active,https://www.sebi.gov.in,2026-10-03,false
INB030070719,NARENDRA KUMAR DAKALIA,Stock Broker (Equity),Active,https://www.sebi.gov.in,2026-10-03,false
INB030070915,NARAYAN PRASAD CHOKHANI,Stock Broker (Equity),Active,https://www.sebi.gov.in,2026-10-03,false
INB030071013,JOGENDRA KRISTO DUTT,Stock Broker (Equity),Active,https://www.sebi.gov.in,2026-10-03,false
INB030071219,JAMUNA DASS BAGRI,Stock Broker (Equity),Active,https://www.sebi.gov.in,2026-10-03,false
INB030071317,SHRI KRISHNA BHATTER,Stock Broker (Equity),Active,https://www.sebi.gov.in,2026-10-03,false
INB030071512,SURESH KHEMKA,Stock Broker (Equity),Active,https://www.sebi.gov.in,2026-10-03,false
INB030071610,SHYAM SUNDAR TODI,Stock Broker (Equity),Active,https://www.sebi.gov.in,2026-10-03,false
INB030071718,SURJA NATH NANDY,Stock Broker (Equity),Active,https://www.sebi.gov.in,2026-10-03,false
INB030071816,SURESH KUMAR ALMAL,Stock Broker (Equity),Active,https://www.sebi.gov.in,2026-10-03,false
INB030071914,AMARENDRO KRISTO DUTT,Stock Broker (Equity),Active,https://www.sebi.gov.in,2026-10-03,false
INB030072218,ARUN KUMAR BHUWALKA,Stock Broker (Equity),Active,https://www.sebi.gov.in,2026-10-03,false
INB030072316,ANJU ALMAL,Stock Broker (Equity),Active,https://www.sebi.gov.in,2026-10-03,false
INB030072815,BENI PRASAD KEJRIWAL,Stock Broker (Equity),Active,https://www.sebi.gov.in,2026-10-03,false
INB030073413,KISHAN GOPAL MOHTA,Stock Broker (Equity),Active,https://www.sebi.gov.in,2026-10-03,false
INB030073618,KRISHNA KUMAR JHUNJHUNWALA,Stock Broker (Equity),Active,https://www.sebi.gov.in,2026-10-03,false
INB030073716,LALITA KAYAN,Stock Broker (Equity),Active,https://www.sebi.gov.in,2026-10-03,false
INB030074216,RAJESH KUMAR MISHRA,Stock Broker (Equity),Active,https://www.sebi.gov.in,2026-10-03,false
INB030074314,RAJENDRA KUMAR BACHHAWAT,Stock Broker (Equity),Active,https://www.sebi.gov.in,2026-10-03,false
INB030074412,RAMESH KUMAR BHATTER,Stock Broker (Equity),Active,https://www.sebi.gov.in,2026-10-03,false
INB030074813,RAJ KUMAR NAHATA,Stock Broker (Equity),Active,https://www.sebi.gov.in,2026-10-03,false
INB030074911,RATAN PRAKASH GUPTA,Stock Broker (Equity),Active,https://www.sebi.gov.in,2026-10-03,false
INB030075117,SUBHASH CHANDRA PACHISIA,Stock Broker (Equity),Active,https://www.sebi.gov.in,2026-10-03,false
INB030075215,SUSHIL KUMAR MAHESHWARI,Stock Broker (Equity),Active,https://www.sebi.gov.in,2026-10-03,false
INB030075313,SHIWCHANDRAY DABRIWALA,Stock Broker (Equity),Active,https://www.sebi.gov.in,2026-10-03,false
INB030075616,ASHOK KUMAR SUREKA,Stock Broker (Equity),Active,https://www.sebi.gov.in,2026-10-03,false
INB030075714,AJAY BHAUWALA,Stock Broker (Equity),Active,https://www.sebi.gov.in,2026-10-03,false
INB030075812,AJIT KUMAR PAL,Stock Broker (Equity),Active,https://www.sebi.gov.in,2026-10-03,false
INB030076018,JAGDISH PRASAD MAHESWARI,Stock Broker (Equity),Active,https://www.sebi.gov.in,2026-10-03,false
INB030076312,LALIT KUMAR LAKHOTIA,Stock Broker (Equity),Active,https://www.sebi.gov.in,2026-10-03,false
INB030076615,RAJESH SHAH,Stock Broker (Equity),Active,https://www.sebi.gov.in,2026-10-03,false
INB030076713,SUNDER LAL GUPTA,Stock Broker (Equity),Active,https://www.sebi.gov.in,2026-10-03,false
INB030078016,JANKI DAS MOHATA,Stock Broker (Equity),Active,https://www.sebi.gov.in,2026-10-03,false
INB030078310,RAJ KARAN BACHHAWAT,Stock Broker (Equity),Active,https://www.sebi.gov.in,2026-10-03,false
INB030078418,R.NARASIMHAN,Stock Broker (Equity),Active,https://www.sebi.gov.in,2026-10-03,false
INB030078613,VINAY B.KAPADIA,Stock Broker (Equity),Active,https://www.sebi.gov.in,2026-10-03,false
INB030078819,NAVNEET MOHTA,Stock Broker (Equity),Active,https://www.sebi.gov.in,2026-10-03,false
INB030079015,PRADEEP KUMAR KAPOOR,Stock Broker (Equity),Active,https://www.sebi.gov.in,2026-10-03,false
INB030079211,KAILASH CHANDRA KAPUR,Stock Broker (Equity),Active,https://www.sebi.gov.in,2026-10-03,false
INB030085311,DHARAM PAL ARORA,Stock Broker (Equity),Active,https://www.sebi.gov.in,2026-10-03,false
INB030124417,JAYESH P. KHANDWALA,Stock Broker (Equity),Active,https://www.sebi.gov.in,2026-10-03,false
INB030185812,MOHAN KUMAR DHANUKA,Stock Broker (Equity),Active,https://www.sebi.gov.in,2026-10-03,false
INB030357311,LALITA JAIN,Stock Broker (Equity),Active,https://www.sebi.gov.in,2026-10-03,false
INB030446928,KAMAL PAREKH,Stock Broker (Equity),Active,https://www.sebi.gov.in,2026-10-03,false
INB030447026,UTSAV PAREKH,Stock Broker (Equity),Active,https://www.sebi.gov.in,2026-10-03,false
INB030447124,SEVANTILAL ANOOPCHAND SHAH,Stock Broker (Equity),Active,https://www.sebi.gov.in,2026-10-03,false
INB030447222,RAJESH VARMA,Stock Broker (Equity),Active,https://www.sebi.gov.in,2026-10-03,false
INB030447525,DEO KISHAN MOHTA,Stock Broker (Equity),Active,https://www.sebi.gov.in,2026-10-03,false
INB030447623,BIRENDRA KUMAR ROY,Stock Broker (Equity),Active,https://www.sebi.gov.in,2026-10-03,false
INB030447721,KARTICK CHANDRA DUTT,Stock Broker (Equity),Active,https://www.sebi.gov.in,2026-10-03,false
INB030447829,JAIHIND KABRA,Stock Broker (Equity),Active,https://www.sebi.gov.in,2026-10-03,false
INB030448329,AMARESH MUKHERJEE,Stock Broker (Equity),Active,https://www.sebi.gov.in,2026-10-03,false
INB030448622,SHRAVAN KUMAR BAGLA,Stock Broker (Equity),Active,https://www.sebi.gov.in,2026-10-03,false
INB030448828,SHREE KRISHAN BAGLA,Stock Broker (Equity),Active,https://www.sebi.gov.in,2026-10-03,false
INB030449122,RADHESHYAM KHANDELWAL,Stock Broker (Equity),Active,https://www.sebi.gov.in,2026-10-03,false
INB030449220,SACHINDRA NATH NUNDY,Stock Broker (Equity),Active,https://www.sebi.gov.in,2026-10-03,false
INB030449328,PRASANTA NUNDY,Stock Broker (Equity),Active,https://www.sebi.gov.in,2026-10-03,false
INB030449729,SAWAL RAM SHROFF,Stock Broker (Equity),Active,https://www.sebi.gov.in,2026-10-03,false
INB030449827,SUDHINDRA MOHAN MITRA,Stock Broker (Equity),Active,https://www.sebi.gov.in,2026-10-03,false
INB030450121,SUMIT MITRA,Stock Broker (Equity),Active,https://www.sebi.gov.in,2026-10-03,false
INB030450327,GOPAL DAS BAGREE,Stock Broker (Equity),Active,https://www.sebi.gov.in,2026-10-03,false
INB030450522,VISHWANATH PRASAD TANDON,Stock Broker (Equity),Active,https://www.sebi.gov.in,2026-10-03,false
INB030450620,ARUN KHANDELWAL,Stock Broker (Equity),Active,https://www.sebi.gov.in,2026-10-03,false
INB030450728,TARUN KHANDELWAL,Stock Broker (Equity),Active,https://www.sebi.gov.in,2026-10-03,false
INB030450826,PREMNATH KHANDELWAL,Stock Broker (Equity),Active,https://www.sebi.gov.in,2026-10-03,false
INB030450924,DEBASISH RAY,Stock Broker (Equity),Active,https://www.sebi.gov.in,2026-10-03,false
INB030451022,GOVARDHAN DASS KEJRIWAL,Stock Broker (Equity),Active,https://www.sebi.gov.in,2026-10-03,false
INB030451120,SHESH KARAN SINGHI,Stock Broker (Equity),Active,https://www.sebi.gov.in,2026-10-03,false
INB030451228,GIRISH S. MEHTA,Stock Broker (Equity),Active,https://www.sebi.gov.in,2026-10-03,false
INB030451326,HIMANSHU AJMERA,Stock Broker (Equity),Active,https://www.sebi.gov.in,2026-10-03,false
INB030451521,HIRALAL LAKHOTIA,Stock Broker (Equity),Active,https://www.sebi.gov.in,2026-10-03,false
INB030471914,NARAIN PRASAD DALMIA,Stock Broker (Equity),Active,https://www.sebi.gov.in,2026-10-03,false
INB030473217,VINOD BAID,Stock Broker (Equity),Active,https://www.sebi.gov.in,2026-10-03,false
INB030474939,CANBANK FINANCIAL SERVICES LTD.,Stock Broker (Equity),Active,https://www.sebi.gov.in,2026-10-03,false
INB030475037,SBI CAPITAL MARKETS LTD.,Stock Broker (Equity),Active,https://www.sebi.gov.in,2026-10-03,false
INB030475448,INDUSTRIAL FINANCE CORPO.OF INDIA,Stock Broker (Equity),Active,https://www.sebi.gov.in,2026-10-03,false
INB030482913,RADHESHYAM GOENKA,Stock Broker (Equity),Active,https://www.sebi.gov.in,2026-10-03,false
INB030483119,MATADIN GOENKA,Stock Broker (Equity),Active,https://www.sebi.gov.in,2026-10-03,false
INB030483315,JAGDISH PRASAD BHALOTIA,Stock Broker (Equity),Active,https://www.sebi.gov.in,2026-10-03,false
INB030483413,HANUMAN PRASAD DHANUKA,Stock Broker (Equity),Active,https://www.sebi.gov.in,2026-10-03,false
INB030483618,BIMAL KUMAR CHIRIMAR,Stock Broker (Equity),Active,https://www.sebi.gov.in,2026-10-03,false
INB030483716,NETAI CHAND SEAL,Stock Broker (Equity),Active,https://www.sebi.gov.in,2026-10-03,false
INB030483912,HANUMAN PRASAD SARAF,Stock Broker (Equity),Active,https://www.sebi.gov.in,2026-10-03,false
INB030484010,HIRA LAL DAGA,Stock Broker (Equity),Active,https://www.sebi.gov.in,2026-10-03,false
INB030484118,DINENDRA NATH SIRCAR,Stock Broker (Equity),Active,https://www.sebi.gov.in,2026-10-03,false
INB030484216,NIRENDRA NATH SARKAR,Stock Broker (Equity),Active,https://www.sebi.gov.in,2026-10-03,false
INB030484314,BHAGWATI PRASAD LOHIA,Stock Broker (Equity),Active,https://www.sebi.gov.in,2026-10-03,false
INB030484412,HEMENDRA L. ASHER,Stock Broker (Equity),Active,https://www.sebi.gov.in,2026-10-03,false
INB030484519,HARI RAM KHANDELWAL,Stock Broker (Equity),Active,https://www.sebi.gov.in,2026-10-03,false
INB030484617,MOTILAL JALAN,Stock Broker (Equity),Active,https://www.sebi.gov.in,2026-10-03,false
INB030484813,HARI RAM SHARMA,Stock Broker (Equity),Active,https://www.sebi.gov.in,2026-10-03,false
INB030485019,DINESH KUMAR KANORIA,Stock Broker (Equity),Active,https://www.sebi.gov.in,2026-10-03,false
INB030485117,SHARDA CHARAN CHATURVEDI,Stock Broker (Equity),Active,https://www.sebi.gov.in,2026-10-03,false
INB030485215,SUMAN K TRIVEDI,Stock Broker (Equity),Active,https://www.sebi.gov.in,2026-10-03,false
INB030485411,BHIM SEN CHATURVEDI,Stock Broker (Equity),Active,https://www.sebi.gov.in,2026-10-03,false
INB030485616,BADRI PRASAD PODDAR,Stock Broker (Equity),Active,https://www.sebi.gov.in,2026-10-03,false
INB030485714,NAND KUMAR PODDAR,Stock Broker (Equity),Active,https://www.sebi.gov.in,2026-10-03,false
INB030485812,RAJ GOPAL BANGUR,Stock Broker (Equity),Active,https://www.sebi.gov.in,2026-10-03,false
INB030485910,KAMAL KUMAR NEOGI,Stock Broker (Equity),Active,https://www.sebi.gov.in,2026-10-03,false
INB030486116,DAVID ALBERT SILLIMAN,Stock Broker (Equity),Active,https://www.sebi.gov.in,2026-10-03,false
INB030486312,PAWAN KUMAR CHIRIMAR,Stock Broker (Equity),Active,https://www.sebi.gov.in,2026-10-03,false
INB030486517,OMPRAKASH AGARWAL,Stock Broker (Equity),Active,https://www.sebi.gov.in,2026-10-03,false
INB030486713,SHREE KUMAR MAJEJI,Stock Broker (Equity),Active,https://www.sebi.gov.in,2026-10-03,false
INB030487017,SAJAN KUMAR NATHANY,Stock Broker (Equity),Active,https://www.sebi.gov.in,2026-10-03,false
INB030487213,MOHAN SWAROOP CHATURVEDI,Stock Broker (Equity),Active,https://www.sebi.gov.in,2026-10-03,false
INB030487311,MAHABIR PRASAD BUKREDIWALA,Stock Broker (Equity),Active,https://www.sebi.gov.in,2026-10-03,false
INB030487419,SHANKAR LAL MODI,Stock Broker (Equity),Active,https://www.sebi.gov.in,2026-10-03,false
INB030488016,RAJENDRA PRASAD SANGANERIA,Stock Broker (Equity),Active,https://www.sebi.gov.in,2026-10-03,false
INB030488212,BANWARI LAL KEJDIWAL,Stock Broker (Equity),Active,https://www.sebi.gov.in,2026-10-03,false
INB030488310,HARALALL ROY,Stock Broker (Equity),Active,https://www.sebi.gov.in,2026-10-03,false
INB030488418,JAGMOHAN KHEMKA,Stock Broker (Equity),Active,https://www.sebi.gov.in,2026-10-03,false
INB030488515,DINESH KUMAR MEHROTRA,Stock Broker (Equity),Active,https://www.sebi.gov.in,2026-10-03,false
INB030488819,PURANMALL KEDIA,Stock Broker (Equity),Active,https://www.sebi.gov.in,2026-10-03,false
INB030488917,AJIT KHANDELWAL,Stock Broker (Equity),Active,https://www.sebi.gov.in,2026-10-03,false
INB030489113,SUNIL KUMAR SARKAR,Stock Broker (Equity),Active,https://www.sebi.gov.in,2026-10-03,false
INB030489417,PRABHUDAS NARSI MANEK,Stock Broker (Equity),Active,https://www.sebi.gov.in,2026-10-03,false
INB030489514,SHANKARLAL PASARI,Stock Broker (Equity),Active,https://www.sebi.gov.in,2026-10-03,false
INB030489710,ARUN KUMAR MUNDRA,Stock Broker (Equity),Active,https://www.sebi.gov.in,2026-10-03,false
INB030489916,SREE GOPAL NATHANY,Stock Broker (Equity),Active,https://www.sebi.gov.in,2026-10-03,false
INB030490014,THANESHWAR PRASAD CHATURVEDI,Stock Broker (Equity),Active,https://www.sebi.gov.in,2026-10-03,false
INB030490112,ATINDRANATH SARKAR,Stock Broker (Equity),Active,https://www.sebi.gov.in,2026-10-03,false
INB030490611,MURARILAL CHIRIMAR,Stock Broker (Equity),Active,https://www.sebi.gov.in,2026-10-03,false
INB030490719,BIJAY KUMAR DHELIA,Stock Broker (Equity),Active,https://www.sebi.gov.in,2026-10-03,false
INB030490915,ARJUN KUMAR ROY,Stock Broker (Equity),Active,https://www.sebi.gov.in,2026-10-03,false
INB030491219,NANDLAL KEJRIWAL,Stock Broker (Equity),Active,https://www.sebi.gov.in,2026-10-03,false
INB030491415,ARUN KUMAR TULSYAN,Stock Broker (Equity),Active,https://www.sebi.gov.in,2026-10-03,false
INB030491718,SHREE KUMAR BANGUR,Stock Broker (Equity),Active,https://www.sebi.gov.in,2026-10-03,false
INB030491816,BALBHADRA DAS BANGUR,Stock Broker (Equity),Active,https://www.sebi.gov.in,2026-10-03,false
INB030491914,KRISHNA KUMAR MIMANI,Stock Broker (Equity),Active,https://www.sebi.gov.in,2026-10-03,false
INB030492110,VINAYCHANDRA J. VORA,Stock Broker (Equity),Active,https://www.sebi.gov.in,2026-10-03,false
INB030492218,BALLABH DASS DAGA,Stock Broker (Equity),Active,https://www.sebi.gov.in,2026-10-03,false
INB030492628,ABHA CHANGOIWALA,Stock Broker (Equity),Active,https://www.sebi.gov.in,2026-10-03,false
INB030492824,DEVDUTT BASU,Stock Broker (Equity),Active,https://www.sebi.gov.in,2026-10-03,false
INB030492911,SANDIP KAMPANI,Stock Broker (Equity),Active,https://www.sebi.gov.in,2026-10-03,false
INB030493039,HEMAL KAMPANI,Stock Broker (Equity),Active,https://www.sebi.gov.in,2026-10-03,false
INB030493235,VARJIVAN C. KAMPANI,Stock Broker (Equity),Active,https://www.sebi.gov.in,2026-10-03,false
INB030493812,PRADEEP PASARI,Stock Broker (Equity),Active,https://www.sebi.gov.in,2026-10-03,false
INB030510318,AJIT KUMAR BHUWALKA,Stock Broker (Equity),Active,https://www.sebi.gov.in,2026-10-03,false
INB030510513,NAND KISHORE PODDAR,Stock Broker (Equity),Active,https://www.sebi.gov.in,2026-10-03,false
INB030510817,SEWKARAN DHELIA,Stock Broker (Equity),Active,https://www.sebi.gov.in,2026-10-03,false
INB030510915,NAND KISHORE DAGA,Stock Broker (Equity),Active,https://www.sebi.gov.in,2026-10-03,false
INB030511219,CHANDI PRASAD MODI,Stock Broker (Equity),Active,https://www.sebi.gov.in,2026-10-03,false
INB030511512,JASVANTRAI SHETH,Stock Broker (Equity),Active,https://www.sebi.gov.in,2026-10-03,false
INB030511816,MAHENDRA KUMAR CHIRIPAL,Stock Broker (Equity),Active,https://www.sebi.gov.in,2026-10-03,false
INB030512218,GOPAL KRISHAN BHAIA,Stock Broker (Equity),Active,https://www.sebi.gov.in,2026-10-03,false
INB030512316,GOKUL DASS BAGRI,Stock Broker (Equity),Active,https://www.sebi.gov.in,2026-10-03,false
INB030512414,NAWAL KISHORE KEJRIWAL,Stock Broker (Equity),Active,https://www.sebi.gov.in,2026-10-03,false
INB030512511,HAR KISHORE KEJRIWAL,Stock Broker (Equity),Active,https://www.sebi.gov.in,2026-10-03,false
INB030512619,JADAVJI L. MODHA,Stock Broker (Equity),Active,https://www.sebi.gov.in,2026-10-03,false
INB030512717,INDERCHAND SURANA,Stock Broker (Equity),Active,https://www.sebi.gov.in,2026-10-03,false
INB030512913,SHEWRAM BERIWALA,Stock Broker (Equity),Active,https://www.sebi.gov.in,2026-10-03,false
INB030513011,SHUBHA KARAN LOHIA,Stock Broker (Equity),Active,https://www.sebi.gov.in,2026-10-03,false
INB030513119,BALLABH DAS DWARKANI,Stock Broker (Equity),Active,https://www.sebi.gov.in,2026-10-03,false
INB030513217,BASANT KUMAR CHIRIMAR,Stock Broker (Equity),Active,https://www.sebi.gov.in,2026-10-03,false
INB030513315,CHANDRA KISHORE KEJRIWAL,Stock Broker (Equity),Active,https://www.sebi.gov.in,2026-10-03,false
INB030513413,DEEPCHAND NAHATA,Stock Broker (Equity),Active,https://www.sebi.gov.in,2026-10-03,false
INB030513618,PRABHU DAYAL TODI,Stock Broker (Equity),Active,https://www.sebi.gov.in,2026-10-03,false
INB030513814,RAJENDRA KUMAR SARAOGI,Stock Broker (Equity),Active,https://www.sebi.gov.in,2026-10-03,false
INB030514412,BHOGILAL ANOPCHAND,Stock Broker (Equity),Active,https://www.sebi.gov.in,2026-10-03,false
INB030514519,KRISHAN KUMAR JALAN,Stock Broker (Equity),Active,https://www.sebi.gov.in,2026-10-03,false
INB030514724,BENU GOPAL BANGUR,Stock Broker (Equity),Active,https://www.sebi.gov.in,2026-10-03,false
INB030514822,GOBINDLALL BANGUR,Stock Broker (Equity),Active,https://www.sebi.gov.in,2026-10-03,false
INB030515028,NARSING DASS BANGUR,Stock Broker (Equity),Active,https://www.sebi.gov.in,2026-10-03,false
INB030515126,MAHESH CHANDRA KHEMKA,Stock Broker (Equity),Active,https://www.sebi.gov.in,2026-10-03,false
INB030528917,J.T. AMIRTHASINGH,Stock Broker (Equity),Active,https://www.sebi.gov.in,2026-10-03,false
INB030548739,BLB SHARES & FINANCIAL SERV. LTD,Stock Broker (Equity),Active,https://www.sebi.gov.in,2026-10-03,false
INB030552012,MAHADEO AGARWALA,Stock Broker (Equity),Active,https://www.sebi.gov.in,2026-10-03,false
INB030555215,GAURI SHANKAR KAYAN,Stock Broker (Equity),Active,https://www.sebi.gov.in,2026-10-03,false
INB030556116,K.L. RAJGARHIA,Stock Broker (Equity),Active,https://www.sebi.gov.in,2026-10-03,false
INB030556214,BIMAL KUMAR LILA,Stock Broker (Equity),Active,https://www.sebi.gov.in,2026-10-03,false
INB030556713,KRISHNA MURARI KHANDELWAL,Stock Broker (Equity),Active,https://www.sebi.gov.in,2026-10-03,false
INB030556811,SITARAM DAGA,Stock Broker (Equity),Active,https://www.sebi.gov.in,2026-10-03,false
INB030556919,VINOD KUMAR KEDIA,Stock Broker (Equity),Active,https://www.sebi.gov.in,2026-10-03,false
INB030567339,CLASSIC SHR & STK BRKNG SERV LTD,Stock Broker (Equity),Active,https://www.sebi.gov.in,2026-10-03,false
INB030570531,CPL SECURITIES PRIVATE LIMITED,Stock Broker (Equity),Active,https://www.sebi.gov.in,2026-10-03,false
INB030570639,MEGA STOCKS LTD,Stock Broker (Equity),Active,https://www.sebi.gov.in,2026-10-03,false
INB030578737,KLG SECUIRITIES LTD,Stock Broker (Equity),Active,https://www.sebi.gov.in,2026-10-03,false
INB030581638,J.THOMAS INVESTMENT SERVICES PVT LT,Stock Broker (Equity),Active,https://www.sebi.gov.in,2026-10-03,false
INB030604617,BHIKHAMCHAND LAMBORIA,Stock Broker (Equity),Active,https://www.sebi.gov.in,2026-10-03,false
INB030604715,PRAMOD KUMAR MAHESHWARI,Stock Broker (Equity),Active,https://www.sebi.gov.in,2026-10-03,false
INB030604911,KAMALA PRASAD BIHANI,Stock Broker (Equity),Active,https://www.sebi.gov.in,2026-10-03,false
INB030605019,SATYA NARAYAN SUREKA,Stock Broker (Equity),Active,https://www.sebi.gov.in,2026-10-03,false
INB030605313,SURYA KANT DALMIA,Stock Broker (Equity),Active,https://www.sebi.gov.in,2026-10-03,false
INB030605616,ASHOK KUMAR JHAWAR,Stock Broker (Equity),Active,https://www.sebi.gov.in,2026-10-03,false
INB030605714,PRAKASH KUMAR MOHTA,Stock Broker (Equity),Active,https://www.sebi.gov.in,2026-10-03,false
INB030605812,OM PRAKASH THARD,Stock Broker (Equity),Active,https://www.sebi.gov.in,2026-10-03,false
INB030606018,PAWAN KUMAR HARLALKA,Stock Broker (Equity),Active,https://www.sebi.gov.in,2026-10-03,false
INB030606116,MAHESH KUMAR BALASARIA,Stock Broker (Equity),Active,https://www.sebi.gov.in,2026-10-03,false
INB030606410,PAWAN KUMAR TODI,Stock Broker (Equity),Active,https://www.sebi.gov.in,2026-10-03,false
INB030621718,SANJAY PANSARI,Stock Broker (Equity),Active,https://www.sebi.gov.in,2026-10-03,false
INB030622012,SHREE RATAN BAHETY,Stock Broker (Equity),Active,https://www.sebi.gov.in,2026-10-03,false
INB030657115,BIMAL KUMAR BARARIA,Stock Broker (Equity),Active,https://www.sebi.gov.in,2026-10-03,false
INB030657516,PRADEEP GOENKA,Stock Broker (Equity),Active,https://www.sebi.gov.in,2026-10-03,false
INB030657712,VINOD KUMAR JAIN,Stock Broker (Equity),Active,https://www.sebi.gov.in,2026-10-03,false
INB030657918,GOPI KRISHAN THARD,Stock Broker (Equity),Active,https://www.sebi.gov.in,2026-10-03,false
INB030658016,DILIP KUMAR KHANDELWAL,Stock Broker (Equity),Active,https://www.sebi.gov.in,2026-10-03,false
INB030658114,OM PRAKASH LADIA,Stock Broker (Equity),Active,https://www.sebi.gov.in,2026-10-03,false
INB030658212,BIJAY KUMAR DAGA,Stock Broker (Equity),Active,https://www.sebi.gov.in,2026-10-03,false
INB030658310,GOPAL DAS CHANDAK,Stock Broker (Equity),Active,https://www.sebi.gov.in,2026-10-03,false
INB030658418,GHANSHYAM TAPARIA,Stock Broker (Equity),Active,https://www.sebi.gov.in,2026-10-03,false
INB030658515,PRAVIN DIDWANIA,Stock Broker (Equity),Active,https://www.sebi.gov.in,2026-10-03,false
INB030658613,CHANDRAKANT PHUMBHRA,Stock Broker (Equity),Active,https://www.sebi.gov.in,2026-10-03,false
INB030658711,GANESH KUMAR SINGHANIA,Stock Broker (Equity),Active,https://www.sebi.gov.in,2026-10-03,false
INB030659015,GIRDHARI LAL SARAF,Stock Broker (Equity),Active,https://www.sebi.gov.in,2026-10-03,false
INB030659113,TARAL DOSHI,Stock Broker (Equity),Active,https://www.sebi.gov.in,2026-10-03,false
INB030659220,RAMESH J. MEHTA,Stock Broker (Equity),Active,https://www.sebi.gov.in,2026-10-03,false
INB030659328,SUNIL KEDIA,Stock Broker (Equity),Active,https://www.sebi.gov.in,2026-10-03,false
INB030664412,GHAN SHYAM DAS MOHATA,Stock Broker (Equity),Active,https://www.sebi.gov.in,2026-10-03,false
INB030664519,MADANLAL BAFNA,Stock Broker (Equity),Active,https://www.sebi.gov.in,2026-10-03,false
INB030664813,SARITA DHANUKA,Stock Broker (Equity),Active,https://www.sebi.gov.in,2026-10-03,false
INB030665019,ANVER HUSSAIN,Stock Broker (Equity),Active,https://www.sebi.gov.in,2026-10-03,false
INB030665117,BAL BINOD BAJORIA,Stock Broker (Equity),Active,https://www.sebi.gov.in,2026-10-03,false
INB030665313,B.N. CHATURVEDI,Stock Broker (Equity),Active,https://www.sebi.gov.in,2026-10-03,false
INB030665411,JAMNADAS L. SONPAL,Stock Broker (Equity),Active,https://www.sebi.gov.in,2026-10-03,false
INB030665518,MAHESH GUPTA,Stock Broker (Equity),Active,https://www.sebi.gov.in,2026-10-03,false
INB030665910,NARENDRA M PATEL,Stock Broker (Equity),Active,https://www.sebi.gov.in,2026-10-03,false
INB030666018,NANDLAL TANTIA,Stock Broker (Equity),Active,https://www.sebi.gov.in,2026-10-03,false
INB030666116,PURSHOTTAM DAS BERIWALA,Stock Broker (Equity),Active,https://www.sebi.gov.in,2026-10-03,false
INB030666214,ROSHANLAL SINGHANIA,Stock Broker (Equity),Active,https://www.sebi.gov.in,2026-10-03,false
INB030666312,RAM RATAN SONIHALIA,Stock Broker (Equity),Active,https://www.sebi.gov.in,2026-10-03,false
INB030666410,SHANTI SEAL,Stock Broker (Equity),Active,https://www.sebi.gov.in,2026-10-03,false
INB030666517,SATYA NARAYAN BHALOTIA,Stock Broker (Equity),Active,https://www.sebi.gov.in,2026-10-03,false
INB030666615,SHREE NARAYAN BAGLA,Stock Broker (Equity),Active,https://www.sebi.gov.in,2026-10-03,false
INB030666811,VIJAY SINGH BENGANI,Stock Broker (Equity),Active,https://www.sebi.gov.in,2026-10-03,false
INB030666919,ARUN SHROFF,Stock Broker (Equity),Active,https://www.sebi.gov.in,2026-10-03,false
INB030667115,GITA MEHARA,Stock Broker (Equity),Active,https://www.sebi.gov.in,2026-10-03,false
INB030667213,JAI KRISHAN JHUNJHUNWALA,Stock Broker (Equity),Active,https://www.sebi.gov.in,2026-10-03,false
INB030667311,NAND GOPAL BANGUR,Stock Broker (Equity),Active,https://www.sebi.gov.in,2026-10-03,false
INB030667419,OM PRAKASH TANTIA,Stock Broker (Equity),Active,https://www.sebi.gov.in,2026-10-03,false
INB030667516,PAWAN KUMAR SINGHANIA,Stock Broker (Equity),Active,https://www.sebi.gov.in,2026-10-03,false
INB030667918,SHRUTI MOHTA,Stock Broker (Equity),Active,https://www.sebi.gov.in,2026-10-03,false
INB030668114,SUCHITRA NATHANY,Stock Broker (Equity),Active,https://www.sebi.gov.in,2026-10-03,false
INB030668310,SHIV RATAN BHIWANIWALA,Stock Broker (Equity),Active,https://www.sebi.gov.in,2026-10-03,false
INB030668418,SASHI MEHRA,Stock Broker (Equity),Active,https://www.sebi.gov.in,2026-10-03,false
INB030668515,SHANKER LAL MARODIA,Stock Broker (Equity),Active,https://www.sebi.gov.in,2026-10-03,false
INB030668613,VIJAY SINGH KOTHARI,Stock Broker (Equity),Active,https://www.sebi.gov.in,2026-10-03,false
INB030668711,MOTILALL PYNE,Stock Broker (Equity),Active,https://www.sebi.gov.in,2026-10-03,false
INB030669015,KAMAL PUGALIA,Stock Broker (Equity),Active,https://www.sebi.gov.in,2026-10-03,false
INB030669113,SATISH KUMAR KARNANI,Stock Broker (Equity),Active,https://www.sebi.gov.in,2026-10-03,false
INB030669319,VIDHAN DUGAR,Stock Broker (Equity),Active,https://www.sebi.gov.in,2026-10-03,false
INB030669417,INDER CHAND BAID,Stock Broker (Equity),Active,https://www.sebi.gov.in,2026-10-03,false
INB030670112,RAMESH KUMAR SARAOGI,Stock Broker (Equity),Active,https://www.sebi.gov.in,2026-10-03,false
INB030670318,NARAYAN PRASAD GOENKA,Stock Broker (Equity),Active,https://www.sebi.gov.in,2026-10-03,false
INB030670719,RAJENDRA KEJRIWAL,Stock Broker (Equity),Active,https://www.sebi.gov.in,2026-10-03,false
INB030670915,KEDARNATH FATHEPURIA,Stock Broker (Equity),Active,https://www.sebi.gov.in,2026-10-03,false
INB030671111,ANANDI LAL SHAH,Stock Broker (Equity),Active,https://www.sebi.gov.in,2026-10-03,false
INB030671512,KAMAL KUMAR DUGAR,Stock Broker (Equity),Active,https://www.sebi.gov.in,2026-10-03,false
INB030671610,LALIT KUMAR MARODIA,Stock Broker (Equity),Active,https://www.sebi.gov.in,2026-10-03,false
INB030671816,RAJEEV PHUMBHRA,Stock Broker (Equity),Active,https://www.sebi.gov.in,2026-10-03,false
INB030672218,MAHENDRA KUMAR BHAIA,Stock Broker (Equity),Active,https://www.sebi.gov.in,2026-10-03,false
INB030672726,MAHADEO PRASAD BALASARIA,Stock Broker (Equity),Active,https://www.sebi.gov.in,2026-10-03,false
INB030672824,SUBRATA NUNDY,Stock Broker (Equity),Active,https://www.sebi.gov.in,2026-10-03,false
INB030684234,REGENCY SHARE & STOCK BROKERS LTD.,Stock Broker (Equity),Active,https://www.sebi.gov.in,2026-10-03,false
INB030684332,PRUDENTIAL STOCK BROKING SERVS.LTD.,Stock Broker (Equity),Active,https://www.sebi.gov.in,2026-10-03,false
INB030684813,SHARAD CHANDRA JHUNJHUNWALA,Stock Broker (Equity),Active,https://www.sebi.gov.in,2026-10-03,false
INB030693618,RAJESH CHIRIMAR,Stock Broker (Equity),Active,https://www.sebi.gov.in,2026-10-03,false
INB030693716,GORDHAN DAS KOTHARI,Stock Broker (Equity),Active,https://www.sebi.gov.in,2026-10-03,false
INB030693823,SHIV KISHAN SARAF,Stock Broker (Equity),Active,https://www.sebi.gov.in,2026-10-03,false
INB030700513,PAWAN KUMAR SULTANIA,Stock Broker (Equity),Active,https://www.sebi.gov.in,2026-10-03,false
INB030700737,DAYCO SECURITIES PRIVATE LIMITED,Stock Broker (Equity),Active,https://www.sebi.gov.in,2026-10-03,false
INB030707017,RAJ KUMAR SHROFF,Stock Broker (Equity),Active,https://www.sebi.gov.in,2026-10-03,false
INB030707213,ALOK PRAKASH PODDAR,Stock Broker (Equity),Active,https://www.sebi.gov.in,2026-10-03,false
INB030707311,INDER CHAND BHANDARI,Stock Broker (Equity),Active,https://www.sebi.gov.in,2026-10-03,false
INB030707632,BUBNA STOCK BROKING SERVS LTD,Stock Broker (Equity),Active,https://www.sebi.gov.in,2026-10-03,false
INB030707730,GLOBAL STOCK BROKING SERVICES P LTD,Stock Broker (Equity),Active,https://www.sebi.gov.in,2026-10-03,false
INB030723832,BAJAJ PORTFOLIO SERVICES PVT LTD,Stock Broker (Equity),Active,https://www.sebi.gov.in,2026-10-03,false
INB030723930,WIDEANGLE FINANCIAL SERVICES LTD,Stock Broker (Equity),Active,https://www.sebi.gov.in,2026-10-03,false
INB030724136,GINNI SECURITIES LTD.,Stock Broker (Equity),Active,https://www.sebi.gov.in,2026-10-03,false
INB030724715,DILIP KUMAR GOENKA,Stock Broker (Equity),Active,https://www.sebi.gov.in,2026-10-03,false
INB030724813,RAMESH KUMAR GOENKA,Stock Broker (Equity),Active,https://www.sebi.gov.in,2026-10-03,false
INB030725019,SARWAN KUMAR SABOO,Stock Broker (Equity),Active,https://www.sebi.gov.in,2026-10-03,false
INB030757133,K.C. SOMANI STK BROKING SER.(P)LTD.,Stock Broker (Equity),Active,https://www.sebi.gov.in,2026-10-03,false
INB030757231,SHREE HARIVANSHA SECURITIES (P)LTD.,Stock Broker (Equity),Active,https://www.sebi.gov.in,2026-10-03,false
INB030757339,SOMANI STOCK BROKING PVT. LTD.,Stock Broker (Equity),Active,https://www.sebi.gov.in,2026-10-03,false
INB030757437,KANDOI SECURITIES PVT. LTD.,Stock Broker (Equity),Active,https://www.sebi.gov.in,2026-10-03,false
INB030757632,RKDK CAPITAL MARKET LTD,Stock Broker (Equity),Active,https://www.sebi.gov.in,2026-10-03,false
INB030757838,SOMANI & SOMANI STK BROK SER.(P)LTD,Stock Broker (Equity),Active,https://www.sebi.gov.in,2026-10-03,false
INB030761816,SURESH KUMAR FOGLA,Stock Broker (Equity),Active,https://www.sebi.gov.in,2026-10-03,false
INB030762110,SUBHASH BAHETI,Stock Broker (Equity),Active,https://www.sebi.gov.in,2026-10-03,false
INB030763538,B.K.C. SECURITIES & SHARE (P) LTD.,Stock Broker (Equity),Active,https://www.sebi.gov.in,2026-10-03,false
INB030764816,AJAY JAIN,Stock Broker (Equity),Active,https://www.sebi.gov.in,2026-10-03,false
INB030766312,MAN MOHAN DAMANI,Stock Broker (Equity),Active,https://www.sebi.gov.in,2026-10-03,false
INB030766438,MCC STOCK & SHARES BROKERS (P) LTD.,Stock Broker (Equity),Active,https://www.sebi.gov.in,2026-10-03,false
INB030776836,ACCORD CAPITAL MARKETS LTD,Stock Broker (Equity),Active,https://www.sebi.gov.in,2026-10-03,false
INB030795135,ELBEE SECURITIES PVT. LIMITED,Stock Broker (Equity),Active,https://www.sebi.gov.in,2026-10-03,false
INB030795233,PARAMOUNT STOCK & SHARE BRO.SER.LTD,Stock Broker (Equity),Active,https://www.sebi.gov.in,2026-10-03,false
INB030795331,DVS STOCK & SHARE BROKING (P) LTD.,Stock Broker (Equity),Active,https://www.sebi.gov.in,2026-10-03,false
INB030795536,LAKSHMI STOCK BROKING (P) LTD.,Stock Broker (Equity),Active,https://www.sebi.gov.in,2026-10-03,false
INB030795812,DINESH KUMAR BANGUR,Stock Broker (Equity),Active,https://www.sebi.gov.in,2026-10-03,false
INB030795910,JATAN DEVI NAHATA,Stock Broker (Equity),Active,https://www.sebi.gov.in,2026-10-03,false
INB030796018,BHAGIRATH PASARI,Stock Broker (Equity),Active,https://www.sebi.gov.in,2026-10-03,false
INB030798034,BKM STOCK BROKERS PVT. LTD.,Stock Broker (Equity),Active,https://www.sebi.gov.in,2026-10-03,false
INB030798132,ANAND SHARE BROKING (P) LTD.,Stock Broker (Equity),Active,https://www.sebi.gov.in,2026-10-03,false
INB030798310,SRI PARMESHWAR DAYAL MATHRAN,Stock Broker (Equity),Active,https://www.sebi.gov.in,2026-10-03,false
INB030798515,AMAR TODI,Stock Broker (Equity),Active,https://www.sebi.gov.in,2026-10-03,false
INB030804332,BPS SECURITIES PVT LTD.,Stock Broker (Equity),Active,https://www.sebi.gov.in,2026-10-03,false
INB030808739,DEWRA STOCKS & SEC. PVT. LTD.,Stock Broker (Equity),Active,https://www.sebi.gov.in,2026-10-03,false
INB030809113,RAGHU RAM KEJRIWAL,Stock Broker (Equity),Active,https://www.sebi.gov.in,2026-10-03,false
INB030827419,KAMAL KISHORE PAHARIA,Stock Broker (Equity),Active,https://www.sebi.gov.in,2026-10-03,false
INB030827516,PRAKASH CHAND BAID,Stock Broker (Equity),Active,https://www.sebi.gov.in,2026-10-03,false
INB030827810,SPAN STOCK BROKING PVT. LIMITED,Stock Broker (Equity),Active,https://www.sebi.gov.in,2026-10-03,false
INB030859814,PRADEEP KUMAR BANSAL,Stock Broker (Equity),Active,https://www.sebi.gov.in,2026-10-03,false
INB030878338,KANODIA STOCK BROKING (P) LTD,Stock Broker (Equity),Active,https://www.sebi.gov.in,2026-10-03,false
INB030878436,JCD STOCK BROKERS PVT. LTD.,Stock Broker (Equity),Active,https://www.sebi.gov.in,2026-10-03,false
INB030878533,CITIZEN SECURITIES (P) LTD.,Stock Broker (Equity),Active,https://www.sebi.gov.in,2026-10-03,false
INB030878631,KAMANI STOCK BROKING SERVS PVT. LTD,Stock Broker (Equity),Active,https://www.sebi.gov.in,2026-10-03,false
INB030878739,H.M.F. STOCK BROKING PVT. LTD.,Stock Broker (Equity),Active,https://www.sebi.gov.in,2026-10-03,false
INB030879033,TRANS ASIA STOCK SERVICES (P) LTD.,Stock Broker (Equity),Active,https://www.sebi.gov.in,2026-10-03,false
INB030879239,STENLY SECURITIES LIMITED,Stock Broker (Equity),Active,https://www.sebi.gov.in,2026-10-03,false
INB030879337,C. MACKERTICH LTD.,Stock Broker (Equity),Active,https://www.sebi.gov.in,2026-10-03,false
INB030879514,BIJAY SHROFF,Stock Broker (Equity),Active,https://www.sebi.gov.in,2026-10-03,false
INB030879612,NILESH KUMAR TIWARY,Stock Broker (Equity),Active,https://www.sebi.gov.in,2026-10-03,false
INB030883119,TULSI KUMAR DUGAR,Stock Broker (Equity),Active,https://www.sebi.gov.in,2026-10-03,false
INB030883333,INVESTECH SECURITIES PVT. LIMITED,Stock Broker (Equity),Active,https://www.sebi.gov.in,2026-10-03,false
INB030883431,PREMIER STK BRO FIN. SER. (P) LTD.,Stock Broker (Equity),Active,https://www.sebi.gov.in,2026-10-03,false
INB030883538,SHYAMJI SECURITIES PVT. LIMITED,Stock Broker (Equity),Active,https://www.sebi.gov.in,2026-10-03,false
INB030883636,KKS SHARE BROKERS LIMITED,Stock Broker (Equity),Active,https://www.sebi.gov.in,2026-10-03,false
INB030904136,JCG SECURITIES (P) LTD.,Stock Broker (Equity),Active,https://www.sebi.gov.in,2026-10-03,false
INB030904234,GCS CAPITAL MARKETS (P) LTD.,Stock Broker (Equity),Active,https://www.sebi.gov.in,2026-10-03,false
INB030904519,BASANT KUMAR SANGANERIA,Stock Broker (Equity),Active,https://www.sebi.gov.in,2026-10-03,false
INB030904617,ASHOK KUMAR SHARDA,Stock Broker (Equity),Active,https://www.sebi.gov.in,2026-10-03,false
INB030904715,ARUN KUMAR SHARDA,Stock Broker (Equity),Active,https://www.sebi.gov.in,2026-10-03,false
INB030910933,BAFNA SECURITIES PRIVATE LTD.,Stock Broker (Equity),Active,https://www.sebi.gov.in,2026-10-03,false
INB030911031,MUDRA STOCKS PRIVATE LTD,Stock Broker (Equity),Active,https://www.sebi.gov.in,2026-10-03,false
INB030911237,RCT SECURITIES PRIVATE LIMITED,Stock Broker (Equity),Active,https://www.sebi.gov.in,2026-10-03,false
INB030911335,SUYASH CAPITAL SERVICES LTD,Stock Broker (Equity),Active,https://www.sebi.gov.in,2026-10-03,false
INB030919239,MAGMA SECURITIES PRIVATE LIMITED,Stock Broker (Equity),Active,https://www.sebi.gov.in,2026-10-03,false
INB030919337,SPA STOCK & SECURITIES P LTD,Stock Broker (Equity),Active,https://www.sebi.gov.in,2026-10-03,false
INB030920611,ISWARI PRASAD PODDAR,Stock Broker (Equity),Active,https://www.sebi.gov.in,2026-10-03,false
INB030930817,SHRI KISHAN JHUNJHUNWALA,Stock Broker (Equity),Active,https://www.sebi.gov.in,2026-10-03,false
INB030930915,GOURANGA MITRA,Stock Broker (Equity),Active,https://www.sebi.gov.in,2026-10-03,false
INB030931013,MR. DIGVIJAY JAGJIVAN,Stock Broker (Equity),Active,https://www.sebi.gov.in,2026-10-03,false
INB030931111,NARAYAN DAS MOHTA,Stock Broker (Equity),Active,https://www.sebi.gov.in,2026-10-03,false
INB030932334,DABRIWALA SECURITIES LIMITED,Stock Broker (Equity),Active,https://www.sebi.gov.in,2026-10-03,false
INB030936018,MUKUL BHATTACHARJEE,Stock Broker (Equity),Active,https://www.sebi.gov.in,2026-10-03,false
INB030942815,LALIT CHHAWCHHARIA,Stock Broker (Equity),Active,https://www.sebi.gov.in,2026-10-03,false
INB030943039,MSV SHARE & STOCK BROKERS LTD,Stock Broker (Equity),Active,https://www.sebi.gov.in,2026-10-03,false
INB030945019,JITENDRA KUMAR BOTHRA,Stock Broker (Equity),Active,https://www.sebi.gov.in,2026-10-03,false
INB030946535,A K STOCK BROKING SERVICES (P) LTD,Stock Broker (Equity),Active,https://www.sebi.gov.in,2026-10-03,false
INB030946633,STAR BROKING PRIVATE LIMITED,Stock Broker (Equity),Active,https://www.sebi.gov.in,2026-10-03,false
INB030947712,DEEPAK CHOUDHURY,Stock Broker (Equity),Active,https://www.sebi.gov.in,2026-10-03,false
INB030948114,MUKESH DOKANIA,Stock Broker (Equity),Active,https://www.sebi.gov.in,2026-10-03,false
INB030948212,VINOD KUMAR RATHI,Stock Broker (Equity),Active,https://www.sebi.gov.in,2026-10-03,false
INB030948310,RAJEEV JHUNJHUNWALA,Stock Broker (Equity),Active,https://www.sebi.gov.in,2026-10-03,false
INB030949211,LADHU RAM PANSARI,Stock Broker (Equity),Active,https://www.sebi.gov.in,2026-10-03,false
INB030949532,SIKARIA SHARE & STOCK BROK.SER.P.LT,Stock Broker (Equity),Active,https://www.sebi.gov.in,2026-10-03,false
INB030950130,BKG STK & SHARE BROKING SER. P LTD,Stock Broker (Equity),Active,https://www.sebi.gov.in,2026-10-03,false
INB030951718,KAMAL KUMAR KOTHARI,Stock Broker (Equity),Active,https://www.sebi.gov.in,2026-10-03,false
INB030951914,RAM MOHTA,Stock Broker (Equity),Active,https://www.sebi.gov.in,2026-10-03,false
INB030952012,SANTOSH KUMAR CHAUDHARY,Stock Broker (Equity),Active,https://www.sebi.gov.in,2026-10-03,false
INB030952110,VIJAY KUMAR JALAN,Stock Broker (Equity),Active,https://www.sebi.gov.in,2026-10-03,false
INB030953431,KOHINOOR STOCKBROKING (P) LTD,Stock Broker (Equity),Active,https://www.sebi.gov.in,2026-10-03,false
INB030955732,TACKEL STOCK BROKING SERV. PVT LTD,Stock Broker (Equity),Active,https://www.sebi.gov.in,2026-10-03,false
INB030958917,SUSHIM KUMAR PODDAR,Stock Broker (Equity),Active,https://www.sebi.gov.in,2026-10-03,false
INB030965439,TOSHITH SECURITIES PVT LTD,Stock Broker (Equity),Active,https://www.sebi.gov.in,2026-10-03,false
INB030966811,BIMAL KUMAR BEDI,Stock Broker (Equity),Active,https://www.sebi.gov.in,2026-10-03,false
INB030967115,BIMAL KUMAR PATODIA,Stock Broker (Equity),Active,https://www.sebi.gov.in,2026-10-03,false
INB030967419,SAJENDRA MOOKIM,Stock Broker (Equity),Active,https://www.sebi.gov.in,2026-10-03,false
INB030972218,MUKESH R THANKY,Stock Broker (Equity),Active,https://www.sebi.gov.in,2026-10-03,false
INB030972414,BASANT KUMAR GOENKA,Stock Broker (Equity),Active,https://www.sebi.gov.in,2026-10-03,false
INB030972511,AMIT SARAF,Stock Broker (Equity),Active,https://www.sebi.gov.in,2026-10-03,false
INB030972717,SUDHIR KUMAR JAIN,Stock Broker (Equity),Active,https://www.sebi.gov.in,2026-10-03,false
INB030972931,KPC SECURITIES PVT LTD,Stock Broker (Equity),Active,https://www.sebi.gov.in,2026-10-03,false
INB030974733,GKK CAPITAL MARKETS PVT LTD,Stock Broker (Equity),Active,https://www.sebi.gov.in,2026-10-03,false
INB030974831,AEKAY SECURITIES LTD,Stock Broker (Equity),Active,https://www.sebi.gov.in,2026-10-03,false
INB030974911,ASHA TODI,Stock Broker (Equity),Active,https://www.sebi.gov.in,2026-10-03,false
INB030978837,M.M.MURARKA SHARES&SECURITIES P.L.,Stock Broker (Equity),Active,https://www.sebi.gov.in,2026-10-03,false
INB030978935,KBM STOCKBROKING SERVICES PVT.LTD.,Stock Broker (Equity),Active,https://www.sebi.gov.in,2026-10-03,false
INB031002430,GKN CAPITAL SERVICES PRIVATE LIMITED,Stock Broker (Equity),Active,https://www.sebi.gov.in,2026-10-03,false
INB031017133,KHEMANI SECURITIES PVT. LTD.,Stock Broker (Equity),Active,https://www.sebi.gov.in,2026-10-03,false
INB031017339,EXCELLENT STOCK BROKING SERVICES PV,Stock Broker (Equity),Active,https://www.sebi.gov.in,2026-10-03,false
INB031017437,KCGP SHARE BROKING SERVICES PVT.LTD,Stock Broker (Equity),Active,https://www.sebi.gov.in,2026-10-03,false
INB031017534,AGBROS SECURITIES PVT. LTD.,Stock Broker (Equity),Active,https://www.sebi.gov.in,2026-10-03,false
INB031017632,LEXUS SHARES & STOCK BROKERS PVT.LT,Stock Broker (Equity),Active,https://www.sebi.gov.in,2026-10-03,false
INB031017730,RAMA SECURITIES PVT. LTD.,Stock Broker (Equity),Active,https://www.sebi.gov.in,2026-10-03,false
INB031018230,VARMA STOCK BROKING PVT. LTD.,Stock Broker (Equity),Active,https://www.sebi.gov.in,2026-10-03,false
INB031018338,VPT SECURITIES PVT. LTD.,Stock Broker (Equity),Active,https://www.sebi.gov.in,2026-10-03,false
INB031018436,SKC SHARE & STOCK BROKING SERVICES PVT.LTD.,Stock Broker (Equity),Active,https://www.sebi.gov.in,2026-10-03,false
INB031018533,SURAJ GLOBAL CAPITAL LTD.,Stock Broker (Equity),Active,https://www.sebi.gov.in,2026-10-03,false
INB031018631,GKCL STOCK BROKING PVT. LTD.,Stock Broker (Equity),Active,https://www.sebi.gov.in,2026-10-03,false
INB031018739,ASIAN SECURITIES EXCHANGE PVT.LTD.,Stock Broker (Equity),Active,https://www.sebi.gov.in,2026-10-03,false
INB031018837,SHRADDHA STOCK BROKING PVT. LTD.,Stock Broker (Equity),Active,https://www.sebi.gov.in,2026-10-03,false
INB031018935,SINGHANIA BROTHERS LTD.,Stock Broker (Equity),Active,https://www.sebi.gov.in,2026-10-03,false
INB031024616,NARENDRA KEJRIWAL,Stock Broker (Equity),Active,https://www.sebi.gov.in,2026-10-03,false
INB031024715,VIMAL KUMAR CHAUDHARY,Stock Broker (Equity),Active,https://www.sebi.gov.in,2026-10-03,false
INB031027213,ADARSH KUMAR HALWASIYA,Stock Broker (Equity),Active,https://www.sebi.gov.in,2026-10-03,false
INB031032437,ANC SECURITIES LTD,Stock Broker (Equity),Active,https://www.sebi.gov.in,2026-10-03,false
INB031032718,SHANTI PRASAD RAKHECHA,Stock Broker (Equity),Active,https://www.sebi.gov.in,2026-10-03,false
INB031033237,PARKLIGHT SECURITIES LTD.,Stock Broker (Equity),Active,https://www.sebi.gov.in,2026-10-03,false
INB031034730,GAJANAN STOCK BROKING & SERVICES PVT LTD,Stock Broker (Equity),Active,https://www.sebi.gov.in,2026-10-03,false
INB031036016,NEELAM SONTHALIA,Stock Broker (Equity),Active,https://www.sebi.gov.in,2026-10-03,false
INB031036412,SANTOSH KUMAR MERTIA,Stock Broker (Equity),Active,https://www.sebi.gov.in,2026-10-03,false
INB031036511,ALOK KUMAR CHOWDHARY,Stock Broker (Equity),Active,https://www.sebi.gov.in,2026-10-03,false
INB031037915,CHANDI PRASAD SIKARI,Stock Broker (Equity),Active,https://www.sebi.gov.in,2026-10-03,false
INB031038012,DINESH GUPTA,Stock Broker (Equity),Active,https://www.sebi.gov.in,2026-10-03,false
INB031038913,NARESH CHAND CHANDAK,Stock Broker (Equity),Active,https://www.sebi.gov.in,2026-10-03,false
INB031039010,BIPIN KUMAR BAJAJ,Stock Broker (Equity),Active,https://www.sebi.gov.in,2026-10-03,false
INB031041438,SOM DATT OVERSEAS LTD.,Stock Broker (Equity),Active,https://www.sebi.gov.in,2026-10-03,false
INB031049431,LNS CAPITAL MARKET PVT. LTD.,Stock Broker (Equity),Active,https://www.sebi.gov.in,2026-10-03,false
INB031049530,GOVINDA STOCK & SECURITIES PVT.LTD.,Stock Broker (Equity),Active,https://www.sebi.gov.in,2026-10-03,false
INB031049639,KCA STOCK BROKING PVT. LTD.,Stock Broker (Equity),Active,https://www.sebi.gov.in,2026-10-03,false
INB031049738,HERALD EQUITIES PVT.LTD.,Stock Broker (Equity),Active,https://www.sebi.gov.in,2026-10-03,false
INB031050934,G.M.BOSU & CO. PVT. LTD.,Stock Broker (Equity),Active,https://www.sebi.gov.in,2026-10-03,false
INB031051031,JALAN SHARE BROKING SERVICES PVT.LTD.,Stock Broker (Equity),Active,https://www.sebi.gov.in,2026-10-03,false
INB031051239,SHIVAM STOCK BROKING PVT. LTD.,Stock Broker (Equity),Active,https://www.sebi.gov.in,2026-10-03,false
INB031051338,FIX FIT SECURITIES PVT. LTD.,Stock Broker (Equity),Active,https://www.sebi.gov.in,2026-10-03,false
INB031051437,TITAN STOCK BROKING PVT. LTD.,Stock Broker (Equity),Active,https://www.sebi.gov.in,2026-10-03,false
INB031056014,ROOP CHAND TOSNIWAL,Stock Broker (Equity),Active,https://www.sebi.gov.in,2026-10-03,false
INB031057038,INDOVISION STOCK BROKING SERVICES PVT. LTD.,Stock Broker (Equity),Active,https://www.sebi.gov.in,2026-10-03,false
INB031058010,SHREE KANT LADIA,Stock Broker (Equity),Active,https://www.sebi.gov.in,2026-10-03,false
INB031061014,BIMAL KUMAR KHAITAN,Stock Broker (Equity),Active,https://www.sebi.gov.in,2026-10-03,false
INB031061337,S.R.STOCK BROKING PVT.LTD.,Stock Broker (Equity),Active,https://www.sebi.gov.in,2026-10-03,false
INB031064810,SAJAN AGARWAL,Stock Broker (Equity),Active,https://www.sebi.gov.in,2026-10-03,false
INB031064919,ALOKE SATNALIWALA,Stock Broker (Equity),Active,https://www.sebi.gov.in,2026-10-03,false
INB031066419,SULTAN OSMAN,Stock Broker (Equity),Active,https://www.sebi.gov.in,2026-10-03,false
INB031066518,KISHAN KUMAR KHANDELWAL,Stock Broker (Equity),Active,https://www.sebi.gov.in,2026-10-03,false
INB031066617,ANJU JHUNJHUNWALA,Stock Broker (Equity),Active,https://www.sebi.gov.in,2026-10-03,false
INB031068118,PANKAJ D. SHAH,Stock Broker (Equity),Active,https://www.sebi.gov.in,2026-10-03,false
INB031070411,DEEPAK JHUNJHUNWALA,Stock Broker (Equity),Active,https://www.sebi.gov.in,2026-10-03,false
INB031070510,ANJANI KUMAR DHANUKA,Stock Broker (Equity),Active,https://www.sebi.gov.in,2026-10-03,false
INB031071930,ANAND RATHI SECURITIES PVT. LTD.,Stock Broker (Equity),Active,https://www.sebi.gov.in,2026-10-03,false
INB031072516,AMOD KUMAR KHANDELWAL,Stock Broker (Equity),Active,https://www.sebi.gov.in,2026-10-03,false
INB031072912,PRAMOD KUMAR AGARWAL,Stock Broker (Equity),Active,https://www.sebi.gov.in,2026-10-03,false
INB031073019,MUKESH BABU,Stock Broker (Equity),Active,https://www.sebi.gov.in,2026-10-03,false
INB031073613,SUKHBIR AGARWAL,Stock Broker (Equity),Active,https://www.sebi.gov.in,2026-10-03,false
INB031075915,SHREE NARAYAN JALAN,Stock Broker (Equity),Active,https://www.sebi.gov.in,2026-10-03,false
INB031077234,GOLDY SECURITIES PVT. LTD.,Stock Broker (Equity),Active,https://www.sebi.gov.in,2026-10-03,false
INB031078216,VIJAY KUMAR PATNI,Stock Broker (Equity),Active,https://www.sebi.gov.in,2026-10-03,false
INB031079917,LAKSHMI NIWAS BANGUR,Stock Broker (Equity),Active,https://www.sebi.gov.in,2026-10-03,false
INB031080014,ALKA BANGUR,Stock Broker (Equity),Active,https://www.sebi.gov.in,2026-10-03,false
INB031080311,RAMESH KUMAR BAJAJ,Stock Broker (Equity),Active,https://www.sebi.gov.in,2026-10-03,false
INB031080410,RABINDRA KUMAR DAMANI,Stock Broker (Equity),Active,https://www.sebi.gov.in,2026-10-03,false
INB031081517,KAMAL KUMAR G. JALAN,Stock Broker (Equity),Active,https://www.sebi.gov.in,2026-10-03,false
INB031085518,YASHWANT KUMAR TOLIA,Stock Broker (Equity),Active,https://www.sebi.gov.in,2026-10-03,false
INB031085617,UMESH KUMAR KAMANI,Stock Broker (Equity),Active,https://www.sebi.gov.in,2026-10-03,false
INB031085716,HANUMAN PRASAD MITTAL,Stock Broker (Equity),Active,https://www.sebi.gov.in,2026-10-03,false
INB031085815,NANDA S. KHEMANI,Stock Broker (Equity),Active,https://www.sebi.gov.in,2026-10-03,false
INB031086730,BAKLIWAL CORPORATE SERVICES PVT. LTD.,Stock Broker (Equity),Active,https://www.sebi.gov.in,2026-10-03,false
INB031087712,DINESH KUMAR BUBNA,Stock Broker (Equity),Active,https://www.sebi.gov.in,2026-10-03,false
INB031092332,BACHHAWAT SHARE BROKING PVT. LTD.,Stock Broker (Equity),Active,https://www.sebi.gov.in,2026-10-03,false
INB031092415,BRIJ RATAN BHATTER,Stock Broker (Equity),Active,https://www.sebi.gov.in,2026-10-03,false
INB031093439,AHILYA COMMERCIAL PVT. LTD.,Stock Broker (Equity),Active,https://www.sebi.gov.in,2026-10-03,false
INB031093538,BKL SECURITIES LTD.,Stock Broker (Equity),Active,https://www.sebi.gov.in,2026-10-03,false
INB031094510,SARIKA KANSAL,Stock Broker (Equity),Active,https://www.sebi.gov.in,2026-10-03,false
INB031098511,SHIW NARAYAN MALL,Stock Broker (Equity),Active,https://www.sebi.gov.in,2026-10-03,false
INB031099931,SKY HIGH FINLEASE PVT. LTD.,Stock Broker (Equity),Active,https://www.sebi.gov.in,2026-10-03,false
INB031108211,KISHAN KUMAR SARAF,Stock Broker (Equity),Active,https://www.sebi.gov.in,2026-10-03,false
INB031108419,JETHMAL MEHTA,Stock Broker (Equity),Active,https://www.sebi.gov.in,2026-10-03,false
INB031111215,PRAMODE KUMAR AGARWAL,Stock Broker (Equity),Active,https://www.sebi.gov.in,2026-10-03,false
INB031111314,SHEELA MOHTA,Stock Broker (Equity),Active,https://www.sebi.gov.in,2026-10-03,false
INB031117634,TECHNO GLOBAL SECURITY PVT. LTD.,Stock Broker (Equity),Active,https://www.sebi.gov.in,2026-10-03,false
INB031118830,RITURAJ SHARES & SECURITIES LTD.,Stock Broker (Equity),Active,https://www.sebi.gov.in,2026-10-03,false
INB031119416,SHAILESH SARAF,Stock Broker (Equity),Active,https://www.sebi.gov.in,2026-10-03,false
INB031119515,PREM KUMAR KEDIA,Stock Broker (Equity),Active,https://www.sebi.gov.in,2026-10-03,false
INB031120919,RAJENDRA D. SHAH,Stock Broker (Equity),Active,https://www.sebi.gov.in,2026-10-03,false
INB031121636,SAM FINVEST PVT. LTD.,Stock Broker (Equity),Active,https://www.sebi.gov.in,2026-10-03,false
INB031122618,VISHAL J. SHAH,Stock Broker (Equity),Active,https://www.sebi.gov.in,2026-10-03,false
INB031123012,ANIL AGARWAL,Stock Broker (Equity),Active,https://www.sebi.gov.in,2026-10-03,false
INB031123830,PLD SECURITIES PVT. LTD.,Stock Broker (Equity),Active,https://www.sebi.gov.in,2026-10-03,false
INB031125918,SANJAY TAPARIA,Stock Broker (Equity),Active,https://www.sebi.gov.in,2026-10-03,false
INB031127419,SANJU KABRA,Stock Broker (Equity),Active,https://www.sebi.gov.in,2026-10-03,false
INB031127633,BAJAJ OVERSEAS & FINANCE PVT. LTD.,Stock Broker (Equity),Active,https://www.sebi.gov.in,2026-10-03,false
INB031127732,SNB SHARE BROKING PVT. LTD.,Stock Broker (Equity),Active,https://www.sebi.gov.in,2026-10-03,false
INB031128532,MSEA SECURITIES LTD.,Stock Broker (Equity),Active,https://www.sebi.gov.in,2026-10-03,false
INB031131411,RAJKUMAR DAMANI,Stock Broker (Equity),Active,https://www.sebi.gov.in,2026-10-03,false
INB031136139,SPARTEK FINANCIERS & INVESTMENT PVT. LTD.,Stock Broker (Equity),Active,https://www.sebi.gov.in,2026-10-03,false
INB031136634,INTERSTATE SHARE BROKING PVT. LTD.,Stock Broker (Equity),Active,https://www.sebi.gov.in,2026-10-03,false
INB031136733,PRAKASH BAID SECURITIES PVT. LTD.,Stock Broker (Equity),Active,https://www.sebi.gov.in,2026-10-03,false
INB031137012,GOVIND PRASAD GOENKA,Stock Broker (Equity),Active,https://www.sebi.gov.in,2026-10-03,false
INB031138515,HARI PRASAD TODI,Stock Broker (Equity),Active,https://www.sebi.gov.in,2026-10-03,false
INB031139331,VINOD FINCAP PVT. LTD.,Stock Broker (Equity),Active,https://www.sebi.gov.in,2026-10-03,false
INB031139513,SUNIL KUMAR AGRAWAL,Stock Broker (Equity),Active,https://www.sebi.gov.in,2026-10-03,false
INB031141014,BASANT KUMAR NAHATA,Stock Broker (Equity),Active,https://www.sebi.gov.in,2026-10-03,false
INB031141139,DHANANJAY SECURITIES PVT. LTD.,Stock Broker (Equity),Active,https://www.sebi.gov.in,2026-10-03,false
INB031144232,MARS SECURITIES PVT. LTD.,Stock Broker (Equity),Active,https://www.sebi.gov.in,2026-10-03,false
INB031145411,SIDDHARTH SETHIA,Stock Broker (Equity),Active,https://www.sebi.gov.in,2026-10-03,false
INB031148035,MEHRA SECURITIES PVT. LTD.,Stock Broker (Equity),Active,https://www.sebi.gov.in,2026-10-03,false
INB031149611,HIMANSHU AJMERA,Stock Broker (Equity),Active,https://www.sebi.gov.in,2026-10-03,false
INB031149819,SRI ARVIND KUMAR NEWAR,Stock Broker (Equity),Active,https://www.sebi.gov.in,2026-10-03,false
INB031151534,CNB FINWIZ PRIVATE LIMITED,Stock Broker (Equity),Active,https://www.sebi.gov.in,2026-10-03,false
INB031151633,RICHIRICH SECURITIES PVT. LTD.,Stock Broker (Equity),Active,https://www.sebi.gov.in,2026-10-03,false
INB031151732,MODI SECURITIES PVT. LTD.,Stock Broker (Equity),Active,https://www.sebi.gov.in,2026-10-03,false
INB031151831,GBC SHARE BROKING LTD.,Stock Broker (Equity),Active,https://www.sebi.gov.in,2026-10-03,false
INB031151930,MAXELL SECURITIES LTD.,Stock Broker (Equity),Active,https://www.sebi.gov.in,2026-10-03,false
INB031156236,WOODSTOCK SHARE & STOCK BROKERS PVT. LTD.,Stock Broker (Equity),Active,https://www.sebi.gov.in,2026-10-03,false
INB031156616,VRINDA J. KARNANI,Stock Broker (Equity),Active,https://www.sebi.gov.in,2026-10-03,false
INB031156814,SHREE MOHAN BINANI,Stock Broker (Equity),Active,https://www.sebi.gov.in,2026-10-03,false
INB031157234,EASTERN EQUITIES PVT. LTD.,Stock Broker (Equity),Active,https://www.sebi.gov.in,2026-10-03,false
INB031166110,SHRADDHA JHUNJHUNWALA,Stock Broker (Equity),Active,https://www.sebi.gov.in,2026-10-03,false
INB031166235,BESTLUCK SECURITIES PVT. LTD.,Stock Broker (Equity),Active,https://www.sebi.gov.in,2026-10-03,false
INB031167217,GHANSHYAM DASS MOHTA,Stock Broker (Equity),Active,https://www.sebi.gov.in,2026-10-03,false
INB031178834,SURLUX STOCKS & SECURITIES PVT. LTD.,Stock Broker (Equity),Active,https://www.sebi.gov.in,2026-10-03,false
INB031179113,SRI SHYAM SUNDER GOYAL,Stock Broker (Equity),Active,https://www.sebi.gov.in,2026-10-03,false
INB031293237,JRK STOCK BROKING PRIVATE LIMITED,Stock Broker (Equity),Active,https://www.sebi.gov.in,2026-10-03,false
INB031301212,MAN MOHAN KOTHARI,Stock Broker (Equity),Active,https://www.sebi.gov.in,2026-10-03,false
INB031326011,SAROJ KABRA,Stock Broker (Equity),Active,https://www.sebi.gov.in,2026-10-03,false
INB031344519,SOUMENDRA KRISTO DUTT,Stock Broker (Equity),Active,https://www.sebi.gov.in,2026-10-03,false
INB031348718,LAKSHMI DEVI JHAWAR,Stock Broker (Equity),Active,https://www.sebi.gov.in,2026-10-03,false
INB031352231,SHIDHARTH SECURITIES PRIVATE LIMITED,Stock Broker (Equity),Active,https://www.sebi.gov.in,2026-10-03,false
INB031382733,RITESH STOCK BROKING PRIVATE LIMITED,Stock Broker (Equity),Active,https://www.sebi.gov.in,2026-10-03,false
INB031425938,ACS ADVISORY SERVICES LIMITED,Stock Broker (Equity),Active,https://www.sebi.gov.in,2026-10-03,false
INB031427637,DEVANG MANAGEMENT PRIVATE LIMITED,Stock Broker (Equity),Active,https://www.sebi.gov.in,2026-10-03,false
INB031436620,CHETAN AVINASH MEHTA,Stock Broker (Equity),Active,https://www.sebi.gov.in,2026-10-03,false
INB031437131,SHIVA STOCK BROKING PRIVATE LIMITED,Stock Broker (Equity),Active,https://www.sebi.gov.in,2026-10-03,false
INB031439632,DJS STOCK AND SHARES LIMITED,Stock Broker (Equity),Active,https://www.sebi.gov.in,2026-10-03,false
INB031442313,ANIL KUMAR JAJODIA,Stock Broker (Equity),Active,https://www.sebi.gov.in,2026-10-03,false
INB031447130,ANUMATI STOCK BROKING PRIVATE LIMITED,Stock Broker (Equity),Active,https://www.sebi.gov.in,2026-10-03,false
INB031449631,NARAYANI STOCK BROKING PRIVATE LIMITED,Stock Broker (Equity),Active,https://www.sebi.gov.in,2026-10-03,false
INB031452833,BABA BASUKINATH STOCK BROKING PRIVATE LIMITED,Stock Broker (Equity),Active,https://www.sebi.gov.in,2026-10-03,false
INB031457436,MANI INVEST BROKERS PRIVATE LIMITED,Stock Broker (Equity),Active,https://www.sebi.gov.in,2026-10-03,false
INB031461339,DREAMWAY SHARE AND STOCKS INDIA LIMITED,Stock Broker (Equity),Active,https://www.sebi.gov.in,2026-10-03,false
INB031461735,DEVADEVA SECURITIES PRIVATE LIMITED,Stock Broker (Equity),Active,https://www.sebi.gov.in,2026-10-03,false
INB031464531,ANUBHAV STOCK BROKING PRIVATE LIMITED,Stock Broker (Equity),Active,https://www.sebi.gov.in,2026-10-03,false
INB031464739,DEVSHYAM STOCK BROKING PRIVATE LIMITED,Stock Broker (Equity),Active,https://www.sebi.gov.in,2026-10-03,false
INB031465439,ENTACT EQUITIES PRIVATE LIMITED,Stock Broker (Equity),Active,https://www.sebi.gov.in,2026-10-03,false
INB031468334,AIMCO FINEX LIMITED,Stock Broker (Equity),Active,https://www.sebi.gov.in,2026-10-03,false
INB031468417,AMIT SARAOGI,Stock Broker (Equity),Active,https://www.sebi.gov.in,2026-10-03,false
INB031468730,ACCRETION SECURITIES PRIVATE LIMITED,Stock Broker (Equity),Active,https://www.sebi.gov.in,2026-10-03,false
INB031479117,SUNIL AGRAWAL,Stock Broker (Equity),Active,https://www.sebi.gov.in,2026-10-03,false
INB031488431,PINCON SECURITIES LIMITED,Stock Broker (Equity),Active,https://www.sebi.gov.in,2026-10-03,false
INB031498737,BANAYAN SHARES AND DERIVATIVES PRIVATE LIMITED,Stock Broker (Equity),Active,https://www.sebi.gov.in,2026-10-03,false
INB031498935,FERVENT CAPITAL ADVISORS PRIVATE LIMITED,Stock Broker (Equity),Active,https://www.sebi.gov.in,2026-10-03,false
INB230079610,AJIT S. SIAL,Stock Broker (Equity),Active,https://www.sebi.gov.in,2026-10-03,false
INB230138915,M. ASHOK MOOTHA,Stock Broker (Equity),Active,https://www.sebi.gov.in,2026-10-03,false
INB230174615,KUMAR V. JAHGIRDAR,Stock Broker (Equity),Active,https://www.sebi.gov.in,2026-10-03,false
INB230558933,DATABASE INVESTMENT SERV.(I) LTD,Stock Broker (Equity),Active,https://www.sebi.gov.in,2026-10-03,false
INB230598238,MUKESH BABU SECURITIES LTD.,Stock Broker (Equity),Active,https://www.sebi.gov.in,2026-10-03,false
INB230599530,CRB DAEWOO SECURITIES LIMITED,Stock Broker (Equity),Active,https://www.sebi.gov.in,2026-10-03,false
INB230600030,KHANDWALA SECURITIES LTD.,Stock Broker (Equity),Active,https://www.sebi.gov.in,2026-10-03,false
INB230601235,ITI SECURITIES LIMITED,Stock Broker (Equity),Active,https://www.sebi.gov.in,2026-10-03,false
INB230637738,BEARBULL SECURITIES PVT. LTD.,Stock Broker (Equity),Active,https://www.sebi.gov.in,2026-10-03,false
INB230642038,REPL SECURITIES PRIVATE LIMITED,Stock Broker (Equity),Active,https://www.sebi.gov.in,2026-10-03,false
INB230644438,PARNI SECURITIES LTD,Stock Broker (Equity),Active,https://www.sebi.gov.in,2026-10-03,false
INB230644839,SOUTH INDIA STOCK BROKING SERVS LTD,Stock Broker (Equity),Active,https://www.sebi.gov.in,2026-10-03,false
INB230646739,FOUR DIMENSIONS SECURTES (INDIA)LTD,Stock Broker (Equity),Active,https://www.sebi.gov.in,2026-10-03,false
INB230647738,DBS CAPITAL MARKETS PVT LTD,Stock Broker (Equity),Active,https://www.sebi.gov.in,2026-10-03,false
INB230648611,AJAY GOENKA,Stock Broker (Equity),Active,https://www.sebi.gov.in,2026-10-03,false
INB230649415,RAJKUMAR CHAINRAI BASANTANI,Stock Broker (Equity),Active,https://www.sebi.gov.in,2026-10-03,false
INB230649914,SANTOSH G. BIYANI,Stock Broker (Equity),Active,https://www.sebi.gov.in,2026-10-03,false
INB230653830,INTIME EQUITIES LIMITED,Stock Broker (Equity),Active,https://www.sebi.gov.in,2026-10-03,false
INB230662822,SHILPA SHARES & SECURITIES,Stock Broker (Equity),Active,https://www.sebi.gov.in,2026-10-03,false
INB230677033,INTERFACE BRKRGE AND RESEARCH LTD,Stock Broker (Equity),Active,https://www.sebi.gov.in,2026-10-03,false
INB230677523,NISSAR BROS.,Stock Broker (Equity),Active,https://www.sebi.gov.in,2026-10-03,false
INB230678719,OMPRAKASH CHATURVEDI,Stock Broker (Equity),Active,https://www.sebi.gov.in,2026-10-03,false
INB230681235,H.K. FINANCE AND CAPITALS LTD,Stock Broker (Equity),Active,https://www.sebi.gov.in,2026-10-03,false
INB230701235,M.G. CAPITAL SERVICES LTD.,Stock Broker (Equity),Active,https://www.sebi.gov.in,2026-10-03,false
INB230706631,IDBI CAPITAL MKT SERVICES LTD(ICMS),Stock Broker (Equity),Active,https://www.sebi.gov.in,2026-10-03,false
INB230706930,RBS EQUITIES (INDIA) LIMITED,Stock Broker (Equity),Active,https://www.sebi.gov.in,2026-10-03,false
INB230713830,MODERN HOLDINGS (P) LTD,Stock Broker (Equity),Active,https://www.sebi.gov.in,2026-10-03,false
INB230752136,SRI SAIRAM GLOBAL SECURITIES LIMITED,Stock Broker (Equity),Active,https://www.sebi.gov.in,2026-10-03,false
INB230753135,NIKKO CAPITAL MARKET PVT. LTD.,Stock Broker (Equity),Active,https://www.sebi.gov.in,2026-10-03,false
INB230753233,RAJANARAYAN CAPITAL MARKETS SERVICES LTD.,Stock Broker (Equity),Active,https://www.sebi.gov.in,2026-10-03,false
INB230755035,R.G. SHARE BROKERS LTD.,Stock Broker (Equity),Active,https://www.sebi.gov.in,2026-10-03,false
INB230760236,TOSS FINANCIAL SERVICES PVT. LTD.,Stock Broker (Equity),Active,https://www.sebi.gov.in,2026-10-03,false
INB230778130,GROWTH AVENUES LTD.,Stock Broker (Equity),Active,https://www.sebi.gov.in,2026-10-03,false
INB230779219,ANIL KUMAR SEHGAL,Stock Broker (Equity),Active,https://www.sebi.gov.in,2026-10-03,false
INB230781235,INTEGRATED STK. BROKING SER.(P) LTD,Stock Broker (Equity),Active,https://www.sebi.gov.in,2026-10-03,false
INB230781538,BULLS & BEARS PORTFOLIO LTD,Stock Broker (Equity),Active,https://www.sebi.gov.in,2026-10-03,false
INB230781930,VICTORY PORTFOLIO LTD.,Stock Broker (Equity),Active,https://www.sebi.gov.in,2026-10-03,false
INB230783732,MULTIPLEX CAPITAL LTD.,Stock Broker (Equity),Active,https://www.sebi.gov.in,2026-10-03,false
INB230792332,CHUGH SECURITIES PVT. LTD.,Stock Broker (Equity),Active,https://www.sebi.gov.in,2026-10-03,false
INB230794722,NKB SECURITIES,Stock Broker (Equity),Active,https://www.sebi.gov.in,2026-10-03,false
INB230803536,CEEKAY HOLDING PVT. LTD.,Stock Broker (Equity),Active,https://www.sebi.gov.in,2026-10-03,false
INB230806935,SEVENHILL SECURITIES LTD.,Stock Broker (Equity),Active,https://www.sebi.gov.in,2026-10-03,false
INB230807523,HANSOTIA FINANCIAL SERVICES,Stock Broker (Equity),Active,https://www.sebi.gov.in,2026-10-03,false
INB230812733,GOLDSTREET SECURITIES LIMITED,Stock Broker (Equity),Active,https://www.sebi.gov.in,2026-10-03,false
INB230814232,BHARAT RASAYAN FINANCE LTD.,Stock Broker (Equity),Active,https://www.sebi.gov.in,2026-10-03,false
INB230814535,R.S.G SHARE & STOCK BROKERS LTD.,Stock Broker (Equity),Active,https://www.sebi.gov.in,2026-10-03,false
INB230815231,ASTUTE INVESTMENT MANAGEMENT PRIVATE LIMITED,Stock Broker (Equity),Active,https://www.sebi.gov.in,2026-10-03,false
INB230822939,SDFC SECURITIES LTD.,Stock Broker (Equity),Active,https://www.sebi.gov.in,2026-10-03,false
INB230823536,KRISHA INCAP SERVICES PVT. LTD.,Stock Broker (Equity),Active,https://www.sebi.gov.in,2026-10-03,false
INB230824731,SIDDARTHA CAPITAL MARKET LTD.,Stock Broker (Equity),Active,https://www.sebi.gov.in,2026-10-03,false
INB230838434,ROHINI CAPITAL SERVICES LTD.,Stock Broker (Equity),Active,https://www.sebi.gov.in,2026-10-03,false
INB230852733,MIDEAST INVESTMENTS PVT. LTD.,Stock Broker (Equity),Active,https://www.sebi.gov.in,2026-10-03,false
INB230853536,EXPONENTIAL FINANCIAL SERVICES (P),Stock Broker (Equity),Active,https://www.sebi.gov.in,2026-10-03,false
INB230855437,AKI FINANCE & SECURITIES PVT. LTD.,Stock Broker (Equity),Active,https://www.sebi.gov.in,2026-10-03,false
INB230855632,CYNOSURE COMPANY PVT. LTD,Stock Broker (Equity),Active,https://www.sebi.gov.in,2026-10-03,false
INB230876034,MARWADI SHARES AND FINANCE LIMITED,Stock Broker (Equity),Active,https://www.sebi.gov.in,2026-10-03,false
INB230876533,FINCAP PORTFOLIO LIMITED,Stock Broker (Equity),Active,https://www.sebi.gov.in,2026-10-03,false
INB230876837,MEGHVARSHA SECURITIES PRIVATE LTD,Stock Broker (Equity),Active,https://www.sebi.gov.in,2026-10-03,false
INB230877337,INTEC SHARE & STOCK BROKERS LTD,Stock Broker (Equity),Active,https://www.sebi.gov.in,2026-10-03,false
INB230880637,INDIAN FINANCE GUARANTY LTD.,Stock Broker (Equity),Active,https://www.sebi.gov.in,2026-10-03,false
INB230884937,CHANAKYA STOCK BROKING SER.(P) LTD.,Stock Broker (Equity),Active,https://www.sebi.gov.in,2026-10-03,false
INB230886034,SUMMIT INTEGRATED CREDIT CAP. LTD.,Stock Broker (Equity),Active,https://www.sebi.gov.in,2026-10-03,false
INB230886230,S.G. STOCK SERVICES LTD.,Stock Broker (Equity),Active,https://www.sebi.gov.in,2026-10-03,false
INB230886436,GILTEDGE CREDIT CAPITAL LIMITED,Stock Broker (Equity),Active,https://www.sebi.gov.in,2026-10-03,false
INB230906739,SUVRIDHI CAPITAL MARKETS LTD.,Stock Broker (Equity),Active,https://www.sebi.gov.in,2026-10-03,false
INB230914036,PADMAKSHI FINANCIAL SERVICES LTD.,Stock Broker (Equity),Active,https://www.sebi.gov.in,2026-10-03,false
INB230914232,VISHVAS SECURITIES LTD,Stock Broker (Equity),Active,https://www.sebi.gov.in,2026-10-03,false
INB230922920,BAKLIWAL INVESTMENT,Stock Broker (Equity),Active,https://www.sebi.gov.in,2026-10-03,false
INB230931832,GAZI SHARE & STOCK BROKERS LTD,Stock Broker (Equity),Active,https://www.sebi.gov.in,2026-10-03,false
INB230934330,FACTS SHARE & STOCK BROKING PVT LTD,Stock Broker (Equity),Active,https://www.sebi.gov.in,2026-10-03,false
INB230938434,NOUVEAU SHARES & SECURITIES (P) LTD,Stock Broker (Equity),Active,https://www.sebi.gov.in,2026-10-03,false
INB230945934,KOTAK MAHINDRA CAPITAL COMPANY LIMITED,Stock Broker (Equity),Active,https://www.sebi.gov.in,2026-10-03,false
INB230950637,MITRA OPTIONS & SHARE BROKERS LTD,Stock Broker (Equity),Active,https://www.sebi.gov.in,2026-10-03,false
INB230956935,ATLAS INTEGRATED FINANCE LTD,Stock Broker (Equity),Active,https://www.sebi.gov.in,2026-10-03,false
INB230958434,HCG STOCK & SHARE BROKERS LTD,Stock Broker (Equity),Active,https://www.sebi.gov.in,2026-10-03,false
INB230981830,WADHWA SECURITIES LIMITED,Stock Broker (Equity),Active,https://www.sebi.gov.in,2026-10-03,false
INB230994833,MILAN MAHENDRA SECURITIES PVT. LTD.,Stock Broker (Equity),Active,https://www.sebi.gov.in,2026-10-03,false
INB230996416,BHARTI DHIREN THAKKAR,Stock Broker (Equity),Active,https://www.sebi.gov.in,2026-10-03,false
INB231045239,SHIVNARAYAN NEMANI SHR & STK BROKERS PVT LTD,Stock Broker (Equity),Active,https://www.sebi.gov.in,2026-10-03,false
INB231070336,BAKLIWAL FINANCIAL SERVICES (INDIA) PVT. LTD.,Stock Broker (Equity),Active,https://www.sebi.gov.in,2026-10-03,false
INB231074130,BGSE FINANCIALS LTD.,Stock Broker (Equity),Active,https://www.sebi.gov.in,2026-10-03,false
INB231097933,ADITYA AJAY SHARE BROKERS PVT. LTD.,Stock Broker (Equity),Active,https://www.sebi.gov.in,2026-10-03,false
INB231111635,HRIM FINANCE AND SECURITIES PRIVATE LIMITED,Stock Broker (Equity),Active,https://www.sebi.gov.in,2026-10-03,false
INB231112831,VAG HOLDINGS PVT. LTD.,Stock Broker (Equity),Active,https://www.sebi.gov.in,2026-10-03,false
INB231118838,RITURAJ SHARES & SECURITIES LTD.,Stock Broker (Equity),Active,https://www.sebi.gov.in,2026-10-03,false
INB231136939,LABDHI STOCK & DERIVATIVES SERVICES PVT. LTD.,Stock Broker (Equity),Active,https://www.sebi.gov.in,2026-10-03,false
INB231140337,ICAP INDIA PRIVATE LIMITED,Stock Broker (Equity),Active,https://www.sebi.gov.in,2026-10-03,false
INB231143232,Ratnabali Securities Private Limited,Stock Broker (Equity),Active,https://www.sebi.gov.in,2026-10-03,false
INB231167637,CANNY SECURITIES PVT. LTD.,Stock Broker (Equity),Active,https://www.sebi.gov.in,2026-10-03,false
INB231200735,PUG SECURITIES PRIVATE LIMITED,Stock Broker (Equity),Active,https://www.sebi.gov.in,2026-10-03,false
INB231213837,VASANTI SHARE BROKERS LTD.,Stock Broker (Equity),Active,https://www.sebi.gov.in,2026-10-03,false
INB231217135,SAS BROKING PVT. LTD.,Stock Broker (Equity),Active,https://www.sebi.gov.in,2026-10-03,false
INB231220931,PRL STOCK & SHARE BROKERS PVT. LTD.,Stock Broker (Equity),Active,https://www.sebi.gov.in,2026-10-03,false
INB231221335,TRANSPARENT SHARES & SECURITIES PVT. LTD.(NAME CHANGED TO ARTHA VRDDHI,Stock Broker (Equity),Active,https://www.sebi.gov.in,2026-10-03,false
INB231230732,DEPANSU SECURITIES (INDIA) PVT. LTD.,Stock Broker (Equity),Active,https://www.sebi.gov.in,2026-10-03,false
INB231241630,PRATHAM SECURITIES (P) LTD.,Stock Broker (Equity),Active,https://www.sebi.gov.in,2026-10-03,false
INB231248734,ELAN EQUITY SERVICES PVT. LTD.,Stock Broker (Equity),Active,https://www.sebi.gov.in,2026-10-03,false
INB231255036,C. M. GOENKA STOCK BROKERS P. LTD.,Stock Broker (Equity),Active,https://www.sebi.gov.in,2026-10-03,false
INB231255432,NG RATHI INVESTRADES PRIVATE LIMITED,Stock Broker (Equity),Active,https://www.sebi.gov.in,2026-10-03,false
INB231264822,VGP PORTFOLIO,Stock Broker (Equity),Active,https://www.sebi.gov.in,2026-10-03,false
INB231269631,SATYAM SECURITIES PRIVATE LIMITED,Stock Broker (Equity),Active,https://www.sebi.gov.in,2026-10-03,false
INB231272130,MAHESHWARI SHARE & STOCK BROKERS PRIVATE LIMITED,Stock Broker (Equity),Active,https://www.sebi.gov.in,2026-10-03,false
INB231273534,ANMOL SHARE BROKING LIMITED,Stock Broker (Equity),Active,https://www.sebi.gov.in,2026-10-03,false
INB231279036,GOLD COIN CAPITAL MARKET PRIVATE LIMITED,Stock Broker (Equity),Active,https://www.sebi.gov.in,2026-10-03,false
INB231281339,SONA GLOBAL LIMITED,Stock Broker (Equity),Active,https://www.sebi.gov.in,2026-10-03,false
INB231287633,B. M. GANDHI SHAREBROKING PRIVATE LIMITED,Stock Broker (Equity),Active,https://www.sebi.gov.in,2026-10-03,false
INB231289530,MAJORTREND CAPITAL PRIVATE LIMITED,Stock Broker (Equity),Active,https://www.sebi.gov.in,2026-10-03,false
INB231291338,S D NISSAR SECURITIES PRIVATE LIMITED,Stock Broker (Equity),Active,https://www.sebi.gov.in,2026-10-03,false
INB231293037,JRV SECURITIES INDIA PRIVATE LIMITED,Stock Broker (Equity),Active,https://www.sebi.gov.in,2026-10-03,false
INB231294035,JRG SECURITIES LIMITED,Stock Broker (Equity),Active,https://www.sebi.gov.in,2026-10-03,false
INB231294431,SARA CAPITAL LIMITED,Stock Broker (Equity),Active,https://www.sebi.gov.in,2026-10-03,false
INB231296832,TWENTY FOUR CARAT STOCK & SHARE BROKERS PRIVATE LIMITED,Stock Broker (Equity),Active,https://www.sebi.gov.in,2026-10-03,false
INB231301632,GYANDEEP STOCKS PRIVATE LIMITED,Stock Broker (Equity),Active,https://www.sebi.gov.in,2026-10-03,false
INB231301913,MAHENDRA RAMJI GALA,Stock Broker (Equity),Active,https://www.sebi.gov.in,2026-10-03,false
INB231304131,RADHARAMANA HOLDINGS PRIVATE LIMITED,Stock Broker (Equity),Active,https://www.sebi.gov.in,2026-10-03,false
INB231309429,SATYA FINVEST COMPANY,Stock Broker (Equity),Active,https://www.sebi.gov.in,2026-10-03,false
INB231309635,ADG SECURITIES PRIVATE LIMITED,Stock Broker (Equity),Active,https://www.sebi.gov.in,2026-10-03,false
INB231316523,MAHAVEER STOCK BROKING SERVICES,Stock Broker (Equity),Active,https://www.sebi.gov.in,2026-10-03,false
INB231322117,PARVEEN GARG,Stock Broker (Equity),Active,https://www.sebi.gov.in,2026-10-03,false
INB231324238,HSBC INVESTDIRECT SECURITIES (INDIA) LIMITED,Stock Broker (Equity),Active,https://www.sebi.gov.in,2026-10-03,false
INB231324436,C K INVESTMENT CONSULTANT PRIVATE LIMITED,Stock Broker (Equity),Active,https://www.sebi.gov.in,2026-10-03,false
INB231333833,GIRIRAJ SHARES PRIVATE LIMITED,Stock Broker (Equity),Active,https://www.sebi.gov.in,2026-10-03,false
INB231337230,GEOJIT BNP PARIBAS FINANCIAL SERVICES LIMITED,Stock Broker (Equity),Active,https://www.sebi.gov.in,2026-10-03,false
INB231340234,ENCASH SECURITIES LIMITED,Stock Broker (Equity),Active,https://www.sebi.gov.in,2026-10-03,false
INB231340432,HERITAGE SECURITIES PRIVATE LIMITED,Stock Broker (Equity),Active,https://www.sebi.gov.in,2026-10-03,false
INB231345233,YOGEN BABU SECURITIES PRIVATE LIMITED,Stock Broker (Equity),Active,https://www.sebi.gov.in,2026-10-03,false
INB231345621,GANPATI SECURITIES,Stock Broker (Equity),Active,https://www.sebi.gov.in,2026-10-03,false
INB231346330,WEALTH FIRST PORTFOLIO MANAGERS PRIVATE LIMITED,Stock Broker (Equity),Active,https://www.sebi.gov.in,2026-10-03,false
INB231348518,SUNIL KUMAR,Stock Broker (Equity),Active,https://www.sebi.gov.in,2026-10-03,false
INB231348823,SUNSTAR SECURITIES,Stock Broker (Equity),Active,https://www.sebi.gov.in,2026-10-03,false
INB231349433,ABANS SECURITIES LIMITED,Stock Broker (Equity),Active,https://www.sebi.gov.in,2026-10-03,false
INB231349524,BEST DEAL CAPITAL,Stock Broker (Equity),Active,https://www.sebi.gov.in,2026-10-03,false
INB231350118,SHELLY GUPTA,Stock Broker (Equity),Active,https://www.sebi.gov.in,2026-10-03,false
INB231356834,PINNACLE EQUITIES PRIVATE LIMITED,Stock Broker (Equity),Active,https://www.sebi.gov.in,2026-10-03,false
INB231366437,BULLMART SECURITIES PRIVATE LIMITED,Stock Broker (Equity),Active,https://www.sebi.gov.in,2026-10-03,false
INB231379133,MAYUR SHARE BROKING PRIVATE LIMITED,Stock Broker (Equity),Active,https://www.sebi.gov.in,2026-10-03,false
INB231379430,PINAK SECURITIES LIMITED,Stock Broker (Equity),Active,https://www.sebi.gov.in,2026-10-03,false
INB231382939,KARMA STOCK TRADE LIMITED,Stock Broker (Equity),Active,https://www.sebi.gov.in,2026-10-03,false
INB231383531,AN CAPITAL MARKETS LIMITED,Stock Broker (Equity),Active,https://www.sebi.gov.in,2026-10-03,false
INB231411738,BABA BHOOTHNATH TRADE AND COMMERCE PRIVATE LIMITED,Stock Broker (Equity),Active,https://www.sebi.gov.in,2026-10-03,false
INB231413338,AARYA EQUITY (INDIA) PRIVATE LIMITED,Stock Broker (Equity),Active,https://www.sebi.gov.in,2026-10-03,false
INB231424137,HDIL SECURITIES PRIVATE LIMITED,Stock Broker (Equity),Active,https://www.sebi.gov.in,2026-10-03,false
INB231426231,SRM SECURITIES PRIVATE LIMITED,Stock Broker (Equity),Active,https://www.sebi.gov.in,2026-10-03,false
INB231435232,VANTAGE SECURITIES PRIVATE LIMITED,Stock Broker (Equity),Active,https://www.sebi.gov.in,2026-10-03,false
INB231435539,OBEROI'S PORTFOLIO PRIVATE LIMITED,Stock Broker (Equity),Active,https://www.sebi.gov.in,2026-10-03,false
INB231436537,KUMAR SHARE BROKERS LIMITED,Stock Broker (Equity),Active,https://www.sebi.gov.in,2026-10-03,false
INB231437733,COSMICMANDALA15 SECURITIES PRIVATE LIMITED,Stock Broker (Equity),Active,https://www.sebi.gov.in,2026-10-03,false
INB231439135,MAX PLANWEALTH SECURITIES LIMITED,Stock Broker (Equity),Active,https://www.sebi.gov.in,2026-10-03,false
INB231444028,OMJI CAPITAL,Stock Broker (Equity),Active,https://www.sebi.gov.in,2026-10-03,false
INB231444416,PRAVIN CHHOGALAL DAVE,Stock Broker (Equity),Active,https://www.sebi.gov.in,2026-10-03,false
INB231446536,BLUE CHIP CORPORATION PRIVATE LIMITED,Stock Broker (Equity),Active,https://www.sebi.gov.in,2026-10-03,false
INB231447237,OPTIMUS SHARE BROKING LIMITED,Stock Broker (Equity),Active,https://www.sebi.gov.in,2026-10-03,false
INB231447831,MANSATA SECURITIES PRIVATE LIMITED,Stock Broker (Equity),Active,https://www.sebi.gov.in,2026-10-03,false
INB231450637,SRS GLOBAL SECURITIES LIMITED,Stock Broker (Equity),Active,https://www.sebi.gov.in,2026-10-03,false
INB231451338,TRADEDEAL FINANCIAL SERVICES PRIVATE LIMITED,Stock Broker (Equity),Active,https://www.sebi.gov.in,2026-10-03,false
INB231451833,ESPIRITO SANTO SECURITIES INDIA PRIVATE LIMITED,Stock Broker (Equity),Active,https://www.sebi.gov.in,2026-10-03,false
INB231455636,M3 MULTIPLE SECURITIES BROKERS PRIVATE LIMITED,Stock Broker (Equity),Active,https://www.sebi.gov.in,2026-10-03,false
INB231456329,SDV INVESTMENTS,Stock Broker (Equity),Active,https://www.sebi.gov.in,2026-10-03,false
INB231458432,DREAMS BROKING PRIVATE LIMITED,Stock Broker (Equity),Active,https://www.sebi.gov.in,2026-10-03,false
INB231458531,TIVR CAPITAL ADVISORS PRIVATE LIMITED,Stock Broker (Equity),Active,https://www.sebi.gov.in,2026-10-03,false
INB231458614,SAMIR LODHA,Stock Broker (Equity),Active,https://www.sebi.gov.in,2026-10-03,false
INB231459430,PROCAP FINANCIAL SERVICES PRIVATE LIMITED,Stock Broker (Equity),Active,https://www.sebi.gov.in,2026-10-03,false
INB231468530,KALYNDA FINANCIAL ADVISORY PRIVATE LIMITED,Stock Broker (Equity),Active,https://www.sebi.gov.in,2026-10-03,false
INB231477531,CHINTAMANI SHARES & BROKING LIMITED,Stock Broker (Equity),Active,https://www.sebi.gov.in,2026-10-03,false
INB231498131,BANYAN TREE FINANCIAL SOLUTIONS PRIVATE LIMITED,Stock Broker (Equity),Active,https://www.sebi.gov.in,2026-10-03,false
INB231499014,ANIRUDH GARG,Stock Broker (Equity),Active,https://www.sebi.gov.in,2026-10-03,false
INB260015319,MAYUR MANGALDAS KOTHARI,Stock Broker (Equity),Active,https://www.sebi.gov.in,2026-10-03,false
INB260020319,PREM A. SINGHAL,Stock Broker (Equity),Active,https://www.sebi.gov.in,2026-10-03,false
INB260597738,PRABHUDAS LILLADHER PRIVATE LIMITED,Stock Broker (Equity),Active,https://www.sebi.gov.in,2026-10-03,false
INB260639639,A.A.DOSHI SHARE & STOCK BROKERS LIMITED,Stock Broker (Equity),Active,https://www.sebi.gov.in,2026-10-03,false
INB260642831,BLB LIMITED,Stock Broker (Equity),Active,https://www.sebi.gov.in,2026-10-03,false
INB260643235,DB (INTERNATIONAL) STOCK BROKERS LIMITED,Stock Broker (Equity),Active,https://www.sebi.gov.in,2026-10-03,false
INB260653838,INTIME EQUITIES LIMITED,Stock Broker (Equity),Active,https://www.sebi.gov.in,2026-10-03,false
INB260679635,FULCRUM FINANCIAL SERVICES LIMITED,Stock Broker (Equity),Active,https://www.sebi.gov.in,2026-10-03,false
INB260714135,B. N. RATHI SECURITIES LIMITED,Stock Broker (Equity),Active,https://www.sebi.gov.in,2026-10-03,false
INB260727335,TFC FINCONS PRIVATE LIMITED,Stock Broker (Equity),Active,https://www.sebi.gov.in,2026-10-03,false
INB260777637,DSN SECURITIES LIMITED,Stock Broker (Equity),Active,https://www.sebi.gov.in,2026-10-03,false
INB260778239,ARCADIA SHARE & STOCK BROKERS PRIVATE LIMITED,Stock Broker (Equity),Active,https://www.sebi.gov.in,2026-10-03,false
INB260783734,MULTIPLEX CAPITAL LIMITED,Stock Broker (Equity),Active,https://www.sebi.gov.in,2026-10-03,false
INB260792933,GOGIA CAPITAL SERVICES LIMITED,Stock Broker (Equity),Active,https://www.sebi.gov.in,2026-10-03,false
INB260805131,ELITE WEALTH ADVISORS LIMITED,Stock Broker (Equity),Active,https://www.sebi.gov.in,2026-10-03,false
INB260806238,SUGAL & DAMANI SHARE BROKERS LIMITED,Stock Broker (Equity),Active,https://www.sebi.gov.in,2026-10-03,false
INB260876033,MARWADI SHARES AND FINANCE LIMITED,Stock Broker (Equity),Active,https://www.sebi.gov.in,2026-10-03,false
INB260891438,GAURAV SHARES TRADING PRIVATE LIMITED,Stock Broker (Equity),Active,https://www.sebi.gov.in,2026-10-03,false
INB260906731,SUVRIDHI CAPITAL MARKETS LIMITED,Stock Broker (Equity),Active,https://www.sebi.gov.in,2026-10-03,false
INB260907937,OMKAM CAPITAL MARKETS PRIVATE LIMITED,Stock Broker (Equity),Active,https://www.sebi.gov.in,2026-10-03,false
INB260920237,SRI MAHALAKSHMI SHARES PRIVATE LIMITED,Stock Broker (Equity),Active,https://www.sebi.gov.in,2026-10-03,false
INB260992939,A C CHOKSI SHARE BROKERS PRIVATE LIMITED,Stock Broker (Equity),Active,https://www.sebi.gov.in,2026-10-03,false
INB260993937,GEPL CAPITAL PRIVATE LIMITED,Stock Broker (Equity),Active,https://www.sebi.gov.in,2026-10-03,false
INB260997334,PRAKASH K SHAH SHARES & SECURITIES PRIVATE LIMITED,Stock Broker (Equity),Active,https://www.sebi.gov.in,2026-10-03,false
INB261045430,R. R. CHOKHANI STOCK BROKERS PRIVATE LIMITED,Stock Broker (Equity),Active,https://www.sebi.gov.in,2026-10-03,false
INB261057336,OHM STOCK BROKER PRIVATE LIMITED,Stock Broker (Equity),Active,https://www.sebi.gov.in,2026-10-03,false
INB261058532,ANS PRIVATE LIMITED,Stock Broker (Equity),Active,https://www.sebi.gov.in,2026-10-03,false
INB261063334,NIKKEI STOCKBROKERS PRIVATE LIMITED,Stock Broker (Equity),Active,https://www.sebi.gov.in,2026-10-03,false
INB261063938,STAR FINVEST PRIVATE LIMITED,Stock Broker (Equity),Active,https://www.sebi.gov.in,2026-10-03,false
INB261067038,H.J. SECURITIES PRIVATE LIMITED,Stock Broker (Equity),Active,https://www.sebi.gov.in,2026-10-03,false
INB261074133,BGSE FINANCIALS LIMITED,Stock Broker (Equity),Active,https://www.sebi.gov.in,2026-10-03,false
INB261097530,INDIA INFOLINE LIMITED,Stock Broker (Equity),Active,https://www.sebi.gov.in,2026-10-03,false
INB261115233,KALPATARU MULTIPLIER LIMITED,Stock Broker (Equity),Active,https://www.sebi.gov.in,2026-10-03,false
INB261117312,MANJUSHREE N. B,Stock Broker (Equity),Active,https://www.sebi.gov.in,2026-10-03,false
INB261139134,R L AGARWALA CAPITAL MARKETS LIMITED,Stock Broker (Equity),Active,https://www.sebi.gov.in,2026-10-03,false
INB261145636,PELF FINSTOCK LIMITED,Stock Broker (Equity),Active,https://www.sebi.gov.in,2026-10-03,false
INB261155114,MANOJ KUMAR PAHARIA,Stock Broker (Equity),Active,https://www.sebi.gov.in,2026-10-03,false
INB261195433,LAXMINARAYAN SATISHCHANDRA BROKING PVT. LTD.,Stock Broker (Equity),Active,https://www.sebi.gov.in,2026-10-03,false
INB261213830,VASANTI SHARE BROKERS LIMITED,Stock Broker (Equity),Active,https://www.sebi.gov.in,2026-10-03,false
INB261217336,AMBIT SECURITIES BROKING PRIVATE LIMITED,Stock Broker (Equity),Active,https://www.sebi.gov.in,2026-10-03,false
INB261220231,PRAGYA EQUITIES PRIVATE LIMITED,Stock Broker (Equity),Active,https://www.sebi.gov.in,2026-10-03,false
INB261220934,PRL STOCK & SHARE BROKERS PRIVATE LIMITED,Stock Broker (Equity),Active,https://www.sebi.gov.in,2026-10-03,false
INB261221239,AXIOM SHARE BROKING PRIVATE LIMITED,Stock Broker (Equity),Active,https://www.sebi.gov.in,2026-10-03,false
INB261221338,TRANSPARENT SHARES AND SECURITIES PRIVATE LIMITED (ARTHA VRDDHI ),Stock Broker (Equity),Active,https://www.sebi.gov.in,2026-10-03,false
INB261257431,BAKSHU SECURITIES & BROKERS PRIVATE LIMITED,Stock Broker (Equity),Active,https://www.sebi.gov.in,2026-10-03,false
INB261269535,A.K. STOCKMART PRIVATE LIMITED,Stock Broker (Equity),Active,https://www.sebi.gov.in,2026-10-03,false
INB261270038,ADVENT STOCK BROKING PRIVATE LIMITED,Stock Broker (Equity),Active,https://www.sebi.gov.in,2026-10-03,false
INB261279831,ANGEL BROKING PRIVATE LIMITED,Stock Broker (Equity),Active,https://www.sebi.gov.in,2026-10-03,false
INB261280235,CANARA BANK SECURITIES LIMITED,Stock Broker (Equity),Active,https://www.sebi.gov.in,2026-10-03,false
INB261280334,ASMAH SHARES & STOCK BROKERS PRIVATE LIMITED,Stock Broker (Equity),Active,https://www.sebi.gov.in,2026-10-03,false
INB261280433,RIKHAV SECURITIES LIMITED,Stock Broker (Equity),Active,https://www.sebi.gov.in,2026-10-03,false
INB261281134,FIDUCIARY EUROMAX CAPITAL MARKETS PRIVATE LIMITED,Stock Broker (Equity),Active,https://www.sebi.gov.in,2026-10-03,false
INB261286737,C.R. KOTHARI & SONS STOCK BROKING PRIVATE LIMITED,Stock Broker (Equity),Active,https://www.sebi.gov.in,2026-10-03,false
INB261289236,PUNE E STOCK BROKING PRIVATE LIMITED,Stock Broker (Equity),Active,https://www.sebi.gov.in,2026-10-03,false
INB261293436,QUADEYE SECURITIES PRIVATE LIMITED,Stock Broker (Equity),Active,https://www.sebi.gov.in,2026-10-03,false
INB261294038,INDITRADE CAPITAL LIMITED,Stock Broker (Equity),Active,https://www.sebi.gov.in,2026-10-03,false
INB261296439,BASAN EQUITY BROKING LIMITED,Stock Broker (Equity),Active,https://www.sebi.gov.in,2026-10-03,false
INB261296835,TWENTY FOUR CARAT STOCK & SHARE BROKERS PRIVATE LIMITED,Stock Broker (Equity),Active,https://www.sebi.gov.in,2026-10-03,false
INB261300330,IDEAL STOCK BROKING PRIVATE LIMITED,Stock Broker (Equity),Active,https://www.sebi.gov.in,2026-10-03,false
INB261301635,GYANDEEP STOCKS PRIVATE LIMITED,Stock Broker (Equity),Active,https://www.sebi.gov.in,2026-10-03,false
INB261318134,GOLDEN STOCK BROKERS PRIVATE LIMITED,Stock Broker (Equity),Active,https://www.sebi.gov.in,2026-10-03,false
INB261318332,RBG FINANCIAL SERVICES PRIVATE LIMITED,Stock Broker (Equity),Active,https://www.sebi.gov.in,2026-10-03,false
INB261320031,RTG SHARE BROKING LIMITED,Stock Broker (Equity),Active,https://www.sebi.gov.in,2026-10-03,false
INB261337233,GEOJIT BNP PARIBAS FINANCIAL SERVICES LIMITED,Stock Broker (Equity),Active,https://www.sebi.gov.in,2026-10-03,false
INB261338637,ITI FINANCIAL SERVICES LIMITED,Stock Broker (Equity),Active,https://www.sebi.gov.in,2026-10-03,false
INB261345236,YOGEN BABU SECURITIES PRIVATE LIMITED,Stock Broker (Equity),Active,https://www.sebi.gov.in,2026-10-03,false
INB261349436,ABANS SECURITIES LIMITED,Stock Broker (Equity),Active,https://www.sebi.gov.in,2026-10-03,false
INB261358833,ARJEETA SHARE BROKING PRIVATE LIMITED,Stock Broker (Equity),Active,https://www.sebi.gov.in,2026-10-03,false
INB261360037,GRM SECURITIES PRIVATE LIMITED,Stock Broker (Equity),Active,https://www.sebi.gov.in,2026-10-03,false
INB261364138,HARIHAR SECURITIES PRIVATE LIMITED,Stock Broker (Equity),Active,https://www.sebi.gov.in,2026-10-03,false
INB261365333,NEELKANTH STOCK BROKERS PRIVATE LIMITED,Stock Broker (Equity),Active,https://www.sebi.gov.in,2026-10-03,false
INB261370531,MASTER MONEY INTERMEDIARIES PRIVATE LIMITED,Stock Broker (Equity),Active,https://www.sebi.gov.in,2026-10-03,false
INB261376728,ATUL MONEY,Stock Broker (Equity),Active,https://www.sebi.gov.in,2026-10-03,false
INB261377239,EXCEL MERCANTILE PRIVATE LIMITED,Stock Broker (Equity),Active,https://www.sebi.gov.in,2026-10-03,false
INB261387733,SHARDA CAPITAL PRIVATE LIMITED,Stock Broker (Equity),Active,https://www.sebi.gov.in,2026-10-03,false
INB261395835,ACHIIEVERS EQUITIES LIMITED,Stock Broker (Equity),Active,https://www.sebi.gov.in,2026-10-03,false
INB261397237,FRR SHARES AND SECURITIES LIMITED,Stock Broker (Equity),Active,https://www.sebi.gov.in,2026-10-03,false
INB261408638,AVON MANAGEMENT PRIVATE LIMITED,Stock Broker (Equity),Active,https://www.sebi.gov.in,2026-10-03,false
INB261411335,VACHANA SECURITIES PRIVATE LIMITED,Stock Broker (Equity),Active,https://www.sebi.gov.in,2026-10-03,false
INB261412234,PINNACLE FOREX & SECURITIES PRIVATE LIMITED,Stock Broker (Equity),Active,https://www.sebi.gov.in,2026-10-03,false
INB261414537,EDELWEISS FINANCIAL ADVISORS LIMITED,Stock Broker (Equity),Active,https://www.sebi.gov.in,2026-10-03,false
INB261419437,QUANT BROKING PRIVATE LIMITED,Stock Broker (Equity),Active,https://www.sebi.gov.in,2026-10-03,false
INB261422837,LAHOTI FINANCIAL SERVICES LIMITED,Stock Broker (Equity),Active,https://www.sebi.gov.in,2026-10-03,false
INB261426234,SRM SECURITIES PRIVATE LIMITED,Stock Broker (Equity),Active,https://www.sebi.gov.in,2026-10-03,false
INB261436530,KUMAR SHARE BROKERS LIMITED,Stock Broker (Equity),Active,https://www.sebi.gov.in,2026-10-03,false
INB261439138,MAX PLANWEALTH SECURITIES LIMITED,Stock Broker (Equity),Active,https://www.sebi.gov.in,2026-10-03,false
INB261448436,ADORE BROKING PRIVATE LIMITED,Stock Broker (Equity),Active,https://www.sebi.gov.in,2026-10-03,false
INB261448634,PASSION STOCK BROKING PRIVATE LIMITED,Stock Broker (Equity),Active,https://www.sebi.gov.in,2026-10-03,false
INB261449137,HORIZON FINANCIAL CONSULTANTS PRIVATE LIMITED,Stock Broker (Equity),Active,https://www.sebi.gov.in,2026-10-03,false
INB261450036,SHIV CHARAN SECURITIES PRIVATE LIMITED,Stock Broker (Equity),Active,https://www.sebi.gov.in,2026-10-03,false
INB261450416,K. RAJANI,Stock Broker (Equity),Active,https://www.sebi.gov.in,2026-10-03,false
INB261451331,TRADEDEAL FINANCIAL SERVICES PRIVATE LIMITED,Stock Broker (Equity),Active,https://www.sebi.gov.in,2026-10-03,false
INB261458732,PRODECS SECURITIES PRIVATE LIMITED,Stock Broker (Equity),Active,https://www.sebi.gov.in,2026-10-03,false
INB261468335,AIMCO FINEX LIMITED,Stock Broker (Equity),Active,https://www.sebi.gov.in,2026-10-03,false
INB261471131,SHREE SAIBALAJI SECURITIES PRIVATE LIMITED,Stock Broker (Equity),Active,https://www.sebi.gov.in,2026-10-03,false
INB261471230,SANCHAY SHARE TRADING PRIVATE LIMITED,Stock Broker (Equity),Active,https://www.sebi.gov.in,2026-10-03,false
INB261471339,REGENT MERCHANTS PRIVATE LIMITED,Stock Broker (Equity),Active,https://www.sebi.gov.in,2026-10-03,false
INB261471719,SETU VASHISHTH,Stock Broker (Equity),Active,https://www.sebi.gov.in,2026-10-03,false
INB261472238,GEE KAY FINSEC CONSULTANCY PRIVATE LIMITED,Stock Broker (Equity),Active,https://www.sebi.gov.in,2026-10-03,false
INB261472634,MAATANGI CAPITAL CONSULTANTS PRIVATE LIMITED,Stock Broker (Equity),Active,https://www.sebi.gov.in,2026-10-03,false
INB261473335,HAPPY BROKERS PRIVATE LIMITED,Stock Broker (Equity),Active,https://www.sebi.gov.in,2026-10-03,false
INB261473517,PEERZAAD KHUSHROO DADYBURJOR,Stock Broker (Equity),Active,https://www.sebi.gov.in,2026-10-03,false
INB261473913,ARVIND TANNA,Stock Broker (Equity),Active,https://www.sebi.gov.in,2026-10-03,false
INB261474739,ESSKAY KAABRA FIN INVESTS PRIVATE LIMITED,Stock Broker (Equity),Active,https://www.sebi.gov.in,2026-10-03,false
INB261474911,NIRMAL KHETAN,Stock Broker (Equity),Active,https://www.sebi.gov.in,2026-10-03,false
INB261475330,SPARSH BROKING PRIVATE LIMITED,Stock Broker (Equity),Active,https://www.sebi.gov.in,2026-10-03,false
INB261477237,SHIVLOK SECURITIES PRIVATE LIMITED,Stock Broker (Equity),Active,https://www.sebi.gov.in,2026-10-03,false
INB261477716,SAMIR NANDLAL SHAH,Stock Broker (Equity),Active,https://www.sebi.gov.in,2026-10-03,false
INB261477831,NAMOH CAPITAL SERVICES PRIVATE LIMITED,Stock Broker (Equity),Active,https://www.sebi.gov.in,2026-10-03,false
INB261478037,PCJ SECURITIES PRIVATE LIMITED,Stock Broker (Equity),Active,https://www.sebi.gov.in,2026-10-03,false
INB261478110,SONAL H. RAITHATHA,Stock Broker (Equity),Active,https://www.sebi.gov.in,2026-10-03,false
INB261478532,INOQUEST ADVISORS PRIVATE LIMITED,Stock Broker (Equity),Active,https://www.sebi.gov.in,2026-10-03,false
INB261478631,NSB SECURITIES PRIVATE LIMITED,Stock Broker (Equity),Active,https://www.sebi.gov.in,2026-10-03,false
INB261478730,MAA PADMAWATI SHARE AND STOCK BROKING PRIVATE LIMITED,Stock Broker (Equity),Active,https://www.sebi.gov.in,2026-10-03,false
INB261478938,GFX INVESTMENTS & FINANCIAL SERVICES,Stock Broker (Equity),Active,https://www.sebi.gov.in,2026-10-03,false
INB261479621,DHARMA INNOVATIVE HOLDINGS,Stock Broker (Equity),Active,https://www.sebi.gov.in,2026-10-03,false
INB261479936,S L CHOKHANY LEASING & FINANCE COMPANY PRIVATE LIMITED,Stock Broker (Equity),Active,https://www.sebi.gov.in,2026-10-03,false
INB261480934,CAMELLIA SECURITIES PRIVATE LIMITED,Stock Broker (Equity),Active,https://www.sebi.gov.in,2026-10-03,false
INB261481312,AJIT KUMAR GUPTA,Stock Broker (Equity),Active,https://www.sebi.gov.in,2026-10-03,false
INB261482435,ANUSHKAA SECURITIES PRIVATE LIMITED,Stock Broker (Equity),Active,https://www.sebi.gov.in,2026-10-03,false
INB261483136,PURUSHOTTAM VINIMAY PRIVATE LIMITED,Stock Broker (Equity),Active,https://www.sebi.gov.in,2026-10-03,false
INB261483235,NIHAR STOCKS LIMITED,Stock Broker (Equity),Active,https://www.sebi.gov.in,2026-10-03,false
INB261483631,SINGLA FIN LEAS PRIVATE LIMITED,Stock Broker (Equity),Active,https://www.sebi.gov.in,2026-10-03,false
INB261483722,KRISHANA SECURITIES,Stock Broker (Equity),Active,https://www.sebi.gov.in,2026-10-03,false
INB261484837,EK DUNT SHARE BROKING PRIVATE LIMITED,Stock Broker (Equity),Active,https://www.sebi.gov.in,2026-10-03,false
INB261485537,RUZUAL SECURITIES RESEARCH & CONSULTANTS (P) LIMITED,Stock Broker (Equity),Active,https://www.sebi.gov.in,2026-10-03,false
INB261486337,ODYSSEY SECURITIES PRIVATE LIMITED,Stock Broker (Equity),Active,https://www.sebi.gov.in,2026-10-03,false
INB261486527,PLATINUM SECURITIES,Stock Broker (Equity),Active,https://www.sebi.gov.in,2026-10-03,false
INB261488531,FINSHORE SECURITIES PRIVATE LIMITED,Stock Broker (Equity),Active,https://www.sebi.gov.in,2026-10-03,false
INB261489836,TWENTY20 SECURITIES PRIVATE LIMITED,Stock Broker (Equity),Active,https://www.sebi.gov.in,2026-10-03,false
INB261489935,PRINCE VINIMAY PRIVATE LIMITED,Stock Broker (Equity),Active,https://www.sebi.gov.in,2026-10-03,false
INB261490438,ARTHAM STOCK BROKERS PRIVATE LIMITED,Stock Broker (Equity),Active,https://www.sebi.gov.in,2026-10-03,false
INB261490933,BEZEL STOCK BROKERS PRIVATE LIMITED,Stock Broker (Equity),Active,https://www.sebi.gov.in,2026-10-03,false
INB261492095,S.SEETARATNAM,Stock Broker (Equity),Active,https://www.sebi.gov.in,2026-10-03,false
INB261492236,SV SHARE BROKING PRIVATE LIMITED,Stock Broker (Equity),Active,https://www.sebi.gov.in,2026-10-03,false
INB261492897,SHREE SHYAM KRIPA STOCK BROKING PRIVATE LIMITED,Stock Broker (Equity),Active,https://www.sebi.gov.in,2026-10-03,false
INB261492939,MASS TRADE INDIA CONSULTANTS PRIVATE LIMITED,Stock Broker (Equity),Active,https://www.sebi.gov.in,2026-10-03,false
INB261493317,SHIV KUMAR KUKREJA,Stock Broker (Equity),Active,https://www.sebi.gov.in,2026-10-03,false
INB261498332,VARSHA VENTURES LIMITED,Stock Broker (Equity),Active,https://www.sebi.gov.in,2026-10-03,false
INZ000000117,SURESH NARAYAN PALAVE PATIL,Stock Broker (Equity),Active,https://www.sebi.gov.in,2026-10-03,false
INZ000000521,GANPATI SECURITIES,Stock Broker (Equity),Active,https://www.sebi.gov.in,2026-10-03,false
INZ000000638,JDA Capital Services Limited,Stock Broker (Equity),Active,https://www.sebi.gov.in,2026-10-03,false
INZ000000828,GOYAL SECURITIES,Stock Broker (Equity),Active,https://www.sebi.gov.in,2026-10-03,false
INZ000001016,DEBABRATA BISWAS,Stock Broker (Equity),Active,https://www.sebi.gov.in,2026-10-03,false
INZ000001131,ANTIQUE STOCK BROKING LIMITED,Stock Broker (Equity),Active,https://www.sebi.gov.in,2026-10-03,false
INZ000001230,GYANDEEP STOCKS PRIVATE LIMITED,Stock Broker (Equity),Active,https://www.sebi.gov.in,2026-10-03,false
INZ000001735,CLSA INDIA PRIVATE LIMITED,Stock Broker (Equity),Active,https://www.sebi.gov.in,2026-10-03,false
INZ000001933,MNM STOCK BROKING PRIVATE LIMITED,Stock Broker (Equity),Active,https://www.sebi.gov.in,2026-10-03,false
INZ000002139,ARTHA VRDDHI SECURITIES LIMITED,Stock Broker (Equity),Active,https://www.sebi.gov.in,2026-10-03,false
INZ000002261,GRAVITON RESEARCH CAPITAL LLP,Stock Broker (Equity),Active,https://www.sebi.gov.in,2026-10-03,false
INZ000002535,SAMCO SECURITIES LIMITED,Stock Broker (Equity),Active,https://www.sebi.gov.in,2026-10-03,false
INZ000003731,IFAST FINANCIAL INDIA PRIVATE LIMITED,Stock Broker (Equity),Active,https://www.sebi.gov.in,2026-10-03,false
INZ000003830,TWO ROADS TRADING PRIVATE LIMITED,Stock Broker (Equity),Active,https://www.sebi.gov.in,2026-10-03,false
INZ000003939,PHRONESIS CAPITAL LIMITED,Stock Broker (Equity),Active,https://www.sebi.gov.in,2026-10-03,false
INZ000004036,GCL SECURITIES PRIVATE LIMITED,Stock Broker (Equity),Active,https://www.sebi.gov.in,2026-10-03,false
INZ000004234,KIFS TRADE CAPITAL PRIVATE LIMITED,Stock Broker (Equity),Active,https://www.sebi.gov.in,2026-10-03,false
INZ000004333,RAJVI STOCK BROKING PRIVATE LIMITED,Stock Broker (Equity),Active,https://www.sebi.gov.in,2026-10-03,false
INZ000004531,S R STOCK BROKING PVT LTD,Stock Broker (Equity),Active,https://www.sebi.gov.in,2026-10-03,false
INZ000004739,ARYAMAN CAPITAL MARKETS LIMITED,Stock Broker (Equity),Active,https://www.sebi.gov.in,2026-10-03,false
INZ000004838,NEW BERRY CAPITALS PRIVATE LIMITED,Stock Broker (Equity),Active,https://www.sebi.gov.in,2026-10-03,false
INZ000004937,Rudra Shares and Stock Brokers Limited,Stock Broker (Equity),Active,https://www.sebi.gov.in,2026-10-03,false
INZ000005033,CRESCO FUTURES LIMITED,Stock Broker (Equity),Active,https://www.sebi.gov.in,2026-10-03,false
INZ000005231,Nuvama Wealth and Investment Limited,Stock Broker (Equity),Active,https://www.sebi.gov.in,2026-10-03,false
INZ000005330,MANU STOCK BROKING PRIVATE LIMITED,Stock Broker (Equity),Active,https://www.sebi.gov.in,2026-10-03,false
INZ000005439,MULTIPLEX CAPITAL LIMITED,Stock Broker (Equity),Active,https://www.sebi.gov.in,2026-10-03,false
INZ000005538,ADWEALTH STOCK BROKING PRIVATE LIMITED,Stock Broker (Equity),Active,https://www.sebi.gov.in,2026-10-03,false
INZ000005637,FOUR DIMENSIONS SECURITIES (INDIA) LIMITED,Stock Broker (Equity),Active,https://www.sebi.gov.in,2026-10-03,false
INZ000005736,INDIA ADVANTAGE SECURITIES PRIVATE LIMITED,Stock Broker (Equity),Active,https://www.sebi.gov.in,2026-10-03,false
INZ000005835,ITI SECURITIES BROKING LIMITED,Stock Broker (Equity),Active,https://www.sebi.gov.in,2026-10-03,false
INZ000006031,Raise Securities Private Limited,Stock Broker (Equity),Active,https://www.sebi.gov.in,2026-10-03,false
INZ000006130,PRARAMBH SECURITIES PRIVATE LIMITED,Stock Broker (Equity),Active,https://www.sebi.gov.in,2026-10-03,false
INZ000006239,ETS SECURITIES PRIVATE LIMITED,Stock Broker (Equity),Active,https://www.sebi.gov.in,2026-10-03,false
INZ000006536,LIBORD BROKERAGE PRIVATE LIMITED,Stock Broker (Equity),Active,https://www.sebi.gov.in,2026-10-03,false
INZ000006635,MAASHITLA SECURITIES PRIVATE LIMITED,Stock Broker (Equity),Active,https://www.sebi.gov.in,2026-10-03,false
INZ000006932,MOTISONS SECURITIES PRIVATE LIMITED,Stock Broker (Equity),Active,https://www.sebi.gov.in,2026-10-03,false
INZ000007039,AJAY GOENKA,Stock Broker (Equity),Active,https://www.sebi.gov.in,2026-10-03,false
INZ000007138,INVESTEC CAPITAL SERVICES (INDIA) PRIVATE LIMITED,Stock Broker (Equity),Active,https://www.sebi.gov.in,2026-10-03,false
INZ000007237,IDBI CAPITAL MARKETS & SECURITIES LIMITED,Stock Broker (Equity),Active,https://www.sebi.gov.in,2026-10-03,false
INZ000007336,MAHESHKUMAR TRIKAMDAS,Stock Broker (Equity),Active,https://www.sebi.gov.in,2026-10-03,false
INZ000007435,MANDOT SECURITIES PRIVATE LIMITED,Stock Broker (Equity),Active,https://www.sebi.gov.in,2026-10-03,false
INZ000007534,INDIABULLS VENTURES LIMITED,Stock Broker (Equity),Active,https://www.sebi.gov.in,2026-10-03,false
INZ000007732,BAJAJ CAPITAL LIMITED,Stock Broker (Equity),Active,https://www.sebi.gov.in,2026-10-03,false
INZ000007831,PNB GILTS LTD,Stock Broker (Equity),Active,https://www.sebi.gov.in,2026-10-03,false
INZ000007930,ALPHAGREP SECURITIES PRIVATE LIMITED,Stock Broker (Equity),Active,https://www.sebi.gov.in,2026-10-03,false
INZ000008037,MONARCH NETWORTH CAPITAL LIMITED,Stock Broker (Equity),Active,https://www.sebi.gov.in,2026-10-03,false
INZ000008136,ISHANIKA SECURITIES PRIVATE LIMITED,Stock Broker (Equity),Active,https://www.sebi.gov.in,2026-10-03,false
INZ000008235,TIPSONS FINANCIAL SERVICES PRIVATE LIMITED,Stock Broker (Equity),Active,https://www.sebi.gov.in,2026-10-03,false
INZ000008417,ANIL AGARWAL,Stock Broker (Equity),Active,https://www.sebi.gov.in,2026-10-03,false
INZ000008524,FYERS SECURITIES PRIVATE LIMITED,Stock Broker (Equity),Active,https://www.sebi.gov.in,2026-10-03,false
INZ000008631,JULIUS BAER WEALTH ADVISORS (INDIA) PVT. LTD.,Stock Broker (Equity),Active,https://www.sebi.gov.in,2026-10-03,false
INZ000008839,TATA SECURITIES LIMITED,Stock Broker (Equity),Active,https://www.sebi.gov.in,2026-10-03,false
INZ000008938,LPC SECURITIES PRIVATE LIMITED,Stock Broker (Equity),Active,https://www.sebi.gov.in,2026-10-03,false
INZ000009118,SOMNATH PHULARI BROKERAGE LIMITED,Stock Broker (Equity),Active,https://www.sebi.gov.in,2026-10-03,false
INZ000009431,VARDHAMANGLOBAL SHARECOM PRIVATE LIMITED,Stock Broker (Equity),Active,https://www.sebi.gov.in,2026-10-03,false
INZ000009738,TRENDWITH CONSULTANCY LIMITED,Stock Broker (Equity),Active,https://www.sebi.gov.in,2026-10-03,false
INZ000009837,ACHINTYA SECURITIES LIMITED,Stock Broker (Equity),Active,https://www.sebi.gov.in,2026-10-03,false
INZ000009936,RS WEALTH MANAGEMENT PRIVATE LIMITED,Stock Broker (Equity),Active,https://www.sebi.gov.in,2026-10-03,false
INZ000010132,IndiaNivesh Shares and Securities Private Limited,Stock Broker (Equity),Active,https://www.sebi.gov.in,2026-10-03,false
INZ000010231,5PAISA CAPITAL LIMITED,Stock Broker (Equity),Active,https://www.sebi.gov.in,2026-10-03,false
INZ000010314,SHADOWFAX TRADERS,Stock Broker (Equity),Active,https://www.sebi.gov.in,2026-10-03,false
INZ000010413,KUNDURU SRI RANGA REDDY,Stock Broker (Equity),Active,https://www.sebi.gov.in,2026-10-03,false
INZ000010538,MIB SECURITIES INDIA PRIVATE LIMITED,Stock Broker (Equity),Active,https://www.sebi.gov.in,2026-10-03,false
INZ000010637,JINDAL FUTURES PRIVATE LIMITED,Stock Broker (Equity),Active,https://www.sebi.gov.in,2026-10-03,false
INZ000010736,OM SCRIP TRADING PVT.LTD,Stock Broker (Equity),Active,https://www.sebi.gov.in,2026-10-03,false
INZ000010835,HERMOINE SECURITIES PRIVATE LIMITED,Stock Broker (Equity),Active,https://www.sebi.gov.in,2026-10-03,false
INZ000011130,PADMAKSHI FINANCIAL SERVICES PRIVATE LIMITED,Stock Broker (Equity),Active,https://www.sebi.gov.in,2026-10-03,false
INZ000011262,IRAGE BROKING SERVICES LLP,Stock Broker (Equity),Active,https://www.sebi.gov.in,2026-10-03,false
INZ000011338,SANCTUM WEALTH PRIVATE LIMITED,Stock Broker (Equity),Active,https://www.sebi.gov.in,2026-10-03,false
INZ000011437,IIFL WEALTH MANAGEMENT LIMITED,Stock Broker (Equity),Active,https://www.sebi.gov.in,2026-10-03,false
INZ000013238,SAMARTH MERCANTILE PVT LTD,Stock Broker (Equity),Active,https://www.sebi.gov.in,2026-10-03,false
INZ000014332,KREDENT TRADING LLP,Stock Broker (Equity),Active,https://www.sebi.gov.in,2026-10-03,false
INZ000014431,MOAT FINANCIAL SERVICES PRIVATE LIMITED,Stock Broker (Equity),Active,https://www.sebi.gov.in,2026-10-03,false
INZ000014530,KRISHA INCAP SERVICES PRIVATE LIMITED,Stock Broker (Equity),Active,https://www.sebi.gov.in,2026-10-03,false
INZ000015535,ACHINTYA COMMODITIES PVT LTD,Stock Broker (Equity),Active,https://www.sebi.gov.in,2026-10-03,false
INZ000016733,FAIRTRADE SECURITIES LIMITED,Stock Broker (Equity),Active,https://www.sebi.gov.in,2026-10-03,false
INZ000016737,GANGANAGAR COMMODITY LIMITED,Stock Broker (Equity),Active,https://www.sebi.gov.in,2026-10-03,false
INZ000016832,ICICI SECURITIES PRIMARY DEALERSHIP LIMITED,Stock Broker (Equity),Active,https://www.sebi.gov.in,2026-10-03,false
INZ000017731,ELIXIR EQUITIES PRIVATE LIMITED,Stock Broker (Equity),Active,https://www.sebi.gov.in,2026-10-03,false
INZ000017939,JYOTI BROKING PRIVATE LIMITED,Stock Broker (Equity),Active,https://www.sebi.gov.in,2026-10-03,false
INZ000018135,BSAS SECURITIES LIMITED,Stock Broker (Equity),Active,https://www.sebi.gov.in,2026-10-03,false
INZ000018234,REEVON INDUSTRIES INDIA LIMITED,Stock Broker (Equity),Active,https://www.sebi.gov.in,2026-10-03,false
INZ000018333,WEALTH FIRST PORTFOLIO MANAGERS LIMITED,Stock Broker (Equity),Active,https://www.sebi.gov.in,2026-10-03,false
INZ000018432,PATEL WEALTH ADVISORS PRIVATE LIMITED,Stock Broker (Equity),Active,https://www.sebi.gov.in,2026-10-03,false
INZ000018531,PURE BROKING PRIVATE LIMITED,Stock Broker (Equity),Active,https://www.sebi.gov.in,2026-10-03,false
INZ000021538,Gandhi Commodities LLP,Stock Broker (Equity),Active,https://www.sebi.gov.in,2026-10-03,false
INZ000022431,Evermore Share Broking Private Limited,Stock Broker (Equity),Active,https://www.sebi.gov.in,2026-10-03,false
INZ000023630,MEHTA WEALTH LTD.,Stock Broker (Equity),Active,https://www.sebi.gov.in,2026-10-03,false
INZ000024939,GLOBE COMMODITIES LIMITED,Stock Broker (Equity),Active,https://www.sebi.gov.in,2026-10-03,false
INZ000025437,SUVRIDHI CAPITAL MARKETS PVT. LTD.,Stock Broker (Equity),Active,https://www.sebi.gov.in,2026-10-03,false
INZ000025734,SUNRISE GILTS & SECURITIES PRIVATE LIMITED,Stock Broker (Equity),Active,https://www.sebi.gov.in,2026-10-03,false
INZ000026435,HAITONG SECURITIES INDIA PVT. LTD.,Stock Broker (Equity),Active,https://www.sebi.gov.in,2026-10-03,false
INZ000027432,PRRSAAR SAMPADA PRIVATE LIMITED,Stock Broker (Equity),Active,https://www.sebi.gov.in,2026-10-03,false
INZ000028539,ALANKIT IMAGINATIONS LIMITED,Stock Broker (Equity),Active,https://www.sebi.gov.in,2026-10-03,false
INZ000029017,RAJESH TULSIRAM MAHESHWARI,Stock Broker (Equity),Active,https://www.sebi.gov.in,2026-10-03,false
INZ000029627,SHRI RAM COMMODITIES,Stock Broker (Equity),Active,https://www.sebi.gov.in,2026-10-03,false
INZ000031534,KARNAM SECURITIES PRIVATE LIMITED,Stock Broker (Equity),Active,https://www.sebi.gov.in,2026-10-03,false
INZ000031633,ZERODHA BROKING LIMITED,Stock Broker (Equity),Active,https://www.sebi.gov.in,2026-10-03,false
INZ000032733,ABANS BROKING SERVICES PVT LTD,Stock Broker (Equity),Active,https://www.sebi.gov.in,2026-10-03,false
INZ000036136,INDIABULLS SECURITIES LIMITED,Stock Broker (Equity),Active,https://www.sebi.gov.in,2026-10-03,false
INZ000036335,KGR SECURITIES PRIVATE LIMITED,Stock Broker (Equity),Active,https://www.sebi.gov.in,2026-10-03,false
INZ000036426,AIWIN INVESTMENT MONEY,Stock Broker (Equity),Active,https://www.sebi.gov.in,2026-10-03,false
INZ000039339,ICAP IL INDIA PRIVATE LIMITED,Stock Broker (Equity),Active,https://www.sebi.gov.in,2026-10-03,false
INZ000041331,Espresso Financial Services Private Limited,Stock Broker (Equity),Active,https://www.sebi.gov.in,2026-10-03,false
INZ000041822,QE Securities LLP,Stock Broker (Equity),Active,https://www.sebi.gov.in,2026-10-03,false
INZ000042238,KEDIA CAPITAL SERVICES PRIVATE LTD.,Stock Broker (Equity),Active,https://www.sebi.gov.in,2026-10-03,false
INZ000045432,ISSL SETTLEMENT & TRANSACTION SERVICES LIMITED,Stock Broker (Equity),Active,https://www.sebi.gov.in,2026-10-03,false
INZ000046331,RAMSNEHI VINIYOG PVT LTD,Stock Broker (Equity),Active,https://www.sebi.gov.in,2026-10-03,false
INZ000048532,Commodity Mandi Private Limited,Stock Broker (Equity),Active,https://www.sebi.gov.in,2026-10-03,false
INZ000048660,SUNLIGHT BROKING LLP,Stock Broker (Equity),Active,https://www.sebi.gov.in,2026-10-03,false
INZ000048736,EQUATOR FINANCIAL SERVICES LIMITED,Stock Broker (Equity),Active,https://www.sebi.gov.in,2026-10-03,false
INZ000049235,GOPOCKET INVEST TECH PRIVATE LIMITED,Stock Broker (Equity),Active,https://www.sebi.gov.in,2026-10-03,false
INZ000054130,WEALTHMILLS SECURITIES PVT. LTD.,Stock Broker (Equity),Active,https://www.sebi.gov.in,2026-10-03,false
INZ000054933,M D OVERSEAS PRIVATE LIMITED,Stock Broker (Equity),Active,https://www.sebi.gov.in,2026-10-03,false
INZ000056036,JAMBUWALA COMMODITIES PRIVATE LIMITED,Stock Broker (Equity),Active,https://www.sebi.gov.in,2026-10-03,false
INZ000062133,OVERREACH MERCHANTS PRIVATE LIMITED,Stock Broker (Equity),Active,https://www.sebi.gov.in,2026-10-03,false
INZ000063536,HARSH FUTURES COMMODITIES PVT LTD,Stock Broker (Equity),Active,https://www.sebi.gov.in,2026-10-03,false
INZ000063730,PUMARTH COMMODITIES PRIVATE LIMITED,Stock Broker (Equity),Active,https://www.sebi.gov.in,2026-10-03,false
INZ000065136,DNK SECURITIES PRIVATE LIMITED,Stock Broker (Equity),Active,https://www.sebi.gov.in,2026-10-03,false
INZ000067680,CapsGold Pvt Ltd,Stock Broker (Equity),Active,https://www.sebi.gov.in,2026-10-03,false
INZ000068536,PCJ HOLDINGS PRIVATE LIMITED,Stock Broker (Equity),Active,https://www.sebi.gov.in,2026-10-03,false
INZ000068833,DRISHTI SHARES & INVESTMENTS PRIVATE LIMITED,Stock Broker (Equity),Active,https://www.sebi.gov.in,2026-10-03,false
INZ000072735,Quant Institutional Equities Private Limited,Stock Broker (Equity),Active,https://www.sebi.gov.in,2026-10-03,false
INZ000074139,MAITRA COMMODITIES PVT LTD,Stock Broker (Equity),Active,https://www.sebi.gov.in,2026-10-03,false
INZ000074235,Allreach Commodities India Private Limited,Stock Broker (Equity),Active,https://www.sebi.gov.in,2026-10-03,false
INZ000077535,SHREE BALAJI MULTICOMMODITIES PVT LTD,Stock Broker (Equity),Active,https://www.sebi.gov.in,2026-10-03,false
INZ000078632,Enrich Financial Market Private Limited,Stock Broker (Equity),Active,https://www.sebi.gov.in,2026-10-03,false
INZ000081331,BSAS SECURITIES LIMITED,Stock Broker (Equity),Active,https://www.sebi.gov.in,2026-10-03,false
INZ000081836,LSC SECURITIES LIMITED,Stock Broker (Equity),Active,https://www.sebi.gov.in,2026-10-03,false
INZ000082537,ANMOL SHARE BROKING PRIVATE LIMITED,Stock Broker (Equity),Active,https://www.sebi.gov.in,2026-10-03,false
INZ000083930,C.D.COMMODITIES BROKING LTD.,Stock Broker (Equity),Active,https://www.sebi.gov.in,2026-10-03,false
INZ000086139,SIDDHARTHA COMMODITIES PVT LTD,Stock Broker (Equity),Active,https://www.sebi.gov.in,2026-10-03,false
INZ000089933,BHAIJEE BROKING & INVESTMENTS PRIVATE LIMITED,Stock Broker (Equity),Active,https://www.sebi.gov.in,2026-10-03,false
INZ000092238,HINDUSTAN TECHNOSOL PRIVATE LIMITED,Stock Broker (Equity),Active,https://www.sebi.gov.in,2026-10-03,false
INZ000093435,ASHMAVIR FINANCIAL CONSULTANTS PVT. LTD.,Stock Broker (Equity),Active,https://www.sebi.gov.in,2026-10-03,false
INZ000093534,SOCIETE GENERALE SECURITIES INDIA PVT. LTD.,Stock Broker (Equity),Active,https://www.sebi.gov.in,2026-10-03,false
INZ000093633,PROFITMART SECURITIES PRIVATE LIMITED,Stock Broker (Equity),Active,https://www.sebi.gov.in,2026-10-03,false
INZ000094011,DHAVAL VISHNUBHAI BAROT,Stock Broker (Equity),Active,https://www.sebi.gov.in,2026-10-03,false
INZ000094938,SAMTA INVESTRADE PVT. LTD.,Stock Broker (Equity),Active,https://www.sebi.gov.in,2026-10-03,false
INZ000095034,NAVIA MARKETS LIMITED,Stock Broker (Equity),Active,https://www.sebi.gov.in,2026-10-03,false
INZ000095638,BGSE FINANCIALS LIMITED,Stock Broker (Equity),Active,https://www.sebi.gov.in,2026-10-03,false
INZ000095737,INTEGRATED ENTERPRISES (INDIA) PRIVATE LIMITED,Stock Broker (Equity),Active,https://www.sebi.gov.in,2026-10-03,false
INZ000097030,DP TRADEKING PRIVATE LIMITED,Stock Broker (Equity),Active,https://www.sebi.gov.in,2026-10-03,false
INZ000097238,EDELWEISS SECURITIES (IFSC) LIMITED,Stock Broker (Equity),Active,https://www.sebi.gov.in,2026-10-03,false
INZ000097337,GLOBE CAPITAL (IFSC) LIMITED,Stock Broker (Equity),Active,https://www.sebi.gov.in,2026-10-03,false
INZ000097436,SMC GLOBAL (IFSC) PRIVATE LIMITED,Stock Broker (Equity),Active,https://www.sebi.gov.in,2026-10-03,false
INZ000097519,SANJAY AGARWAL BROKING LIMITED,Stock Broker (Equity),Active,https://www.sebi.gov.in,2026-10-03,false
INZ000097618,KETAN V THAKKAR,Stock Broker (Equity),Active,https://www.sebi.gov.in,2026-10-03,false
INZ000097733,SHARE INDIA SECURITIES (IFSC) PRIVATE LIMITED,Stock Broker (Equity),Active,https://www.sebi.gov.in,2026-10-03,false
INZ000097832,MAJORTREND CAPITAL IFSC PRIVATE LIMITED,Stock Broker (Equity),Active,https://www.sebi.gov.in,2026-10-03,false
INZ000097931,SILVER STREAM EQUITIES (IFSC) PRIVATE LIMITED,Stock Broker (Equity),Active,https://www.sebi.gov.in,2026-10-03,false
INZ000098038,DAYCO SECURITIES (IFSC) PRIVATE LIMITED,Stock Broker (Equity),Active,https://www.sebi.gov.in,2026-10-03,false
INZ000098137,GRM SECURITIES (IFSC) PRIVATE LIMITED,Stock Broker (Equity),Active,https://www.sebi.gov.in,2026-10-03,false
INZ000098335,SYNERGY DEALCOM (IFSC) PRIVATE LIMITED,Stock Broker (Equity),Active,https://www.sebi.gov.in,2026-10-03,false
INZ000098434,O. J. FINANCIAL SERVICES (IFSC) PRIVATE LIMITED,Stock Broker (Equity),Active,https://www.sebi.gov.in,2026-10-03,false
INZ000098533,ARCADIA INTERNATIONAL (IFSC) PRIVATE LIMITED,Stock Broker (Equity),Active,https://www.sebi.gov.in,2026-10-03,false
INZ000098632,GATEWAY FINANCIAL SERVICES (IFSC) PVT.LTD,Stock Broker (Equity),Active,https://www.sebi.gov.in,2026-10-03,false
INZ000098731,DYNAMIC EQUITIES (IFSC) PRIVATE LIMITED,Stock Broker (Equity),Active,https://www.sebi.gov.in,2026-10-03,false
INZ000098830,EXCEL BROKING (IFSC) PVT.LTD,Stock Broker (Equity),Active,https://www.sebi.gov.in,2026-10-03,false
INZ000098939,GRD SECURITIES IFSC LTD,Stock Broker (Equity),Active,https://www.sebi.gov.in,2026-10-03,false
INZ000099036,ESTEE IFSC PVT LTD,Stock Broker (Equity),Active,https://www.sebi.gov.in,2026-10-03,false
INZ000099135,TOTAL SECURITIES (IFSC) PVT. LTD.,Stock Broker (Equity),Active,https://www.sebi.gov.in,2026-10-03,false
INZ000099234,WEGMANS FINANCIAL SERVICES IFSC PVT LTD,Stock Broker (Equity),Active,https://www.sebi.gov.in,2026-10-03,false
INZ000099333,DIVYA PORTFOLIO (IFSC) PRIVATE LIMITED,Stock Broker (Equity),Active,https://www.sebi.gov.in,2026-10-03,false
INZ000099432,MANSUKH IFSC BROKING PVT. LTD.,Stock Broker (Equity),Active,https://www.sebi.gov.in,2026-10-03,false
INZ000099531,ANTIQUE STOCK BROKING (IFSC) LIMITED,Stock Broker (Equity),Active,https://www.sebi.gov.in,2026-10-03,false
INZ000099630,ASHIKA STOCK BROKING IFSC PVT. LTD.,Stock Broker (Equity),Active,https://www.sebi.gov.in,2026-10-03,false
INZ000099838,GOGIA CAPITAL IFSC PRIVATE LIMITED,Stock Broker (Equity),Active,https://www.sebi.gov.in,2026-10-03,false
INZ000100131,J V EQUITIES PRIVATE LIMITED,Stock Broker (Equity),Active,https://www.sebi.gov.in,2026-10-03,false
INZ000100438,VIKASH STOCK BROKING SERVICES PVT. LTD.,Stock Broker (Equity),Active,https://www.sebi.gov.in,2026-10-03,false
INZ000100768,KAJI AND MAULIK SECURITIES LLP,Stock Broker (Equity),Active,https://www.sebi.gov.in,2026-10-03,false
INZ000101139,INDIAN FINANCE GUARANTY LIMITED,Stock Broker (Equity),Active,https://www.sebi.gov.in,2026-10-03,false
INZ000101434,THE FEDERAL BANK LIMITED,Stock Broker (Equity),Active,https://www.sebi.gov.in,2026-10-03,false
INZ000101832,NIDHI BROKING SERVICES PRIVATE LIMITED,Stock Broker (Equity),Active,https://www.sebi.gov.in,2026-10-03,false
INZ000102031,Dealmoney Commodities Pvt Ltd,Stock Broker (Equity),Active,https://www.sebi.gov.in,2026-10-03,false
INZ000102129,ISHTA SECURITIES,Stock Broker (Equity),Active,https://www.sebi.gov.in,2026-10-03,false
INZ000102665,APARNA SHARES AND STOCKBROKERS LLP,Stock Broker (Equity),Active,https://www.sebi.gov.in,2026-10-03,false
INZ000103036,ITI GILTS LIMITED,Stock Broker (Equity),Active,https://www.sebi.gov.in,2026-10-03,false
INZ000103465,SURYAVANSHAM COMMTRADE LLP,Stock Broker (Equity),Active,https://www.sebi.gov.in,2026-10-03,false
INZ000103531,MAVERICK SHARE BROKERS PRIVATE LIMITED,Stock Broker (Equity),Active,https://www.sebi.gov.in,2026-10-03,false
INZ000103838,SHREE BAHUBALI STOCK BROKING LTD.,Stock Broker (Equity),Active,https://www.sebi.gov.in,2026-10-03,false
INZ000104034,AUTUS SECURITIES PRIVATE LIMITED,Stock Broker (Equity),Active,https://www.sebi.gov.in,2026-10-03,false
INZ000104166,TRADEX SECURITIES LLP,Stock Broker (Equity),Active,https://www.sebi.gov.in,2026-10-03,false
INZ000104331,Acemoney Securities Private Limited,Stock Broker (Equity),Active,https://www.sebi.gov.in,2026-10-03,false
INZ000104430,AFCO INVESTMENTS SERVICES PRIVATE LIMITED,Stock Broker (Equity),Active,https://www.sebi.gov.in,2026-10-03,false
INZ000104737,GEOJIT FINANCIAL SERVICES LIMITED,Stock Broker (Equity),Active,https://www.sebi.gov.in,2026-10-03,false
INZ000155134,Amar Alliance Securities Private Limited,Stock Broker (Equity),Active,https://www.sebi.gov.in,2026-10-03,false
INZ000155333,SAFAL CAPITAL (INDIA) LIMITED,Stock Broker (Equity),Active,https://www.sebi.gov.in,2026-10-03,false
INZ000155638,AFTERTRADE BROKING PRIVATE LIMITED,Stock Broker (Equity),Active,https://www.sebi.gov.in,2026-10-03,false
INZ000155732,KK SECURITIES LIMITED,Stock Broker (Equity),Active,https://www.sebi.gov.in,2026-10-03,false
INZ000156038,ALICE BLUE FINANCIAL SERVICES PRIVATE LIMITED,Stock Broker (Equity),Active,https://www.sebi.gov.in,2026-10-03,false
INZ000156539,HINDUSTAN TRADECOM PRIVATE LIMITED,Stock Broker (Equity),Active,https://www.sebi.gov.in,2026-10-03,false
INZ000156633,TAURRUS FINSEC PRIVATE LIMITED,Stock Broker (Equity),Active,https://www.sebi.gov.in,2026-10-03,false
INZ000157134,CIMB SECURITIES ( INDIA ) PRIVATE LIMITED,Stock Broker (Equity),Active,https://www.sebi.gov.in,2026-10-03,false
INZ000157224,Kivi Securities,Stock Broker (Equity),Active,https://www.sebi.gov.in,2026-10-03,false
INZ000157539,Arihant Capital IFSC Limited,Stock Broker (Equity),Active,https://www.sebi.gov.in,2026-10-03,false
INZ000157633,ISS ENTERPRISE LIMITED,Stock Broker (Equity),Active,https://www.sebi.gov.in,2026-10-03,false
INZ000157737,RIKHAV SECURITIES LIMITED,Stock Broker (Equity),Active,https://www.sebi.gov.in,2026-10-03,false
INZ000158031,TRUST SECURITIES SERVICES PRIVATE LIMITED,Stock Broker (Equity),Active,https://www.sebi.gov.in,2026-10-03,false
INZ000158634,MAJORTREND CAPITAL PRIVATE LIMITED,Stock Broker (Equity),Active,https://www.sebi.gov.in,2026-10-03,false
INZ000158836,MOTILAL OSWAL FINANCIAL SERVICES LIMITED,Stock Broker (Equity),Active,https://www.sebi.gov.in,2026-10-03,false
INZ000159332,BOB CAPITAL MARKETS LIMITED,Stock Broker (Equity),Active,https://www.sebi.gov.in,2026-10-03,false
INZ000159435,DEALMONEY SECURITIES PRIVATE LIMITED,Stock Broker (Equity),Active,https://www.sebi.gov.in,2026-10-03,false
INZ000159538,ADROIT FINANCIAL SERVICES (IFSC) PRIVATE LIMITED,Stock Broker (Equity),Active,https://www.sebi.gov.in,2026-10-03,false
INZ000159635,CONCEPT SHARES & SECURITIES LLP,Stock Broker (Equity),Active,https://www.sebi.gov.in,2026-10-03,false
INZ000159835,PADAM TOWERS SECURITIES LIMITED,Stock Broker (Equity),Active,https://www.sebi.gov.in,2026-10-03,false
INZ000159933,MOHANLAL HEMCHAND LLP,Stock Broker (Equity),Active,https://www.sebi.gov.in,2026-10-03,false
INZ000160131,CHOICE EQUITY BROKING PRIVATE LIMITED,Stock Broker (Equity),Active,https://www.sebi.gov.in,2026-10-03,false
INZ000160330,ASTITVA CAPITAL MARKET PRIVATE LIMITED,Stock Broker (Equity),Active,https://www.sebi.gov.in,2026-10-03,false
INZ000160534,REGENCY STOCK BROKING PRIVATE LIMITED,Stock Broker (Equity),Active,https://www.sebi.gov.in,2026-10-03,false
INZ000160632,TULLETT PREBON (INDIA) LIMITED,Stock Broker (Equity),Active,https://www.sebi.gov.in,2026-10-03,false
INZ000160735,STAR FINVEST PVT.LTD.,Stock Broker (Equity),Active,https://www.sebi.gov.in,2026-10-03,false
INZ000160834,B. N. RATHI SECURITIES LIMITED,Stock Broker (Equity),Active,https://www.sebi.gov.in,2026-10-03,false
INZ000160938,TRADEJINI FINANCIAL SERVICES PRIVATE LIMITED,Stock Broker (Equity),Active,https://www.sebi.gov.in,2026-10-03,false
INZ000161234,BALANCE EQUITY BROKING (INDIA) PVT. LTD.,Stock Broker (Equity),Active,https://www.sebi.gov.in,2026-10-03,false
INZ000161438,PUNE E STOCK BROKING LIMITED,Stock Broker (Equity),Active,https://www.sebi.gov.in,2026-10-03,false
INZ000161534,ANGEL ONE LIMITED,Stock Broker (Equity),Active,https://www.sebi.gov.in,2026-10-03,false
INZ000161633,AXIS SECURITIES LIMITED,Stock Broker (Equity),Active,https://www.sebi.gov.in,2026-10-03,false
INZ000161834,BNP PARIBAS SECURITIES INDIA PRIVATE LIMITED,Stock Broker (Equity),Active,https://www.sebi.gov.in,2026-10-03,false
INZ000162033,ARISTON CAPITAL SERVICES PRIVATE LIMITED,Stock Broker (Equity),Active,https://www.sebi.gov.in,2026-10-03,false
INZ000162134,ZUARI FINSERV LIMITED,Stock Broker (Equity),Active,https://www.sebi.gov.in,2026-10-03,false
INZ000162233,R V HEMANI SHARES AND STOCK LLP,Stock Broker (Equity),Active,https://www.sebi.gov.in,2026-10-03,false
INZ000162538,EXCEL DEBT BROKING PRIVATE LIMITED,Stock Broker (Equity),Active,https://www.sebi.gov.in,2026-10-03,false
INZ000162635,Mindset Securities Private Limited,Stock Broker (Equity),Active,https://www.sebi.gov.in,2026-10-03,false
INZ000163034,DOLAT CAPITAL IFSC PRIVATE LIMITED,Stock Broker (Equity),Active,https://www.sebi.gov.in,2026-10-03,false
INZ000163138,MIRAE ASSET CAPITAL MARKETS (INDIA) PRIVATE LIMITED,Stock Broker (Equity),Active,https://www.sebi.gov.in,2026-10-03,false
INZ000163333,J G A SHAH SHARE BROKERS P LTD,Stock Broker (Equity),Active,https://www.sebi.gov.in,2026-10-03,false
INZ000163434,JM FINANCIAL INSTITUTIONAL SECURITIES LIMITED,Stock Broker (Equity),Active,https://www.sebi.gov.in,2026-10-03,false
INZ000163538,IL&FS SECURITIES SERVICES LIMITED,Stock Broker (Equity),Active,https://www.sebi.gov.in,2026-10-03,false
INZ000163631,PURE BROKING PRIVATE LIMITED,Stock Broker (Equity),Active,https://www.sebi.gov.in,2026-10-03,false
INZ000163752,Pluswealth Capital Management LLP,Stock Broker (Equity),Active,https://www.sebi.gov.in,2026-10-03,false
INZ000163932,HARENDRA D.MEHTA SHARE & STOCK BROKER PRIVATE LIMITED,Stock Broker (Equity),Active,https://www.sebi.gov.in,2026-10-03,false
INZ000164039,SBI-SG GLOBAL SECURITIES SERVICES PRIVATE LIMITED,Stock Broker (Equity),Active,https://www.sebi.gov.in,2026-10-03,false
INZ000164132,IIFL Capital Services Ltd.,Stock Broker (Equity),Active,https://www.sebi.gov.in,2026-10-03,false
INZ000164233,NORTHEAST BROKING SERVICES LTD,Stock Broker (Equity),Active,https://www.sebi.gov.in,2026-10-03,false
INZ000164436,FINDOC INVESTMART PRIVATE LIMITED,Stock Broker (Equity),Active,https://www.sebi.gov.in,2026-10-03,false
INZ000164537,MANSUKH SECURITIES & FINANCE LTD.,Stock Broker (Equity),Active,https://www.sebi.gov.in,2026-10-03,false
INZ000164630,PSB SECURITIES LIMITED,Stock Broker (Equity),Active,https://www.sebi.gov.in,2026-10-03,false
INZ000164738,INCRED MONEY BROKING LIMITED,Stock Broker (Equity),Active,https://www.sebi.gov.in,2026-10-03,false
INZ000164937,MANSUKH STOCK BROKERS LIMITED,Stock Broker (Equity),Active,https://www.sebi.gov.in,2026-10-03,false
INZ000165032,SRI SHIRDI SECURITIES PRIVATE LIMITED,Stock Broker (Equity),Active,https://www.sebi.gov.in,2026-10-03,false
INZ000165135,SUSHIL FINANCIAL SERVICES PRIVATE LIMITED,Stock Broker (Equity),Active,https://www.sebi.gov.in,2026-10-03,false
INZ000165237,CELEBRUS CAPITAL LIMITED,Stock Broker (Equity),Active,https://www.sebi.gov.in,2026-10-03,false
INZ000165534,ORBIS FINANCIAL CORPORATION LTD.,Stock Broker (Equity),Active,https://www.sebi.gov.in,2026-10-03,false
INZ000165639,KMS STOCK BROKING CO PVT LTD,Stock Broker (Equity),Active,https://www.sebi.gov.in,2026-10-03,false
INZ000165734,SURESH RATHI SECURITIES PRIVATE LIMITED,Stock Broker (Equity),Active,https://www.sebi.gov.in,2026-10-03,false
INZ000165832,BASANT SECURITIES PRIVATE LIMITED,Stock Broker (Equity),Active,https://www.sebi.gov.in,2026-10-03,false
INZ000165931,CAPSTOCKS & SECURITIES (INDIA) PVT. LTD.,Stock Broker (Equity),Active,https://www.sebi.gov.in,2026-10-03,false
INZ000166031,SHREEHARI SHARES & STOCK BROKERS LLP,Stock Broker (Equity),Active,https://www.sebi.gov.in,2026-10-03,false
INZ000166136,NUVAMA WEALTH MANAGEMENT LIMITED,Stock Broker (Equity),Active,https://www.sebi.gov.in,2026-10-03,false
INZ000166234,PRUDENT BROKING SERVICES PRIVATE LIMITED,Stock Broker (Equity),Active,https://www.sebi.gov.in,2026-10-03,false
INZ000166334,Mangal Keshav Financial Services LLP,Stock Broker (Equity),Active,https://www.sebi.gov.in,2026-10-03,false
INZ000166439,Tradeswift Broking Private Limited,Stock Broker (Equity),Active,https://www.sebi.gov.in,2026-10-03,false
INZ000166538,ASIATIC STOCK & SECURITIES LTD.,Stock Broker (Equity),Active,https://www.sebi.gov.in,2026-10-03,false
INZ000166638,R.L.P. SECURITIES PRIVATE LIMITED,Stock Broker (Equity),Active,https://www.sebi.gov.in,2026-10-03,false
INZ000166934,GRETEX SHARE BROKING LIMITED,Stock Broker (Equity),Active,https://www.sebi.gov.in,2026-10-03,false
INZ000167225,DURGA PRASAD & CO,Stock Broker (Equity),Active,https://www.sebi.gov.in,2026-10-03,false
INZ000167335,SHAH INVESTOR'S HOME LIMITED,Stock Broker (Equity),Active,https://www.sebi.gov.in,2026-10-03,false
INZ000167528,Divya Securities,Stock Broker (Equity),Active,https://www.sebi.gov.in,2026-10-03,false
INZ000167638,VARUN BROKING INDIA LIMITED,Stock Broker (Equity),Active,https://www.sebi.gov.in,2026-10-03,false
INZ000167734,HEM FINLEASE PVT. LTD.,Stock Broker (Equity),Active,https://www.sebi.gov.in,2026-10-03,false
INZ000168034,HEM SECURITIES LIMITED,Stock Broker (Equity),Active,https://www.sebi.gov.in,2026-10-03,false
INZ000168137,GEPL CAPITAL PRIVATE LIMITED,Stock Broker (Equity),Active,https://www.sebi.gov.in,2026-10-03,false
INZ000168236,CHOLAMANDALAM SECURITIES LIMITED,Stock Broker (Equity),Active,https://www.sebi.gov.in,2026-10-03,false
INZ000168338,Gill Broking Private Limited,Stock Broker (Equity),Active,https://www.sebi.gov.in,2026-10-03,false
INZ000168432,PENTAD SECURITIES PRIVATE LIMITED,Stock Broker (Equity),Active,https://www.sebi.gov.in,2026-10-03,false
INZ000168637,VT CAPITAL MARKET PRIVATE LIMITED,Stock Broker (Equity),Active,https://www.sebi.gov.in,2026-10-03,false
INZ000168834,CENTILLION CAPITAL PRIVATE LIMITED,Stock Broker (Equity),Active,https://www.sebi.gov.in,2026-10-03,false
INZ000168931,CAREGROWTH BROKING PRIVATE LIMITED,Stock Broker (Equity),Active,https://www.sebi.gov.in,2026-10-03,false
INZ000169033,BHAGWANDAS GORDHANDAS FINANCIAL PRIVATE LIMITED,Stock Broker (Equity),Active,https://www.sebi.gov.in,2026-10-03,false
INZ000169130,ASHIKA STOCK SERVICES LIMITED,Stock Broker (Equity),Active,https://www.sebi.gov.in,2026-10-03,false
INZ000169235,SUNIDHI SECURITIES & FINANCE LIMITED,Stock Broker (Equity),Active,https://www.sebi.gov.in,2026-10-03,false
INZ000169335,NIKUNJ STOCK BROKERS LTD.,Stock Broker (Equity),Active,https://www.sebi.gov.in,2026-10-03,false
INZ000169433,PRABHAT FINANCIAL SERVICES LTD.,Stock Broker (Equity),Active,https://www.sebi.gov.in,2026-10-03,false
INZ000169535,CIL SECURITIES LIMITED,Stock Broker (Equity),Active,https://www.sebi.gov.in,2026-10-03,false
INZ000169632,PhillipCapital (India) Private Limited,Stock Broker (Equity),Active,https://www.sebi.gov.in,2026-10-03,false
INZ000169733,A.G. SHARES & SECURITIES LTD.,Stock Broker (Equity),Active,https://www.sebi.gov.in,2026-10-03,false
INZ000169839,EUREKA STOCK & SHARE BROKING SERVICES LTD.,Stock Broker (Equity),Active,https://www.sebi.gov.in,2026-10-03,false
INZ000169935,FARSIGHT SECURITIES LTD.,Stock Broker (Equity),Active,https://www.sebi.gov.in,2026-10-03,false
INZ000170031,Indus Shareshree Private Limited,Stock Broker (Equity),Active,https://www.sebi.gov.in,2026-10-03,false
INZ000170130,ESTEE ADVISORS PRIVATE LIMITED,Stock Broker (Equity),Active,https://www.sebi.gov.in,2026-10-03,false
INZ000170330,LAKSHMISHREE INVESTMENT AND SECURITIES LTD.,Stock Broker (Equity),Active,https://www.sebi.gov.in,2026-10-03,false
INZ000170434,ACUMEN CAPITAL MARKET (INDIA) LIMITED,Stock Broker (Equity),Active,https://www.sebi.gov.in,2026-10-03,false
INZ000170532,Nucleus Stocks Brokers Pvt. Ltd,Stock Broker (Equity),Active,https://www.sebi.gov.in,2026-10-03,false
INZ000170639,PROGRESSIVE SHARE BROKERS PVT LTD,Stock Broker (Equity),Active,https://www.sebi.gov.in,2026-10-03,false
INZ000170736,L.F.C. SECURITIES PRIVATE LIMITED,Stock Broker (Equity),Active,https://www.sebi.gov.in,2026-10-03,false
INZ000170832,ANAND RATHI SHARE AND STOCK BROKERS LIMITED,Stock Broker (Equity),Active,https://www.sebi.gov.in,2026-10-03,false
INZ000170932,PARKER DERIVATIVES (INDIA) PRIVATE LIMITED,Stock Broker (Equity),Active,https://www.sebi.gov.in,2026-10-03,false
INZ000171033,HORIZON FINANCIAL CONSULTANTS PRIVATE LIMITED,Stock Broker (Equity),Active,https://www.sebi.gov.in,2026-10-03,false
INZ000171134,SYSTEMATIX SHARES & STOCKS (INDIA) LTD.,Stock Broker (Equity),Active,https://www.sebi.gov.in,2026-10-03,false
INZ000171337,Sharekhan Limited,Stock Broker (Equity),Active,https://www.sebi.gov.in,2026-10-03,false
INZ000171635,BLB LIMITED,Stock Broker (Equity),Active,https://www.sebi.gov.in,2026-10-03,false
INZ000171733,Kalpalabdhi Financials Private Limited,Stock Broker (Equity),Active,https://www.sebi.gov.in,2026-10-03,false
INZ000171838,TRADEBULLS SECURITIES PRIVATE LIMITED,Stock Broker (Equity),Active,https://www.sebi.gov.in,2026-10-03,false
INZ000171936,TRADEWELL SECURITIES LIMITED,Stock Broker (Equity),Active,https://www.sebi.gov.in,2026-10-03,false
INZ000172031,MAGNUM EQUITY BROKING LIMITED,Stock Broker (Equity),Active,https://www.sebi.gov.in,2026-10-03,false
INZ000172332,suncity share broker private limited,Stock Broker (Equity),Active,https://www.sebi.gov.in,2026-10-03,false
INZ000172433,INDUSIND SECURITIES LIMITED,Stock Broker (Equity),Active,https://www.sebi.gov.in,2026-10-03,false
INZ000172539,PRAGYA SECURITIES PVT. LTD.,Stock Broker (Equity),Active,https://www.sebi.gov.in,2026-10-03,false
INZ000172636,ADITYA BIRLA MONEY LIMITED,Stock Broker (Equity),Active,https://www.sebi.gov.in,2026-10-03,false
INZ000172937,IKM INVESTORS PRIVATE LIMITED,Stock Broker (Equity),Active,https://www.sebi.gov.in,2026-10-03,false
INZ000173014,A SWAMINATHAN,Stock Broker (Equity),Active,https://www.sebi.gov.in,2026-10-03,false
INZ000173137,ADROIT FINANCIAL SERVICES PVT. LTD.,Stock Broker (Equity),Active,https://www.sebi.gov.in,2026-10-03,false
INZ000173337,AUM SECURITIES PRIVATE LTD.,Stock Broker (Equity),Active,https://www.sebi.gov.in,2026-10-03,false
INZ000173431,EDEL INVESTMENTS LIMITED,Stock Broker (Equity),Active,https://www.sebi.gov.in,2026-10-03,false
INZ000173635,AFFLUENCE SHARES AND STOCKS PRIVATE LIMITED,Stock Broker (Equity),Active,https://www.sebi.gov.in,2026-10-03,false
INZ000173837,CAPITAL WIZARD STOCK BROKING PRIVATE LIMITED,Stock Broker (Equity),Active,https://www.sebi.gov.in,2026-10-03,false
INZ000173933,AJCON GLOBAL SERVICES LTD.,Stock Broker (Equity),Active,https://www.sebi.gov.in,2026-10-03,false
INZ000174034,JOINDRE CAPITAL SERVICES LTD.,Stock Broker (Equity),Active,https://www.sebi.gov.in,2026-10-03,false
INZ000174423,VAJRAADITYA VENTURES,Stock Broker (Equity),Active,https://www.sebi.gov.in,2026-10-03,false
INZ000174537,JK SECURITIES PVT. LTD.,Stock Broker (Equity),Active,https://www.sebi.gov.in,2026-10-03,false
INZ000174634,ZEBU SHARE AND WEALTH MANAGEMENTS PRIVATE LIMITED,Stock Broker (Equity),Active,https://www.sebi.gov.in,2026-10-03,false
INZ000174730,MARWADI SHARES AND FINANCE LIMITED,Stock Broker (Equity),Active,https://www.sebi.gov.in,2026-10-03,false
INZ000174838,ANG CAPITAL QUANTS PRIVATE LIMITED,Stock Broker (Equity),Active,https://www.sebi.gov.in,2026-10-03,false
INZ000175032,Crizac Technologies Private Limited,Stock Broker (Equity),Active,https://www.sebi.gov.in,2026-10-03,false
INZ000175235,VINOD SHARES LIMITED,Stock Broker (Equity),Active,https://www.sebi.gov.in,2026-10-03,false
INZ000175534,ARHAM SHARE PRIVATE LIMITED,Stock Broker (Equity),Active,https://www.sebi.gov.in,2026-10-03,false
INZ000175837,DIMENSIONAL SECURITIES PRIVATE LIMITED,Stock Broker (Equity),Active,https://www.sebi.gov.in,2026-10-03,false
INZ000175931,INTEGRATED MASTER SECURITIES PRIVATE LIMITED,Stock Broker (Equity),Active,https://www.sebi.gov.in,2026-10-03,false
INZ000176037,FINVASIA SECURITIES PRIVATE LIMITED,Stock Broker (Equity),Active,https://www.sebi.gov.in,2026-10-03,false
INZ000176139,NARAYAN SECURITIES LIMITED,Stock Broker (Equity),Active,https://www.sebi.gov.in,2026-10-03,false
INZ000176436,PROGNOSIS SECURITIES PRIVATE LIMITED,Stock Broker (Equity),Active,https://www.sebi.gov.in,2026-10-03,false
INZ000176539,BP EQUITIES PRIVATE LIMITED,Stock Broker (Equity),Active,https://www.sebi.gov.in,2026-10-03,false
INZ000176636,SHAREWEALTH SECURITIES LTD.,Stock Broker (Equity),Active,https://www.sebi.gov.in,2026-10-03,false
INZ000176759,MATHISYS QUANTCAP LLP,Stock Broker (Equity),Active,https://www.sebi.gov.in,2026-10-03,false
INZ000176837,KHANDWALA SECURITIES LTD.,Stock Broker (Equity),Active,https://www.sebi.gov.in,2026-10-03,false
INZ000176938,PEE AAR SECURITIES LIMITED,Stock Broker (Equity),Active,https://www.sebi.gov.in,2026-10-03,false
INZ000177036,GOODWILL WEALTH MANAGEMENT PRIVATE LIMITED,Stock Broker (Equity),Active,https://www.sebi.gov.in,2026-10-03,false
INZ000177137,GLOBE CAPITAL MARKET LTD,Stock Broker (Equity),Active,https://www.sebi.gov.in,2026-10-03,false
INZ000177234,EXCLUSIVE SECURITIES LIMITED,Stock Broker (Equity),Active,https://www.sebi.gov.in,2026-10-03,false
INZ000177338,PROMPT CORPORATE SERVICES LTD.,Stock Broker (Equity),Active,https://www.sebi.gov.in,2026-10-03,false
INZ000177437,Nuvama Clearing Services Limited,Stock Broker (Equity),Active,https://www.sebi.gov.in,2026-10-03,false
INZ000177531,AJMERA ASSOCIATES LIMITED,Stock Broker (Equity),Active,https://www.sebi.gov.in,2026-10-03,false
INZ000177636,SMART EQUITY BROKERS PRIVATE LIMITED,Stock Broker (Equity),Active,https://www.sebi.gov.in,2026-10-03,false
INZ000177733,MK Chandan Broking Limited,Stock Broker (Equity),Active,https://www.sebi.gov.in,2026-10-03,false
INZ000177934,Klay Securities Private Limited,Stock Broker (Equity),Active,https://www.sebi.gov.in,2026-10-03,false
INZ000178035,FORTUNE INTERFINANCE LTD.,Stock Broker (Equity),Active,https://www.sebi.gov.in,2026-10-03,false
INZ000178232,NDB SECURITIES PRIVATE LIMITED,Stock Broker (Equity),Active,https://www.sebi.gov.in,2026-10-03,false
INZ000178336,SHARE INDIA SECURITIES LIMITED,Stock Broker (Equity),Active,https://www.sebi.gov.in,2026-10-03,false
INZ000178436,SSJ FINANCE AND SECURITIES PRIVATE LIMITED,Stock Broker (Equity),Active,https://www.sebi.gov.in,2026-10-03,false
INZ000178534,DBFS SECURITIES LIMITED,Stock Broker (Equity),Active,https://www.sebi.gov.in,2026-10-03,false
INZ000178638,SHRIRAM FINANCIAL SERVICES PRIVATE LIMITED,Stock Broker (Equity),Active,https://www.sebi.gov.in,2026-10-03,false
INZ000178736,KSN Credence Commodities Trading Private Limited,Stock Broker (Equity),Active,https://www.sebi.gov.in,2026-10-03,false
INZ000178924,DEVENDRA SHANTILAL KOTHARI,Stock Broker (Equity),Active,https://www.sebi.gov.in,2026-10-03,false
INZ000179035,DB (INTERNATIONAL) STOCK BROKERS LIMITED,Stock Broker (Equity),Active,https://www.sebi.gov.in,2026-10-03,false
INZ000179131,SAAKETA INVESTMENT SERVICES LTD,Stock Broker (Equity),Active,https://www.sebi.gov.in,2026-10-03,false
INZ000179235,HSB SECURITIES & EQUITIES LIMITED,Stock Broker (Equity),Active,https://www.sebi.gov.in,2026-10-03,false
INZ000179335,KRIPA SECURITIES PRIVATE LIMITED,Stock Broker (Equity),Active,https://www.sebi.gov.in,2026-10-03,false
INZ000179435,CORUM SECURITIES PRIVATE LIMITED,Stock Broker (Equity),Active,https://www.sebi.gov.in,2026-10-03,false
INZ000179633,FRONTLINE STOCK BROKERS PRIVATE LIMITED,Stock Broker (Equity),Active,https://www.sebi.gov.in,2026-10-03,false
INZ000179731,JAYPEE CAPITAL LIMITED,Stock Broker (Equity),Active,https://www.sebi.gov.in,2026-10-03,false
INZ000179933,Bang Securities Private Limited,Stock Broker (Equity),Active,https://www.sebi.gov.in,2026-10-03,false
INZ000180218,PREM A SINGHAL,Stock Broker (Equity),Active,https://www.sebi.gov.in,2026-10-03,false
INZ000180332,Nirshilp Commodities and Trading Private Limited,Stock Broker (Equity),Active,https://www.sebi.gov.in,2026-10-03,false
INZ000180436,KUNVARJI FINSTOCK PVT. LTD.,Stock Broker (Equity),Active,https://www.sebi.gov.in,2026-10-03,false
INZ000180555,Maxizo Trading LLP,Stock Broker (Equity),Active,https://www.sebi.gov.in,2026-10-03,false
INZ000180832,PACE STOCK BROKING SERVICES PRIVATE LIMITED,Stock Broker (Equity),Active,https://www.sebi.gov.in,2026-10-03,false
INZ000180939,ARIHANT CAPITAL MARKETS LIMITED,Stock Broker (Equity),Active,https://www.sebi.gov.in,2026-10-03,false
INZ000181031,DALMIA SECURITIES PRIVATE LIMITED,Stock Broker (Equity),Active,https://www.sebi.gov.in,2026-10-03,false
INZ000181135,KRCHOKSEY SHARES AND SECURITIES PRIVATE LIMITED,Stock Broker (Equity),Active,https://www.sebi.gov.in,2026-10-03,false
INZ000181235,MINDEX CAPITAL MARKET PRIVATE LIMITED,Stock Broker (Equity),Active,https://www.sebi.gov.in,2026-10-03,false
INZ000181437,Vora Shares and Stock Broker LLP,Stock Broker (Equity),Active,https://www.sebi.gov.in,2026-10-03,false
INZ000181536,ARYA FIN-TRADE SERVICES (INDIA) PRIVATE LIMITED,Stock Broker (Equity),Active,https://www.sebi.gov.in,2026-10-03,false
INZ000181631,SAMYAG BROKING PRIVATE LIMITED,Stock Broker (Equity),Active,https://www.sebi.gov.in,2026-10-03,false
INZ000181731,KAPILA SECURITIES PVT. LTD.,Stock Broker (Equity),Active,https://www.sebi.gov.in,2026-10-03,false
INZ000181836,AFFINITY SECURITIES PRIVATE LIMITED,Stock Broker (Equity),Active,https://www.sebi.gov.in,2026-10-03,false
INZ000182035,SANTOSH KUMAR KEJRIWAL SECU.(P) LTD,Stock Broker (Equity),Active,https://www.sebi.gov.in,2026-10-03,false
INZ000182234,SANGHAVI SAVLA STOCK BROKERS LTD.,Stock Broker (Equity),Active,https://www.sebi.gov.in,2026-10-03,false
INZ000182337,PINNACLE FOREX & SECURITIES PRIVATE LIMITED,Stock Broker (Equity),Active,https://www.sebi.gov.in,2026-10-03,false
INZ000182435,MILLENNIUM STOCK BROKING PRIVATE LIMITED,Stock Broker (Equity),Active,https://www.sebi.gov.in,2026-10-03,false
INZ000182531,SW CAPITAL PRIVATE LIMITED,Stock Broker (Equity),Active,https://www.sebi.gov.in,2026-10-03,false
INZ000182734,STOCKHOME INDIA LTD.,Stock Broker (Equity),Active,https://www.sebi.gov.in,2026-10-03,false
INZ000182938,GOLDMINE STOCKS PVT. LTD.,Stock Broker (Equity),Active,https://www.sebi.gov.in,2026-10-03,false
INZ000183033,SHRI BRIJ SECURITIES PVT. LTD,Stock Broker (Equity),Active,https://www.sebi.gov.in,2026-10-03,false
INZ000183237,RADAR VISION LIMITED,Stock Broker (Equity),Active,https://www.sebi.gov.in,2026-10-03,false
INZ000183334,TOWER RESEARCH CAPITAL MARKETS INDIA PRIVATE LIMITED,Stock Broker (Equity),Active,https://www.sebi.gov.in,2026-10-03,false
INZ000183631,ICICI SECURITIES LIMITED,Stock Broker (Equity),Active,https://www.sebi.gov.in,2026-10-03,false
INZ000183738,DIVYA CAPITAL ONE PRIVATE LIMITED,Stock Broker (Equity),Active,https://www.sebi.gov.in,2026-10-03,false
INZ000183831,CONSORTIUM SECURITIES PVT. LIMITED,Stock Broker (Equity),Active,https://www.sebi.gov.in,2026-10-03,false
INZ000183933,SPAN CAPLEASE PVT. LTD.,Stock Broker (Equity),Active,https://www.sebi.gov.in,2026-10-03,false
INZ000184331,RELITRADE STOCK BROKING PRIVATE LIMITED,Stock Broker (Equity),Active,https://www.sebi.gov.in,2026-10-03,false
INZ000184438,C.D. EQUISEARCH PVT. LTD,Stock Broker (Equity),Active,https://www.sebi.gov.in,2026-10-03,false
INZ000184532,P H FINANCIALS AND INVESTMENTS PRIVATE LIMITED,Stock Broker (Equity),Active,https://www.sebi.gov.in,2026-10-03,false
INZ000184638,MSB E-TRADE SECURITIES LIMITED,Stock Broker (Equity),Active,https://www.sebi.gov.in,2026-10-03,false
INZ000184830,JRD SECURITIES PRIVATE LIMITED,Stock Broker (Equity),Active,https://www.sebi.gov.in,2026-10-03,false
INZ000184932,MATALIA STOCK BROKING PVT. LTD.,Stock Broker (Equity),Active,https://www.sebi.gov.in,2026-10-03,false
INZ000185032,FAIR INTERMEDIATE INVESTMENT (P) LTD.,Stock Broker (Equity),Active,https://www.sebi.gov.in,2026-10-03,false
INZ000185238,MUTHOOT SECURITIES LIMITED,Stock Broker (Equity),Active,https://www.sebi.gov.in,2026-10-03,false
INZ000185331,FOCUS SHARES & SECURITIES PRIVATE LIMITED,Stock Broker (Equity),Active,https://www.sebi.gov.in,2026-10-03,false
INZ000185431,AUM Capital Market Private Limited,Stock Broker (Equity),Active,https://www.sebi.gov.in,2026-10-03,false
INZ000185530,AGROY FINANCE & INVESTMENT LIMITED,Stock Broker (Equity),Active,https://www.sebi.gov.in,2026-10-03,false
INZ000185632,YES SECURITIES (INDIA) LIMITED,Stock Broker (Equity),Active,https://www.sebi.gov.in,2026-10-03,false
INZ000185936,THIRANI SECURITIES PVT. LTD.,Stock Broker (Equity),Active,https://www.sebi.gov.in,2026-10-03,false
INZ000186032,PREMIER SHARES LIMITED,Stock Broker (Equity),Active,https://www.sebi.gov.in,2026-10-03,false
INZ000186135,NIRMAL BANG EQUITIES PRIVATE LIMITED,Stock Broker (Equity),Active,https://www.sebi.gov.in,2026-10-03,false
INZ000186336,ASIT C.MEHTA INVESTMENT INTERRMEDIATES LIMITED,Stock Broker (Equity),Active,https://www.sebi.gov.in,2026-10-03,false
INZ000186638,JAVERI FISCAL SERVICES LTD.,Stock Broker (Equity),Active,https://www.sebi.gov.in,2026-10-03,false
INZ000186736,DAMANI FINANCIAL SERVICES PRIVATE LIMITED,Stock Broker (Equity),Active,https://www.sebi.gov.in,2026-10-03,false
INZ000186937,HDFC SECURITIES LTD.,Stock Broker (Equity),Active,https://www.sebi.gov.in,2026-10-03,false
INZ000187033,VEDIKA STOCK BROKING PRIVATE LIMITED,Stock Broker (Equity),Active,https://www.sebi.gov.in,2026-10-03,false
INZ000187132,R K GLOBAL SHARES & SECURITIES LIMITED,Stock Broker (Equity),Active,https://www.sebi.gov.in,2026-10-03,false
INZ000187234,SAMURAI SECURITIES PRIVATE LIMITED,Stock Broker (Equity),Active,https://www.sebi.gov.in,2026-10-03,false
INZ000187332,R. WADIWALA SECURITIES PVT. LTD.,Stock Broker (Equity),Active,https://www.sebi.gov.in,2026-10-03,false
INZ000187438,BAHUBALI FINANCIAL SERVICES PRIVATE LIMITED,Stock Broker (Equity),Active,https://www.sebi.gov.in,2026-10-03,false
INZ000187530,HPMG SHARES AND SECURITIES PRIVATE LIMITED,Stock Broker (Equity),Active,https://www.sebi.gov.in,2026-10-03,false
INZ000187633,HARIHAR SECURITIES PRIVATE LIMITED,Stock Broker (Equity),Active,https://www.sebi.gov.in,2026-10-03,false
INZ000187737,UNIQUE STOCKBRO PRIVATE LIMITED,Stock Broker (Equity),Active,https://www.sebi.gov.in,2026-10-03,false
INZ000187834,JPT SHARE SERVICES PRIVATE LIMITED,Stock Broker (Equity),Active,https://www.sebi.gov.in,2026-10-03,false
INZ000187932,ASTHA CREDIT & SECURITIES PVT. LTD.,Stock Broker (Equity),Active,https://www.sebi.gov.in,2026-10-03,false
INZ000188233,GUJJU STOCKS TRADING PRIVATE LIMITED,Stock Broker (Equity),Active,https://www.sebi.gov.in,2026-10-03,false
INZ000188335,VINEMI SHARES & STOCK BROKER LLP,Stock Broker (Equity),Active,https://www.sebi.gov.in,2026-10-03,false
INZ000188431,BRIJMOHAN SAGARMAL SECURITIES PRIVATE LIMITED,Stock Broker (Equity),Active,https://www.sebi.gov.in,2026-10-03,false
INZ000188632,MITHUN SECURITIES PVT. LTD.,Stock Broker (Equity),Active,https://www.sebi.gov.in,2026-10-03,false
INZ000188835,SKI CAPITAL SERVICES LTD.,Stock Broker (Equity),Active,https://www.sebi.gov.in,2026-10-03,false
INZ000188930,INDIRA SECURITIES PRIVATE LIMITED,Stock Broker (Equity),Active,https://www.sebi.gov.in,2026-10-03,false
INZ000189034,ARHAM WEALTH MANAGEMENT PRIVATE LIMITED,Stock Broker (Equity),Active,https://www.sebi.gov.in,2026-10-03,false
INZ000189534,ACROSS BROKING PRIVATE LIMITED,Stock Broker (Equity),Active,https://www.sebi.gov.in,2026-10-03,false
INZ000189732,GLOBALWORTH SECURITIES LIMITED,Stock Broker (Equity),Active,https://www.sebi.gov.in,2026-10-03,false
INZ000189835,VISHWAS FINCAP SERVICES PRIVATE LIMITED,Stock Broker (Equity),Active,https://www.sebi.gov.in,2026-10-03,false
INZ000189931,AXIS CAPITAL LIMITED,Stock Broker (Equity),Active,https://www.sebi.gov.in,2026-10-03,false
INZ000190027,GKN SECURITIES,Stock Broker (Equity),Active,https://www.sebi.gov.in,2026-10-03,false
INZ000190130,GRESHMA SHARES & STOCKS LIMITED,Stock Broker (Equity),Active,https://www.sebi.gov.in,2026-10-03,false
INZ000190232,BADJATE STOCK AND SHARES PRIVATE LIMITED,Stock Broker (Equity),Active,https://www.sebi.gov.in,2026-10-03,false
INZ000190431,ASNANI STOCK BROKER PRIVATE LIMITED,Stock Broker (Equity),Active,https://www.sebi.gov.in,2026-10-03,false
INZ000190535,FORTUNE WEALTH MANAGEMENT CO. INDIA (P) LTD.,Stock Broker (Equity),Active,https://www.sebi.gov.in,2026-10-03,false
INZ000190631,RAINBOW SECURITIES PRIVATE LIMITED,Stock Broker (Equity),Active,https://www.sebi.gov.in,2026-10-03,false
INZ000190836,EAST INDIA SECURITIES LTD.,Stock Broker (Equity),Active,https://www.sebi.gov.in,2026-10-03,false
INZ000190932,C. D. INTEGRATED SERVICES LTD.,Stock Broker (Equity),Active,https://www.sebi.gov.in,2026-10-03,false
INZ000191134,JBS SECURITIES PVT. LTD.,Stock Broker (Equity),Active,https://www.sebi.gov.in,2026-10-03,false
INZ000191233,SAMRIDHI STOCKS PRIVATE LIMITED,Stock Broker (Equity),Active,https://www.sebi.gov.in,2026-10-03,false
INZ000191336,MOTISONS SHARES LIMITED,Stock Broker (Equity),Active,https://www.sebi.gov.in,2026-10-03,false
INZ000191431,GANESH STOCKINVEST (P) LTD,Stock Broker (Equity),Active,https://www.sebi.gov.in,2026-10-03,false
INZ000191536,FLOURISH FINCAP PRIVATE LIMITED,Stock Broker (Equity),Active,https://www.sebi.gov.in,2026-10-03,false
INZ000191632,INTELLECT STOCK BROKING LIMITED,Stock Broker (Equity),Active,https://www.sebi.gov.in,2026-10-03,false
INZ000191735,RATNAKAR SECURITIES PVT. LTD.,Stock Broker (Equity),Active,https://www.sebi.gov.in,2026-10-03,false
INZ000191839,THINCREDBLU SECURITIES PRIVATE LIMITED,Stock Broker (Equity),Active,https://www.sebi.gov.in,2026-10-03,false
INZ000192035,NAVJEEVAN EQUITY BROKING PRIVATE LIMITED,Stock Broker (Equity),Active,https://www.sebi.gov.in,2026-10-03,false
INZ000192133,Wilson Financial Services Private Limited,Stock Broker (Equity),Active,https://www.sebi.gov.in,2026-10-03,false
INZ000192233,VIKSON SECURITIES PRIVATE LIMITED,Stock Broker (Equity),Active,https://www.sebi.gov.in,2026-10-03,false
INZ000192436,Signatureglobal Comtrade Private Limited,Stock Broker (Equity),Active,https://www.sebi.gov.in,2026-10-03,false
INZ000192537,COMFORT SECURITIES LIMITED,Stock Broker (Equity),Active,https://www.sebi.gov.in,2026-10-03,false
INZ000192638,SSPL SECURITIES PRIVATE LIMITED,Stock Broker (Equity),Active,https://www.sebi.gov.in,2026-10-03,false
INZ000192732,SWASTIKA INVESTMART LIMITED,Stock Broker (Equity),Active,https://www.sebi.gov.in,2026-10-03,false
INZ000192837,MULTIGAIN SECURITIES SERVICES PRIVATE LIMITED,Stock Broker (Equity),Active,https://www.sebi.gov.in,2026-10-03,false
INZ000192935,OPG SECURITIES PRIVATE LTD,Stock Broker (Equity),Active,https://www.sebi.gov.in,2026-10-03,false
INZ000193137,PCS SECURITIES LTD.,Stock Broker (Equity),Active,https://www.sebi.gov.in,2026-10-03,false
INZ000193238,GDB SHARE & STK BRO. SER. LTD.,Stock Broker (Equity),Active,https://www.sebi.gov.in,2026-10-03,false
INZ000193533,DYNAMIC EQUITIES PRIVATE LIMITED,Stock Broker (Equity),Active,https://www.sebi.gov.in,2026-10-03,false
INZ000193733,EASTERN FINANCIERS LTD.,Stock Broker (Equity),Active,https://www.sebi.gov.in,2026-10-03,false
INZ000193839,VSE STOCK SERVICES LIMITED,Stock Broker (Equity),Active,https://www.sebi.gov.in,2026-10-03,false
INZ000193937,GRD SECURITIES LTD.,Stock Broker (Equity),Active,https://www.sebi.gov.in,2026-10-03,false
INZ000194035,BALJIT SECURITIES PVT. LTD,Stock Broker (Equity),Active,https://www.sebi.gov.in,2026-10-03,false
INZ000194130,SSM SECURITIES PVT. LTD.,Stock Broker (Equity),Active,https://www.sebi.gov.in,2026-10-03,false
INZ000194236,MANUBHAI MANGALDAS SECURITIES PVT. LTD,Stock Broker (Equity),Active,https://www.sebi.gov.in,2026-10-03,false
INZ000194330,A.P.T. RESEARCH PRIVATE LIMITED,Stock Broker (Equity),Active,https://www.sebi.gov.in,2026-10-03,false
INZ000194431,ABANS SECURITIES PRIVATE LIMITED,Stock Broker (Equity),Active,https://www.sebi.gov.in,2026-10-03,false
INZ000194616,S P RAWAL,Stock Broker (Equity),Active,https://www.sebi.gov.in,2026-10-03,false
INZ000194736,VENTURA SECURITIES LIMITED,Stock Broker (Equity),Active,https://www.sebi.gov.in,2026-10-03,false
INZ000194836,JRK STOCK BROKING PRIVATE LIMITED,Stock Broker (Equity),Active,https://www.sebi.gov.in,2026-10-03,false
INZ000194938,INDO THAI SECURITIES LTD.,Stock Broker (Equity),Active,https://www.sebi.gov.in,2026-10-03,false
INZ000195031,GRM SECURITIES PRIVATE LIMITED,Stock Broker (Equity),Active,https://www.sebi.gov.in,2026-10-03,false
INZ000195131,SUNFLOWER BROKING PRIVATE LIMITED,Stock Broker (Equity),Active,https://www.sebi.gov.in,2026-10-03,false
INZ000195231,COIMBATORE CAPITAL LIMITED.,Stock Broker (Equity),Active,https://www.sebi.gov.in,2026-10-03,false
INZ000195328,BURGEON SECURITIES,Stock Broker (Equity),Active,https://www.sebi.gov.in,2026-10-03,false
INZ000195436,ZEN SECURITIES LIMITED,Stock Broker (Equity),Active,https://www.sebi.gov.in,2026-10-03,false
INZ000195533,COCHIN STOCK BROKERS LTD.,Stock Broker (Equity),Active,https://www.sebi.gov.in,2026-10-03,false
INZ000195732,YUG SECURITIES PRIVATE LIMITED,Stock Broker (Equity),Active,https://www.sebi.gov.in,2026-10-03,false
INZ000195834,JM FINANCIAL SERVICES LIMITED,Stock Broker (Equity),Active,https://www.sebi.gov.in,2026-10-03,false
INZ000196232,EXCEL STOCK BROKING PRIVATE LIMITED,Stock Broker (Equity),Active,https://www.sebi.gov.in,2026-10-03,false
INZ000196431,ANS PVT. LTD.,Stock Broker (Equity),Active,https://www.sebi.gov.in,2026-10-03,false
INZ000196517,Muneer,Stock Broker (Equity),Active,https://www.sebi.gov.in,2026-10-03,false
INZ000196637,PRABHUDAS LILLADHER PRIVATE LIMITED,Stock Broker (Equity),Active,https://www.sebi.gov.in,2026-10-03,false
INZ000196835,MONEYWISE FINVEST LIMITED,Stock Broker (Equity),Active,https://www.sebi.gov.in,2026-10-03,false
INZ000196935,UAE EXCHANGE & FINANCE LTD.,Stock Broker (Equity),Active,https://www.sebi.gov.in,2026-10-03,false
INZ000197038,KARUNA FINANCIAL SERVICES PVT. LTD.,Stock Broker (Equity),Active,https://www.sebi.gov.in,2026-10-03,false
INZ000197136,NAKAMICHI SECURITIES LTD,Stock Broker (Equity),Active,https://www.sebi.gov.in,2026-10-03,false
INZ000197211,HARISH KUMAR SINGHANIA,Stock Broker (Equity),Active,https://www.sebi.gov.in,2026-10-03,false
INZ000197331,BASAN EQUITY BROKING LIMITED,Stock Broker (Equity),Active,https://www.sebi.gov.in,2026-10-03,false
INZ000197438,ICICI BANK LTD.,Stock Broker (Equity),Active,https://www.sebi.gov.in,2026-10-03,false
INZ000197638,NIRMAN SHARE BROKERS PRIVATE LIMITED,Stock Broker (Equity),Active,https://www.sebi.gov.in,2026-10-03,false
INZ000198021,B.S. SECURITIES,Stock Broker (Equity),Active,https://www.sebi.gov.in,2026-10-03,false
INZ000198136,A. C. CHOKSI SHARE BROKERS PVT. LTD.,Stock Broker (Equity),Active,https://www.sebi.gov.in,2026-10-03,false
INZ000198335,SILVER STREAM EQUITIES PRIVATE LIMITED,Stock Broker (Equity),Active,https://www.sebi.gov.in,2026-10-03,false
INZ000198434,CROWN CONSULTANTS (P) LTD.,Stock Broker (Equity),Active,https://www.sebi.gov.in,2026-10-03,false
INZ000198538,KNA SHARE BROKERS PRIVATE LIMITED,Stock Broker (Equity),Active,https://www.sebi.gov.in,2026-10-03,false
INZ000198735,JAINAM BROKING LIMITED,Stock Broker (Equity),Active,https://www.sebi.gov.in,2026-10-03,false
INZ000198838,SATCO CAPITAL MARKETS LIMITED,Stock Broker (Equity),Active,https://www.sebi.gov.in,2026-10-03,false
INZ000198932,BHAIJEE PORTFOLIO LIMITED,Stock Broker (Equity),Active,https://www.sebi.gov.in,2026-10-03,false
INZ000199032,WEALTH DISCOVERY SECURITIES PRIVATE LIMITED,Stock Broker (Equity),Active,https://www.sebi.gov.in,2026-10-03,false
INZ000199136,B R JALAN SECURITIES PRIVATE LIMITED,Stock Broker (Equity),Active,https://www.sebi.gov.in,2026-10-03,false
INZ000199232,JHAVERI SECURITIES LIMITED,Stock Broker (Equity),Active,https://www.sebi.gov.in,2026-10-03,false
INZ000199335,SKP SECURITIES LIMITED,Stock Broker (Equity),Active,https://www.sebi.gov.in,2026-10-03,false
INZ000199438,SMC GLOBAL SECURITIES LIMITED,Stock Broker (Equity),Active,https://www.sebi.gov.in,2026-10-03,false
INZ000199535,ELBEE SECURITIES PVT. LTD.,Stock Broker (Equity),Active,https://www.sebi.gov.in,2026-10-03,false
INZ000199631,RAJENDRA MODI SHARE BROKERS PRIVATE LIMITED,Stock Broker (Equity),Active,https://www.sebi.gov.in,2026-10-03,false
INZ000199739,J. L. SHAH SECURITIES PVT. LTD.,Stock Broker (Equity),Active,https://www.sebi.gov.in,2026-10-03,false
INZ000199833,SYKES & RAY EQUITIES (I) LTD,Stock Broker (Equity),Active,https://www.sebi.gov.in,2026-10-03,false
INZ000199936,STOCKHOLDING SERVICES LIMITED,Stock Broker (Equity),Active,https://www.sebi.gov.in,2026-10-03,false
INZ000200032,SBICAP SECURITIES LIMITED,Stock Broker (Equity),Active,https://www.sebi.gov.in,2026-10-03,false
INZ000200137,KOTAK SECURITIES LIMITED,Stock Broker (Equity),Active,https://www.sebi.gov.in,2026-10-03,false
INZ000200338,B D SHAH SECURITIES LIMITED,Stock Broker (Equity),Active,https://www.sebi.gov.in,2026-10-03,false
INZ000200531,NAVKAR SHARE & STOCK BROKERS PRIVATE LIMITED,Stock Broker (Equity),Active,https://www.sebi.gov.in,2026-10-03,false
INZ000200633,BCB BROKERAGE PRIVATE LIMITED,Stock Broker (Equity),Active,https://www.sebi.gov.in,2026-10-03,false
INZ000200831,V MATHRAN & CO PVT LTD,Stock Broker (Equity),Active,https://www.sebi.gov.in,2026-10-03,false
INZ000200930,SSD SECURITIES PRIVATE LIMITED,Stock Broker (Equity),Active,https://www.sebi.gov.in,2026-10-03,false
INZ000201038,ASIAN BROKING PRIVATE LIMITED,Stock Broker (Equity),Active,https://www.sebi.gov.in,2026-10-03,false
INZ000201133,Crosseas Capital Markets Private Limited,Stock Broker (Equity),Active,https://www.sebi.gov.in,2026-10-03,false
INZ000201234,KIMAYA SECURITIES & FINANCIAL SERVICES PRIVATE LIMITED,Stock Broker (Equity),Active,https://www.sebi.gov.in,2026-10-03,false
INZ000201438,FLATTRADE BROKING PRIVATE LIMITED,Stock Broker (Equity),Active,https://www.sebi.gov.in,2026-10-03,false
INZ000201535,J. J. BHABHERA SHARE BROKERS PVT. LTD.,Stock Broker (Equity),Active,https://www.sebi.gov.in,2026-10-03,false
INZ000201636,SHILPA STOCK BROKER PRIVATE LIMITED,Stock Broker (Equity),Active,https://www.sebi.gov.in,2026-10-03,false
INZ000201738,MANU STOCK BROKING PRIVATE LIMITED,Stock Broker (Equity),Active,https://www.sebi.gov.in,2026-10-03,false
INZ000201830,BHUMIKA CONSULTANCY PRIVATE LIMITED,Stock Broker (Equity),Active,https://www.sebi.gov.in,2026-10-03,false
INZ000202035,KAVIRAJ SECURITIES PVT. LTD.,Stock Broker (Equity),Active,https://www.sebi.gov.in,2026-10-03,false
INZ000202134,ABHINANDAN STOCK BROKING PRIVATE LIMITED,Stock Broker (Equity),Active,https://www.sebi.gov.in,2026-10-03,false
INZ000202536,NIRMAL BANG SECURITIES PRIVATE LIMITED,Stock Broker (Equity),Active,https://www.sebi.gov.in,2026-10-03,false
INZ000202639,LOHIA SECURITIES LIMITED,Stock Broker (Equity),Active,https://www.sebi.gov.in,2026-10-03,false
INZ000202733,GOGIA CAPITAL GROWTH LIMITED,Stock Broker (Equity),Active,https://www.sebi.gov.in,2026-10-03,false
INZ000202832,DHARAMSHI SECURITIES PRIVATE LIMITED,Stock Broker (Equity),Active,https://www.sebi.gov.in,2026-10-03,false
INZ000202931,CONCORD VINIMAY PRIVATE LIMITED,Stock Broker (Equity),Active,https://www.sebi.gov.in,2026-10-03,false
INZ000203235,Everest Creators Private Limited,Stock Broker (Equity),Active,https://www.sebi.gov.in,2026-10-03,false
INZ000203332,RBC FINANCIAL SERVICES PVT. LTD.,Stock Broker (Equity),Active,https://www.sebi.gov.in,2026-10-03,false
INZ000203432,LIBRA HOLDINGS P LTD,Stock Broker (Equity),Active,https://www.sebi.gov.in,2026-10-03,false
INZ000203537,HARDIK FINTRADE PRIVATE LIMITED,Stock Broker (Equity),Active,https://www.sebi.gov.in,2026-10-03,false
INZ000203636,J M GLOBAL EQUITIES PRIVATE LIMITED,Stock Broker (Equity),Active,https://www.sebi.gov.in,2026-10-03,false
INZ000203739,ASHLAR SECURITIES PRIVATE LIMITED,Stock Broker (Equity),Active,https://www.sebi.gov.in,2026-10-03,false
INZ000203821,ENRICH FINANCIAL SERVICES,Stock Broker (Equity),Active,https://www.sebi.gov.in,2026-10-03,false
INZ000203933,EMKAY GLOBAL FINANCIAL SERVICES LIMITED,Stock Broker (Equity),Active,https://www.sebi.gov.in,2026-10-03,false
INZ000204036,MALOO EQUITRADE,Stock Broker (Equity),Active,https://www.sebi.gov.in,2026-10-03,false
INZ000204136,GLOBAL VISION SECURITIES (P) LTD,Stock Broker (Equity),Active,https://www.sebi.gov.in,2026-10-03,false
INZ000204238,CNB FINWIZ PRIVATE LIMITED,Stock Broker (Equity),Active,https://www.sebi.gov.in,2026-10-03,false
INZ000204337,ADINATH STOCK BROKING PRIVATE LIMITED,Stock Broker (Equity),Active,https://www.sebi.gov.in,2026-10-03,false
INZ000204433,BHARAT BHUSHAN EQUITY TRADERS LIMITED,Stock Broker (Equity),Active,https://www.sebi.gov.in,2026-10-03,false
INZ000204533,VARDHAMAN CAPITAL PVT. LTD.,Stock Broker (Equity),Active,https://www.sebi.gov.in,2026-10-03,false
INZ000204633,GEE BEE SECURITIES PVT. LTD.,Stock Broker (Equity),Active,https://www.sebi.gov.in,2026-10-03,false
INZ000204731,VERTEX SECURITIES LIMITED,Stock Broker (Equity),Active,https://www.sebi.gov.in,2026-10-03,false
INZ000204835,HTS SECURITIES PRIVATE LIMITED,Stock Broker (Equity),Active,https://www.sebi.gov.in,2026-10-03,false
INZ000205032,GOENKA SHARE BROKING PRIVATE LIMITED,Stock Broker (Equity),Active,https://www.sebi.gov.in,2026-10-03,false
INZ000205136,ATS SHARE BROKERS PRIVATE LIMITED,Stock Broker (Equity),Active,https://www.sebi.gov.in,2026-10-03,false
INZ000205331,CENTRUM BROKING LIMITED,Stock Broker (Equity),Active,https://www.sebi.gov.in,2026-10-03,false
INZ000205530,INDIA CEMENTS INVESTMENT SERVICES LIMITED,Stock Broker (Equity),Active,https://www.sebi.gov.in,2026-10-03,false
INZ000205630,BHARTIA STOCK BROKING PVT. LTD.,Stock Broker (Equity),Active,https://www.sebi.gov.in,2026-10-03,false
INZ000205734,DINDAYAL BIYANI SECURITIES PRIVATE LIMITED,Stock Broker (Equity),Active,https://www.sebi.gov.in,2026-10-03,false
INZ000205835,MATHRAN SECURITIES PRIVATE LIMITED,Stock Broker (Equity),Active,https://www.sebi.gov.in,2026-10-03,false
INZ000205936,PARWATI CAPITAL MARKET PVT LTD.,Stock Broker (Equity),Active,https://www.sebi.gov.in,2026-10-03,false
INZ000206024,MACONOCHIE & CO.,Stock Broker (Equity),Active,https://www.sebi.gov.in,2026-10-03,false
INZ000206136,SPS SHARE BROKERS PRIVATE LIMITED,Stock Broker (Equity),Active,https://www.sebi.gov.in,2026-10-03,false
INZ000206227,GFX INVESTMENTS & FINANCIAL SERVICES,Stock Broker (Equity),Active,https://www.sebi.gov.in,2026-10-03,false
INZ000206338,MARKET CREATORS LIMITED,Stock Broker (Equity),Active,https://www.sebi.gov.in,2026-10-03,false
INZ000206433,PANKAJ MANGALDAS SECURITIES PRIVATE LIMITED,Stock Broker (Equity),Active,https://www.sebi.gov.in,2026-10-03,false
INZ000206539,ARCH FINANCE LTD,Stock Broker (Equity),Active,https://www.sebi.gov.in,2026-10-03,false
INZ000206637,M. P. VORA SHARES & SECURITIES PRIVATE LIMITED,Stock Broker (Equity),Active,https://www.sebi.gov.in,2026-10-03,false
INZ000206732,PRAVIN RATILAL SHARE AND STOCK BROKERS LTD.,Stock Broker (Equity),Active,https://www.sebi.gov.in,2026-10-03,false
INZ000206920,NK SECURITIES RESEARCH PRIVATE LIMITED,Stock Broker (Equity),Active,https://www.sebi.gov.in,2026-10-03,false
INZ000207033,BLACK FOX FINANCIAL PRIVATE LIMITED,Stock Broker (Equity),Active,https://www.sebi.gov.in,2026-10-03,false
INZ000207137,IDFC SECURITIES LIMITED,Stock Broker (Equity),Active,https://www.sebi.gov.in,2026-10-03,false
INZ000207233,NARAYAN CAPITAL PRIVATE LIMITED,Stock Broker (Equity),Active,https://www.sebi.gov.in,2026-10-03,false
INZ000207336,MAGNUM EQUITY SERVICES PRIVATE LIMITED,Stock Broker (Equity),Active,https://www.sebi.gov.in,2026-10-03,false
INZ000207615,JITENDRA PUKHRAJ JAIN,Stock Broker (Equity),Active,https://www.sebi.gov.in,2026-10-03,false
INZ000207722,PRAKASH SECURITIES,Stock Broker (Equity),Active,https://www.sebi.gov.in,2026-10-03,false
INZ000207939,INDBANK MCHNT. BKG. SVCS. LTD.,Stock Broker (Equity),Active,https://www.sebi.gov.in,2026-10-03,false
INZ000208431,NDA SECURITIES LIMITED,Stock Broker (Equity),Active,https://www.sebi.gov.in,2026-10-03,false
INZ000208530,GULITA SECURITIES LTD.,Stock Broker (Equity),Active,https://www.sebi.gov.in,2026-10-03,false
INZ000208631,LATIN MANHARLAL SECURITIES PVT. LTD.,Stock Broker (Equity),Active,https://www.sebi.gov.in,2026-10-03,false
INZ000208738,MUDRA OM SECURITIES PVT. LTD.,Stock Broker (Equity),Active,https://www.sebi.gov.in,2026-10-03,false
INZ000208937,NYCE SECURITIES & DERIVATIVES LIMITED,Stock Broker (Equity),Active,https://www.sebi.gov.in,2026-10-03,false
INZ000209036,Finwizard Technology Private Limited,Stock Broker (Equity),Active,https://www.sebi.gov.in,2026-10-03,false
INZ000209331,NVS BROKERAGE PVT LTD,Stock Broker (Equity),Active,https://www.sebi.gov.in,2026-10-03,false
INZ000209538,J. G. SHAH FINANCIAL CONSULTANTS PRIVATE LIMITED,Stock Broker (Equity),Active,https://www.sebi.gov.in,2026-10-03,false
INZ000209725,HENSEX SECURITIES PRIVATE LIMITED,Stock Broker (Equity),Active,https://www.sebi.gov.in,2026-10-03,false
INZ000210031,BINDAL EQUITIES PRIVATE LIMITED,Stock Broker (Equity),Active,https://www.sebi.gov.in,2026-10-03,false
INZ000210132,LYONS RANGE SHARE BROKING (P) LTD.,Stock Broker (Equity),Active,https://www.sebi.gov.in,2026-10-03,false
INZ000210233,NAYAN M VALA SECURITIES PRIVATE LIMITED,Stock Broker (Equity),Active,https://www.sebi.gov.in,2026-10-03,false
INZ000210337,DALAL & BROACHA STOCK BROKING PRIVATE LIMITED,Stock Broker (Equity),Active,https://www.sebi.gov.in,2026-10-03,false
INZ000210436,PASHUPATI CAPITAL SERVICES PVT. LTD.,Stock Broker (Equity),Active,https://www.sebi.gov.in,2026-10-03,false
INZ000210539,MASTER CAPITAL SERVICES LTD.,Stock Broker (Equity),Active,https://www.sebi.gov.in,2026-10-03,false
INZ000210631,PRARUP SHARES & STOCK BROKERS PRIVATE LIMITED,Stock Broker (Equity),Active,https://www.sebi.gov.in,2026-10-03,false
INZ000210739,FIRST GLOBAL STOCKBROKING PRIVATE LIMITED,Stock Broker (Equity),Active,https://www.sebi.gov.in,2026-10-03,false
INZ000210834,FEDERAL CAPITAL MARKETS LIMITED,Stock Broker (Equity),Active,https://www.sebi.gov.in,2026-10-03,false
INZ000210932,PROBULLS STOCKBROKING PRIVATE LIMITED,Stock Broker (Equity),Active,https://www.sebi.gov.in,2026-10-03,false
INZ000211035,TRIMBHAK INVESTMENTS & FINANCE SERVICES PRIVATE LIMITED,Stock Broker (Equity),Active,https://www.sebi.gov.in,2026-10-03,false
INZ000211236,MAHESHWARI EQUITY SERVICES PRIVATE LIMITED,Stock Broker (Equity),Active,https://www.sebi.gov.in,2026-10-03,false
INZ000211332,ABIRA SECURITIES LIMITED,Stock Broker (Equity),Active,https://www.sebi.gov.in,2026-10-03,false
INZ000211534,TRUSTLINE SECURITIES LIMITED,Stock Broker (Equity),Active,https://www.sebi.gov.in,2026-10-03,false
INZ000211637,PRITHVI FINMART PRIVATE LIMITED,Stock Broker (Equity),Active,https://www.sebi.gov.in,2026-10-03,false
INZ000211738,ISF SECURITIES LIMITED,Stock Broker (Equity),Active,https://www.sebi.gov.in,2026-10-03,false
INZ000211837,MARKET HUB STOCK BROKING PRIVATE LIMITED,Stock Broker (Equity),Active,https://www.sebi.gov.in,2026-10-03,false
INZ000211932,R. K. STOCKHOLDING (P) LTD.,Stock Broker (Equity),Active,https://www.sebi.gov.in,2026-10-03,false
INZ000212036,LARK CONSULTANCY PRIVATE LIMITED,Stock Broker (Equity),Active,https://www.sebi.gov.in,2026-10-03,false
INZ000212137,BONANZA PORTFOLIO LTD.,Stock Broker (Equity),Active,https://www.sebi.gov.in,2026-10-03,false
INZ000212231,FAST CAPITAL MARKETS LIMITED,Stock Broker (Equity),Active,https://www.sebi.gov.in,2026-10-03,false
INZ000212336,A.A.DOSHI SHARE & STOCK BROKERS LIMITED,Stock Broker (Equity),Active,https://www.sebi.gov.in,2026-10-03,false
INZ000212535,MEHTA SECURITIES LTD,Stock Broker (Equity),Active,https://www.sebi.gov.in,2026-10-03,false
INZ000212638,GIRIRAJ STOCK BROKING PRIVATE LIMITED,Stock Broker (Equity),Active,https://www.sebi.gov.in,2026-10-03,false
INZ000212735,MVM SECURITIES PRIVATE LIMITED,Stock Broker (Equity),Active,https://www.sebi.gov.in,2026-10-03,false
INZ000212839,BALAJI EQUITIES LIMITED,Stock Broker (Equity),Active,https://www.sebi.gov.in,2026-10-03,false
INZ000213137,NJ INDIA INVEST PRIVATE LIMITED,Stock Broker (Equity),Active,https://www.sebi.gov.in,2026-10-03,false
INZ000213238,NEHA FOREX PRIVATE LIMITED,Stock Broker (Equity),Active,https://www.sebi.gov.in,2026-10-03,false
INZ000213331,AMAR & SONS STOCK BROKING PVT. LTD.,Stock Broker (Equity),Active,https://www.sebi.gov.in,2026-10-03,false
INZ000213450,BESSEGGEN INFOTECH LLP,Stock Broker (Equity),Active,https://www.sebi.gov.in,2026-10-03,false
INZ000213537,SANFORD C. BERNSTEIN (INDIA) PRIVATE LIMITED,Stock Broker (Equity),Active,https://www.sebi.gov.in,2026-10-03,false
INZ000213936,ALMONDZ GLOBAL SECURITIES LIMITED,Stock Broker (Equity),Active,https://www.sebi.gov.in,2026-10-03,false
INZ000214031,AIRAN FINSTOCKS PRIVATE LIMITED,Stock Broker (Equity),Active,https://www.sebi.gov.in,2026-10-03,false
INZ000214132,BATLIVALA & KARANI SECURITIES INDIA PVT. LTD.,Stock Broker (Equity),Active,https://www.sebi.gov.in,2026-10-03,false
INZ000214237,SPFL SECURITIES LIMITED,Stock Broker (Equity),Active,https://www.sebi.gov.in,2026-10-03,false
INZ000214431,Delstox Stocks And Shares Limited,Stock Broker (Equity),Active,https://www.sebi.gov.in,2026-10-03,false
INZ000214535,TODI SECURITIES PRIVATE LTD.,Stock Broker (Equity),Active,https://www.sebi.gov.in,2026-10-03,false
INZ000214632,NCJ SHARE AND STOCK BROKERS LIMITED,Stock Broker (Equity),Active,https://www.sebi.gov.in,2026-10-03,false
INZ000214935,YASHWI SECURITIES (P) LTD.,Stock Broker (Equity),Active,https://www.sebi.gov.in,2026-10-03,false
INZ000215030,VCK SHARE & STOCK BROKING SERVICES LTD,Stock Broker (Equity),Active,https://www.sebi.gov.in,2026-10-03,false
INZ000215236,BMD SECURITIES LIMITED,Stock Broker (Equity),Active,https://www.sebi.gov.in,2026-10-03,false
INZ000215330,MARFATIA STOCK BROKING PVT. LTD.,Stock Broker (Equity),Active,https://www.sebi.gov.in,2026-10-03,false
INZ000215438,Legacy Finvest Private Limited,Stock Broker (Equity),Active,https://www.sebi.gov.in,2026-10-03,false
INZ000215514,Bhagwan Sahai Khandelwal,Stock Broker (Equity),Active,https://www.sebi.gov.in,2026-10-03,false
INZ000215732,SHREE TISAI SECURITIES PRIVATE LIMITED,Stock Broker (Equity),Active,https://www.sebi.gov.in,2026-10-03,false
INZ000215837,ZAVERI ENTERPRISE PRIVATE LIMITED,Stock Broker (Equity),Active,https://www.sebi.gov.in,2026-10-03,false
INZ000215936,ALACRITY SECURITIES LIMITED,Stock Broker (Equity),Active,https://www.sebi.gov.in,2026-10-03,false
INZ000216033,LKP SECURITIES LTD,Stock Broker (Equity),Active,https://www.sebi.gov.in,2026-10-03,false
INZ000216132,D. R. SHARE & STOCK BROKERS PRIVATE LIMITED,Stock Broker (Equity),Active,https://www.sebi.gov.in,2026-10-03,false
INZ000216238,Shriram Insight Share Brokers Limited,Stock Broker (Equity),Active,https://www.sebi.gov.in,2026-10-03,false
INZ000216437,RANGOLI TECHTRADERS PRIVATE LIMITED,Stock Broker (Equity),Active,https://www.sebi.gov.in,2026-10-03,false
INZ000216538,KANTILAL CHHAGANLAL SECURITIES PRIVATE LIMITED,Stock Broker (Equity),Active,https://www.sebi.gov.in,2026-10-03,false
INZ000216630,CHURIWALA SECURITIES PRIVATE LIMITED,Stock Broker (Equity),Active,https://www.sebi.gov.in,2026-10-03,false
INZ000216732,SARA SECURITIES PRIVATE LIMITED,Stock Broker (Equity),Active,https://www.sebi.gov.in,2026-10-03,false
INZ000216837,LAUREL SECURITIES PVT. LIMITED,Stock Broker (Equity),Active,https://www.sebi.gov.in,2026-10-03,false
INZ000216930,A C AGARWAL SHARE BROKERS PRIVATE LIMITED,Stock Broker (Equity),Active,https://www.sebi.gov.in,2026-10-03,false
INZ000217037,O.J.FINANCIAL SERVICES (P) LTD.,Stock Broker (Equity),Active,https://www.sebi.gov.in,2026-10-03,false
INZ000217132,VAJANI SECURITIES PRIVATE LIMITED,Stock Broker (Equity),Active,https://www.sebi.gov.in,2026-10-03,false
INZ000217239,SMK SHARES & STK BROKING P LTD,Stock Broker (Equity),Active,https://www.sebi.gov.in,2026-10-03,false
INZ000217333,BOFA SECURITIES INDIA LIMITED,Stock Broker (Equity),Active,https://www.sebi.gov.in,2026-10-03,false
INZ000217531,TIPSONS STOCK BROKERS PRIVATE LIMITED,Stock Broker (Equity),Active,https://www.sebi.gov.in,2026-10-03,false
INZ000217638,MARCK SECURITIES PVT. LTD.,Stock Broker (Equity),Active,https://www.sebi.gov.in,2026-10-03,false
INZ000217730,INTERACTIVE BROKERS (INDIA) PRIVATE LIMITED,Stock Broker (Equity),Active,https://www.sebi.gov.in,2026-10-03,false
INZ000217838,EVERMORE STOCK BROKERS PRIVATE LIMITED,Stock Broker (Equity),Active,https://www.sebi.gov.in,2026-10-03,false
INZ000217932,RAJSONS SECURITIES LIMITED,Stock Broker (Equity),Active,https://www.sebi.gov.in,2026-10-03,false
INZ000218037,DHAN STOCK & SHARE BROKERS PRIVATE LIMITED,Stock Broker (Equity),Active,https://www.sebi.gov.in,2026-10-03,false
INZ000218139,BHOGILAL TRIKAMLAL SECURITIES PRIVATE LIMITED,Stock Broker (Equity),Active,https://www.sebi.gov.in,2026-10-03,false
INZ000218230,S.P.JAIN SECURITIES PRIVATE LIMITED,Stock Broker (Equity),Active,https://www.sebi.gov.in,2026-10-03,false
INZ000218338,M J PATEL SHARE & STOCK BROKERS LTD,Stock Broker (Equity),Active,https://www.sebi.gov.in,2026-10-03,false
INZ000218531,PROFICIENT EQUITIES (P) LIMITED,Stock Broker (Equity),Active,https://www.sebi.gov.in,2026-10-03,false
INZ000218834,INDIA SECURITIES BROKING PRIVATE LIMITED,Stock Broker (Equity),Active,https://www.sebi.gov.in,2026-10-03,false
INZ000218931,Bajaj Financial Securities Limited,Stock Broker (Equity),Active,https://www.sebi.gov.in,2026-10-03,false
INZ000219037,BABA BHOOTHNATH TRADE AND COMMERCE LIMITED,Stock Broker (Equity),Active,https://www.sebi.gov.in,2026-10-03,false
INZ000219137,AMBALAL SHARES & STOCKS PRIVATE LIMITED,Stock Broker (Equity),Active,https://www.sebi.gov.in,2026-10-03,false
INZ000219238,ARISTRO CAPITAL MARKETS LIMITED,Stock Broker (Equity),Active,https://www.sebi.gov.in,2026-10-03,false
INZ000219324,CHANDRAKANT VALLABHDAS MEHTA,Stock Broker (Equity),Active,https://www.sebi.gov.in,2026-10-03,false
INZ000219434,SPARK SECURITIES PVT. LTD.,Stock Broker (Equity),Active,https://www.sebi.gov.in,2026-10-03,false
INZ000219533,SS CORPORATE SECURITIES LIMITED,Stock Broker (Equity),Active,https://www.sebi.gov.in,2026-10-03,false
INZ000219637,DHWAJA SHARES & SECURITIES PRIVATE LIMITED,Stock Broker (Equity),Active,https://www.sebi.gov.in,2026-10-03,false
INZ000219738,TRIVENI MANAGEMENT CONSULTANCY SERVICES LIMITED,Stock Broker (Equity),Active,https://www.sebi.gov.in,2026-10-03,false
INZ000219831,GPSK CAPITAL PRIVATE LIMITED,Stock Broker (Equity),Active,https://www.sebi.gov.in,2026-10-03,false
INZ000220037,BNK SECURITIES PVT LTD,Stock Broker (Equity),Active,https://www.sebi.gov.in,2026-10-03,false
INZ000220132,NEON VINIMAY PVT. LTD.,Stock Broker (Equity),Active,https://www.sebi.gov.in,2026-10-03,false
INZ000220237,VIKABH SECURITIES PRIVATE LIMITED,Stock Broker (Equity),Active,https://www.sebi.gov.in,2026-10-03,false
INZ000220334,ISTAA FINSERV PRIVATE LIMITED,Stock Broker (Equity),Active,https://www.sebi.gov.in,2026-10-03,false
INZ000220432,BONANZA PORTFOLIO (IFSC) PRIVATE LIMITED,Stock Broker (Equity),Active,https://www.sebi.gov.in,2026-10-03,false
INZ000220635,SMIFS LIMITED,Stock Broker (Equity),Active,https://www.sebi.gov.in,2026-10-03,false
INZ000220733,VIBRANT SECURITIES PVT. LTD.,Stock Broker (Equity),Active,https://www.sebi.gov.in,2026-10-03,false
INZ000220838,SHRI PARASRAM HOLDINGS PVT. LTD.,Stock Broker (Equity),Active,https://www.sebi.gov.in,2026-10-03,false
INZ000220935,HORNIC INVESTMENTS PRIVATE LIMITED,Stock Broker (Equity),Active,https://www.sebi.gov.in,2026-10-03,false
INZ000221032,SKSE SECURITIES LIMITED,Stock Broker (Equity),Active,https://www.sebi.gov.in,2026-10-03,false
INZ000221138,COMPETENT FINMAN PVT. LTD.,Stock Broker (Equity),Active,https://www.sebi.gov.in,2026-10-03,false
INZ000221234,PRAYAS SECURITIES PVT. LTD.,Stock Broker (Equity),Active,https://www.sebi.gov.in,2026-10-03,false
INZ000221337,SAJAG SECURITIES PVT. LTD.,Stock Broker (Equity),Active,https://www.sebi.gov.in,2026-10-03,false
INZ000221434,STRATAGEM STOCK BROKER PRIVATE LIMITED,Stock Broker (Equity),Active,https://www.sebi.gov.in,2026-10-03,false
INZ000221531,ROSY BLUE SECURITIES PRIVATE LIMITED,Stock Broker (Equity),Active,https://www.sebi.gov.in,2026-10-03,false
INZ000221631,KJMC CAPITAL MARKET SERVICES LTD.,Stock Broker (Equity),Active,https://www.sebi.gov.in,2026-10-03,false
INZ000221734,T J STOCK BROKING SERVICES PRIVATE LIMITED,Stock Broker (Equity),Active,https://www.sebi.gov.in,2026-10-03,false
INZ000221834,S.B. SECURITIES PRIVATE LIMITED,Stock Broker (Equity),Active,https://www.sebi.gov.in,2026-10-03,false
INZ000221934,INVENTURE GROWTH & SECURITIES LIMITED,Stock Broker (Equity),Active,https://www.sebi.gov.in,2026-10-03,false
INZ000222017,HEMENDRAKUMAR KESHARICHAND SHAH,Stock Broker (Equity),Active,https://www.sebi.gov.in,2026-10-03,false
INZ000222133,NOMURA FIXED INCOME SECURITIES LIMITED,Stock Broker (Equity),Active,https://www.sebi.gov.in,2026-10-03,false
INZ000222237,RAHEJA STOCK BROKERS P LTD,Stock Broker (Equity),Active,https://www.sebi.gov.in,2026-10-03,false
INZ000222336,G.N.G. INVESTMENT LTD.,Stock Broker (Equity),Active,https://www.sebi.gov.in,2026-10-03,false
INZ000222412,AJAY RASIKLAL VORA,Stock Broker (Equity),Active,https://www.sebi.gov.in,2026-10-03,false
INZ000222633,SHREE KANHA STOCK BROKING PRIVATE LIMITED,Stock Broker (Equity),Active,https://www.sebi.gov.in,2026-10-03,false
INZ000222733,MESH STOCK BROKERS PRIVATE LIMITED,Stock Broker (Equity),Active,https://www.sebi.gov.in,2026-10-03,false
INZ000222834,V. P. CONSULTANTS PRIVATE LIMITED,Stock Broker (Equity),Active,https://www.sebi.gov.in,2026-10-03,false
INZ000222935,NHBT Securities Private Limited,Stock Broker (Equity),Active,https://www.sebi.gov.in,2026-10-03,false
INZ000223221,PUSHPAK FINSTOCK,Stock Broker (Equity),Active,https://www.sebi.gov.in,2026-10-03,false
INZ000223333,KAMAL KUMAR JALAN SECURITIES PRIVATE LIMITED,Stock Broker (Equity),Active,https://www.sebi.gov.in,2026-10-03,false
INZ000223538,STEEL CITY SECURITIES LTD.,Stock Broker (Equity),Active,https://www.sebi.gov.in,2026-10-03,false
INZ000223637,K. M. JAIN STOCK BROKERS PVT. LTD.,Stock Broker (Equity),Active,https://www.sebi.gov.in,2026-10-03,false
INZ000223739,SKS CAPITAL & RESEARCH PRIVATE LIMITED,Stock Broker (Equity),Active,https://www.sebi.gov.in,2026-10-03,false
INZ000223816,CHAUTHMAL CHURIWALA,Stock Broker (Equity),Active,https://www.sebi.gov.in,2026-10-03,false
INZ000223939,TRADEPURE STOCK BROKING PRIVATE LIMITED,Stock Broker (Equity),Active,https://www.sebi.gov.in,2026-10-03,false
INZ000224114,MAHESH KUMAR GUPTA,Stock Broker (Equity),Active,https://www.sebi.gov.in,2026-10-03,false
INZ000224239,STANDARD SECURITIES & INVESTMENT INTERMEDIATES LIMITED,Stock Broker (Equity),Active,https://www.sebi.gov.in,2026-10-03,false
INZ000224338,FIRST INDIA SECURITIES PVT. LTD.,Stock Broker (Equity),Active,https://www.sebi.gov.in,2026-10-03,false
INZ000224427,SAROJ SECURITIES,Stock Broker (Equity),Active,https://www.sebi.gov.in,2026-10-03,false
INZ000224536,CFS FINANCIAL SERVICES PVT. LTD.,Stock Broker (Equity),Active,https://www.sebi.gov.in,2026-10-03,false
INZ000224635,UNIVERSAL STOCK BROKERS PVT. LTD.,Stock Broker (Equity),Active,https://www.sebi.gov.in,2026-10-03,false
INZ000224735,INNOVATE SECURITIES PVT LTD.,Stock Broker (Equity),Active,https://www.sebi.gov.in,2026-10-03,false
INZ000224834,CHIMANLAL MANEKLAL SECURITIES(P)LTD,Stock Broker (Equity),Active,https://www.sebi.gov.in,2026-10-03,false
INZ000224933,PARDIWALA SECURITIES PRIVATE LIMITED,Stock Broker (Equity),Active,https://www.sebi.gov.in,2026-10-03,false
INZ000225032,V. K. PATEL SECURITIES PVT. LTD,Stock Broker (Equity),Active,https://www.sebi.gov.in,2026-10-03,false
INZ000225116,JANAK JAYANT DALAL,Stock Broker (Equity),Active,https://www.sebi.gov.in,2026-10-03,false
INZ000225235,V. D. MANIAR SHARE & STOCK BROKERS PVT. LTD.,Stock Broker (Equity),Active,https://www.sebi.gov.in,2026-10-03,false
INZ000225335,V.P.L.SHAH SHARE & SECURITIES PVT.LTD.,Stock Broker (Equity),Active,https://www.sebi.gov.in,2026-10-03,false
INZ000225432,INVESTERIA FINANCIAL SERVICES PRIVATE LIMITED,Stock Broker (Equity),Active,https://www.sebi.gov.in,2026-10-03,false
INZ000225537,S. NAGARDAS MOHANLAL STOCK BROKING PVT. LTD.,Stock Broker (Equity),Active,https://www.sebi.gov.in,2026-10-03,false
INZ000225631,PRB SECURITIES PRIVATE LTD.,Stock Broker (Equity),Active,https://www.sebi.gov.in,2026-10-03,false
INZ000225733,MANASHVI SECURITIES LTD,Stock Broker (Equity),Active,https://www.sebi.gov.in,2026-10-03,false
INZ000225821,BHUPATRAY LALCHAND SHAH,Stock Broker (Equity),Active,https://www.sebi.gov.in,2026-10-03,false
INZ000225939,R.B.K SHARE BROKING LIMITED,Stock Broker (Equity),Active,https://www.sebi.gov.in,2026-10-03,false
INZ000226139,VIRENDRA NAVNITLAL STOCK BROKING PVT. LTD.,Stock Broker (Equity),Active,https://www.sebi.gov.in,2026-10-03,false
INZ000226221,NILESH MANHARLAL MEHTA,Stock Broker (Equity),Active,https://www.sebi.gov.in,2026-10-03,false
INZ000226320,DILIP MANHARLAL PAREKH,Stock Broker (Equity),Active,https://www.sebi.gov.in,2026-10-03,false
INZ000226533,Bagaria Derivative Services Private Limited,Stock Broker (Equity),Active,https://www.sebi.gov.in,2026-10-03,false
INZ000226632,ASIAN MARKETS SECURITIES PVT. LTD.,Stock Broker (Equity),Active,https://www.sebi.gov.in,2026-10-03,false
INZ000226717,BALKISHAN MOHTA,Stock Broker (Equity),Active,https://www.sebi.gov.in,2026-10-03,false
INZ000226812,AJIT CHHOTALAL PAREKH,Stock Broker (Equity),Active,https://www.sebi.gov.in,2026-10-03,false
INZ000227218,BIPIN M SAVLA,Stock Broker (Equity),Active,https://www.sebi.gov.in,2026-10-03,false
INZ000227335,MONEYBEE SECURITIES PVT. LTD.,Stock Broker (Equity),Active,https://www.sebi.gov.in,2026-10-03,false
INZ000227433,THE OMNISCIENT SECURITIES PVT. LTD,Stock Broker (Equity),Active,https://www.sebi.gov.in,2026-10-03,false
INZ000227538,RCM SHARES & STOCK BROKERS PVT. LTD.,Stock Broker (Equity),Active,https://www.sebi.gov.in,2026-10-03,false
INZ000227631,D.M.KANTOL SHARE & STOCK BROKERS PVT. LTD.,Stock Broker (Equity),Active,https://www.sebi.gov.in,2026-10-03,false
INZ000227831,ROONGTA CORPORATE SERVICES PVT. LTD.,Stock Broker (Equity),Active,https://www.sebi.gov.in,2026-10-03,false
INZ000227918,LALITKUMAR AKHERAJ NAGAL,Stock Broker (Equity),Active,https://www.sebi.gov.in,2026-10-03,false
INZ000228133,KRISHVI SECURITIES PRIVATE LIMITED,Stock Broker (Equity),Active,https://www.sebi.gov.in,2026-10-03,false
INZ000228232,TRAMBAKLAL RATILAL PAREKH & SON SECURITIES PVT. LTD.,Stock Broker (Equity),Active,https://www.sebi.gov.in,2026-10-03,false
INZ000228316,ANIL R PARIKH,Stock Broker (Equity),Active,https://www.sebi.gov.in,2026-10-03,false
INZ000228413,PRATAP KESHAVLAL SHAH,Stock Broker (Equity),Active,https://www.sebi.gov.in,2026-10-03,false
INZ000228534,MarketWolf Securities Private Limited,Stock Broker (Equity),Active,https://www.sebi.gov.in,2026-10-03,false
INZ000228615,AJAY ISHWARLAL DALAL,Stock Broker (Equity),Active,https://www.sebi.gov.in,2026-10-03,false
INZ000228735,B. D. SHROFF SECURITIES PVT LTD,Stock Broker (Equity),Active,https://www.sebi.gov.in,2026-10-03,false
INZ000228835,JAMSON SECURITIES PVT. LTD,Stock Broker (Equity),Active,https://www.sebi.gov.in,2026-10-03,false
INZ000229023,PRAVIN KANTILAL VAKIL,Stock Broker (Equity),Active,https://www.sebi.gov.in,2026-10-03,false
INZ000229132,QUANTUM SECURITIES PVT. LTD.,Stock Broker (Equity),Active,https://www.sebi.gov.in,2026-10-03,false
INZ000229211,BHARAT HIRALAL SHETH,Stock Broker (Equity),Active,https://www.sebi.gov.in,2026-10-03,false
INZ000229311,RAJABABU BHAGUBHAI GANDHI,Stock Broker (Equity),Active,https://www.sebi.gov.in,2026-10-03,false
INZ000229434,N MOHANLAL NAGARDAS STOCK BROKERS PVT. LTD.,Stock Broker (Equity),Active,https://www.sebi.gov.in,2026-10-03,false
INZ000229638,KEDIA SHARES & STOCKS BROKERS LTD,Stock Broker (Equity),Active,https://www.sebi.gov.in,2026-10-03,false
INZ000229812,ARUN PORECHA,Stock Broker (Equity),Active,https://www.sebi.gov.in,2026-10-03,false
INZ000229936,NARIMAN FINVEST PVT. LIMITED,Stock Broker (Equity),Active,https://www.sebi.gov.in,2026-10-03,false
INZ000230036,M.S.N. SECURITIES PRIVATE LIMITED,Stock Broker (Equity),Active,https://www.sebi.gov.in,2026-10-03,false
INZ000230135,AKD SECURITIES PVT. LTD.,Stock Broker (Equity),Active,https://www.sebi.gov.in,2026-10-03,false
INZ000230337,NANGALIA STOCK BROKING PVT.LTD.,Stock Broker (Equity),Active,https://www.sebi.gov.in,2026-10-03,false
INZ000230731,AMIT SAHITA FINANCE PVT. LTD.,Stock Broker (Equity),Active,https://www.sebi.gov.in,2026-10-03,false
INZ000230835,NAGINDAS P. KOTHARI SHARE & STOCK BROKERS PVT. LTD.,Stock Broker (Equity),Active,https://www.sebi.gov.in,2026-10-03,false
INZ000230932,JAMNADAS MORARJEE SECURITIES LTD,Stock Broker (Equity),Active,https://www.sebi.gov.in,2026-10-03,false
INZ000231013,JITENDRA VITHALDAS MARTHAK,Stock Broker (Equity),Active,https://www.sebi.gov.in,2026-10-03,false
INZ000231135,SHRI VENKATESH STOCK BROKER SERVICES INDIA PRIVATE LIMITED,Stock Broker (Equity),Active,https://www.sebi.gov.in,2026-10-03,false
INZ000231232,K JAYANTILAL SECURITIES PRIVATE LIMITED,Stock Broker (Equity),Active,https://www.sebi.gov.in,2026-10-03,false
INZ000231338,PORECHA GLOBAL SECURITIES PVT. LTD,Stock Broker (Equity),Active,https://www.sebi.gov.in,2026-10-03,false
INZ000231438,DARASHAW & COMPANY PVT. LTD,Stock Broker (Equity),Active,https://www.sebi.gov.in,2026-10-03,false
INZ000231538,RAMABEN SAMANI FINANCE PVT.LTD.,Stock Broker (Equity),Active,https://www.sebi.gov.in,2026-10-03,false
INZ000231644,JITENDRA HARJIVANDAS SECURITIES PVT. LTD.,Stock Broker (Equity),Active,https://www.sebi.gov.in,2026-10-03,false
INZ000231835,GANESHAM SECURITIES PRIVATE LIMITED,Stock Broker (Equity),Active,https://www.sebi.gov.in,2026-10-03,false
INZ000231932,STANDARD CHARTERED SECURITIES (INDIA) LIMITED,Stock Broker (Equity),Active,https://www.sebi.gov.in,2026-10-03,false
INZ000232018,ADI LIM BILIMORIA,Stock Broker (Equity),Active,https://www.sebi.gov.in,2026-10-03,false
INZ000232136,INFINITY.COM FINANCIAL SECURITIES LTD.,Stock Broker (Equity),Active,https://www.sebi.gov.in,2026-10-03,false
INZ000232233,PATANI SECURITIES PVT LTD,Stock Broker (Equity),Active,https://www.sebi.gov.in,2026-10-03,false
INZ000232336,ANVIL SHARE AND STOCK BROKING PRIVATE LIMITED,Stock Broker (Equity),Active,https://www.sebi.gov.in,2026-10-03,false
INZ000232436,M. PRASAD & CO. LTD.,Stock Broker (Equity),Active,https://www.sebi.gov.in,2026-10-03,false
INZ000232537,JAGDISH DALAL SHARES & SECURITIES PVT. LTD.,Stock Broker (Equity),Active,https://www.sebi.gov.in,2026-10-03,false
INZ000232632,KAI SECURITIES PRIVATE LIMITED,Stock Broker (Equity),Active,https://www.sebi.gov.in,2026-10-03,false
INZ000232731,AXIOM SHARE BROKING PRIVATE LIMITED,Stock Broker (Equity),Active,https://www.sebi.gov.in,2026-10-03,false
INZ000232837,B M GANDHI SECURITIES PVT. LTD.,Stock Broker (Equity),Active,https://www.sebi.gov.in,2026-10-03,false
INZ000233031,MEHTA VAKIL & CO.PVT. LTD.,Stock Broker (Equity),Active,https://www.sebi.gov.in,2026-10-03,false
INZ000233114,SUNDERDAS KALYANJI KANKAL,Stock Broker (Equity),Active,https://www.sebi.gov.in,2026-10-03,false
INZ000233334,RAJCHANDRA STOCK BROKERS PRIVATE LIMITED,Stock Broker (Equity),Active,https://www.sebi.gov.in,2026-10-03,false
INZ000233437,D.K.MODI SECURITIES PVT.LTD.,Stock Broker (Equity),Active,https://www.sebi.gov.in,2026-10-03,false
INZ000233631,SUKESH JAIN SECURITIES PVT. LTD.,Stock Broker (Equity),Active,https://www.sebi.gov.in,2026-10-03,false
INZ000233733,V JETHALAL RAMJI SHARE BROKERS PVT. LTD.,Stock Broker (Equity),Active,https://www.sebi.gov.in,2026-10-03,false
INZ000233836,ROONGTA CAPITAL MARKETS PVT. LTD.,Stock Broker (Equity),Active,https://www.sebi.gov.in,2026-10-03,false
INZ000233912,NIPUN DIPCHAND TASWALA,Stock Broker (Equity),Active,https://www.sebi.gov.in,2026-10-03,false
INZ000234019,JASWANT NANALAL JHAVERI,Stock Broker (Equity),Active,https://www.sebi.gov.in,2026-10-03,false
INZ000234117,PRAKASH HIMATLAL SHAH,Stock Broker (Equity),Active,https://www.sebi.gov.in,2026-10-03,false
INZ000234235,NNM SECURITIES PVT.LTD.,Stock Broker (Equity),Active,https://www.sebi.gov.in,2026-10-03,false
INZ000234315,VINAY JITENDRA MASHRUWALA,Stock Broker (Equity),Active,https://www.sebi.gov.in,2026-10-03,false
INZ000234433,SANAT M DALAL SECURITIES PVT LTD,Stock Broker (Equity),Active,https://www.sebi.gov.in,2026-10-03,false
INZ000234533,HSBC SECURITIES AND CAPITAL MARKETS (INDIA) PVT. LTD.,Stock Broker (Equity),Active,https://www.sebi.gov.in,2026-10-03,false
INZ000234636,INA STOCK BROKING COMPANY PVT. LTD.,Stock Broker (Equity),Active,https://www.sebi.gov.in,2026-10-03,false
INZ000234739,WALLFORT FINANCIAL SERVICES LTD.,Stock Broker (Equity),Active,https://www.sebi.gov.in,2026-10-03,false
INZ000235036,MODERN SHARES & STOCKBROKERS LTD,Stock Broker (Equity),Active,https://www.sebi.gov.in,2026-10-03,false
INZ000235231,DEVANSHU INFIN PRIVATE LIMITED,Stock Broker (Equity),Active,https://www.sebi.gov.in,2026-10-03,false
INZ000235338,PFIL SECURITIES LTD.,Stock Broker (Equity),Active,https://www.sebi.gov.in,2026-10-03,false
INZ000235432,NIRPAN SECURITIES PVT. LTD.,Stock Broker (Equity),Active,https://www.sebi.gov.in,2026-10-03,false
INZ000235531,MONEY LOGIX SECURITIES PRIVATE LIMITED,Stock Broker (Equity),Active,https://www.sebi.gov.in,2026-10-03,false
INZ000235634,UNITED SHARE BROKERS LTD.,Stock Broker (Equity),Active,https://www.sebi.gov.in,2026-10-03,false
INZ000235913,ASHOK C. SAMANI,Stock Broker (Equity),Active,https://www.sebi.gov.in,2026-10-03,false
INZ000236038,GHALLA BHANSALI STOCK BROKERS PVT. LTD.,Stock Broker (Equity),Active,https://www.sebi.gov.in,2026-10-03,false
INZ000236116,MANISH S.SHAH,Stock Broker (Equity),Active,https://www.sebi.gov.in,2026-10-03,false
INZ000236210,BIPIN RATILAL VORA,Stock Broker (Equity),Active,https://www.sebi.gov.in,2026-10-03,false
INZ000236337,PAVAK SECURITIES PVT. LTD.,Stock Broker (Equity),Active,https://www.sebi.gov.in,2026-10-03,false
INZ000236431,FORT SHARE BROKING PRIVATE LIMITED,Stock Broker (Equity),Active,https://www.sebi.gov.in,2026-10-03,false
INZ000236538,PRAGYA EQUITIES PRIVATE LIMITED,Stock Broker (Equity),Active,https://www.sebi.gov.in,2026-10-03,false
INZ000236638,ARJ SHARES & STOCK BROKERS PRIVATE LIMITED,Stock Broker (Equity),Active,https://www.sebi.gov.in,2026-10-03,false
INZ000236731,INDSEC SECURITIES & FINANCE LTD.,Stock Broker (Equity),Active,https://www.sebi.gov.in,2026-10-03,false
INZ000236838,WADHWA SECURITIES LIMITED,Stock Broker (Equity),Active,https://www.sebi.gov.in,2026-10-03,false
INZ000236930,BAJAJ CAPITAL MARKETS LIMITED,Stock Broker (Equity),Active,https://www.sebi.gov.in,2026-10-03,false
INZ000237038,PRAVIN V. SHAH STOCK BROKING PVT. LTD.,Stock Broker (Equity),Active,https://www.sebi.gov.in,2026-10-03,false
INZ000237237,OYSTER FINCAP PRIVATE LIMITED,Stock Broker (Equity),Active,https://www.sebi.gov.in,2026-10-03,false
INZ000237338,DHANKI SECURITIES PVT. LTD.,Stock Broker (Equity),Active,https://www.sebi.gov.in,2026-10-03,false
INZ000237431,INDISTOCK SECURITIES LIMITED.,Stock Broker (Equity),Active,https://www.sebi.gov.in,2026-10-03,false
INZ000237537,RAMANIKLAL MOHANLAL CAPITAL MARKETS PVT. LTD.,Stock Broker (Equity),Active,https://www.sebi.gov.in,2026-10-03,false
INZ000237633,ANANT INVESTMENTS PRIVATE LIMITED,Stock Broker (Equity),Active,https://www.sebi.gov.in,2026-10-03,false
INZ000237836,NAMAH CAPITAL RESOURCES LTD.,Stock Broker (Equity),Active,https://www.sebi.gov.in,2026-10-03,false
INZ000237937,ARJ SECURITIES PVT. LTD.,Stock Broker (Equity),Active,https://www.sebi.gov.in,2026-10-03,false
INZ000238130,AGRA SECURITY TRADERS PRIVATE LIMITED,Stock Broker (Equity),Active,https://www.sebi.gov.in,2026-10-03,false
INZ000238236,ELARA SECURITIES (INDIA) PRIVATE LIMITED,Stock Broker (Equity),Active,https://www.sebi.gov.in,2026-10-03,false
INZ000238313,NEEL BHUPENDRA DALAL,Stock Broker (Equity),Active,https://www.sebi.gov.in,2026-10-03,false
INZ000238435,MONEYPALM BROKERS PRIVATE LIMITED,Stock Broker (Equity),Active,https://www.sebi.gov.in,2026-10-03,false
INZ000238639,TRUST FINANCIAL CONSULTANCY SERVICES PRIVATE LIMITED,Stock Broker (Equity),Active,https://www.sebi.gov.in,2026-10-03,false
INZ000238734,SALASAR STOCK BROKING LTD.,Stock Broker (Equity),Active,https://www.sebi.gov.in,2026-10-03,false
INZ000238834,ANAND JHAVERI FINCON PVT. LTD.,Stock Broker (Equity),Active,https://www.sebi.gov.in,2026-10-03,false
INZ000238938,SVV SHARES & STOCK BROKERS PVT.LTD.,Stock Broker (Equity),Active,https://www.sebi.gov.in,2026-10-03,false
INZ000239135,K K STOCK MANAGEMENT PVT. LTD.,Stock Broker (Equity),Active,https://www.sebi.gov.in,2026-10-03,false
INZ000239239,MY MONEY SECURITIES LTD.,Stock Broker (Equity),Active,https://www.sebi.gov.in,2026-10-03,false
INZ000239635,ALLWIN SECURITIES LIMITED,Stock Broker (Equity),Active,https://www.sebi.gov.in,2026-10-03,false
INZ000239730,J.P. MORGAN INDIA PRIVATE LTD,Stock Broker (Equity),Active,https://www.sebi.gov.in,2026-10-03,false
INZ000239834,GSB CAPITAL MARKETS LTD,Stock Broker (Equity),Active,https://www.sebi.gov.in,2026-10-03,false
INZ000239939,A. K. EQUITIES PVT. LTD.,Stock Broker (Equity),Active,https://www.sebi.gov.in,2026-10-03,false
INZ000240039,CHANDRAKALA BROKING SERVICES PRIVATE LIMITED,Stock Broker (Equity),Active,https://www.sebi.gov.in,2026-10-03,false
INZ000240132,BAJAJ SHARE & STOCK BROKERS PVT. LTD.,Stock Broker (Equity),Active,https://www.sebi.gov.in,2026-10-03,false
INZ000240235,TOSHNIWAL EQUITY SERVICES PVT. LTD.,Stock Broker (Equity),Active,https://www.sebi.gov.in,2026-10-03,false
INZ000240438,FE SECURITIES PVT. LTD.,Stock Broker (Equity),Active,https://www.sebi.gov.in,2026-10-03,false
INZ000240532,PAYTM MONEY LIMITED,Stock Broker (Equity),Active,https://www.sebi.gov.in,2026-10-03,false
INZ000240734,SETHI FINMART PRIVATE LIMITED,Stock Broker (Equity),Active,https://www.sebi.gov.in,2026-10-03,false
INZ000240830,A. K. STOCKMART PRIVATE LIMITED,Stock Broker (Equity),Active,https://www.sebi.gov.in,2026-10-03,false
INZ000240935,H.J. SECURITIES PVT. LTD.,Stock Broker (Equity),Active,https://www.sebi.gov.in,2026-10-03,false
INZ000241036,ARETE SECURITIES LTD.,Stock Broker (Equity),Active,https://www.sebi.gov.in,2026-10-03,false
INZ000241134,R. R. NABAR & CO. SHARE BROKERS PVT. LTD.,Stock Broker (Equity),Active,https://www.sebi.gov.in,2026-10-03,false
INZ000241237,STOCK HOLDING CORPORATION OF INDIA LIMITED,Stock Broker (Equity),Active,https://www.sebi.gov.in,2026-10-03,false
INZ000241419,SHREEKANT PHUMBHRA,Stock Broker (Equity),Active,https://www.sebi.gov.in,2026-10-03,false
INZ000241530,KEYNOTE CAPITALS LTD.,Stock Broker (Equity),Active,https://www.sebi.gov.in,2026-10-03,false
INZ000241638,WEALTH INDIA FINANCIAL SERVICES PRIVATE LIMITED,Stock Broker (Equity),Active,https://www.sebi.gov.in,2026-10-03,false
INZ000241733,ACK CAPITAL PRIVATE LIMITED,Stock Broker (Equity),Active,https://www.sebi.gov.in,2026-10-03,false
INZ000241839,RAGA SECURITIES & FINANCE PVT. LTD.,Stock Broker (Equity),Active,https://www.sebi.gov.in,2026-10-03,false
INZ000242114,GAUTAM KUMAR AGRAHARI,Stock Broker (Equity),Active,https://www.sebi.gov.in,2026-10-03,false
INZ000242232,YOKE SECURITIES LIMITED,Stock Broker (Equity),Active,https://www.sebi.gov.in,2026-10-03,false
INZ000242417,KAMLESH RAMANLAL SHAH,Stock Broker (Equity),Active,https://www.sebi.gov.in,2026-10-03,false
INZ000242534,SODHANI SECURITIES LTD,Stock Broker (Equity),Active,https://www.sebi.gov.in,2026-10-03,false
INZ000242635,VEDIKA SECURITIES (P) LTD,Stock Broker (Equity),Active,https://www.sebi.gov.in,2026-10-03,false
INZ000242722,RUSHABH INVESTMENTS,Stock Broker (Equity),Active,https://www.sebi.gov.in,2026-10-03,false
INZ000242934,DARASHAW SECURITIES PVT. LTD.,Stock Broker (Equity),Active,https://www.sebi.gov.in,2026-10-03,false
INZ000243033,JEFFERIES INDIA PRIVATE LIMITED,Stock Broker (Equity),Active,https://www.sebi.gov.in,2026-10-03,false
INZ000243136,MAXIMUS SECURITIES LIMITED,Stock Broker (Equity),Active,https://www.sebi.gov.in,2026-10-03,false
INZ000243235,PRIYASHA MEVEN FINANCE LTD,Stock Broker (Equity),Active,https://www.sebi.gov.in,2026-10-03,false
INZ000243336,NATVERLAL & SONS STOCK BROKERS PVT. LTD.,Stock Broker (Equity),Active,https://www.sebi.gov.in,2026-10-03,false
INZ000243435,NALIN SHAH SHARE BROKERS PVT. LTD.,Stock Broker (Equity),Active,https://www.sebi.gov.in,2026-10-03,false
INZ000243533,MACQUARIE CAPITAL SECURITIES (INDIA) PRIVATE LIMITED,Stock Broker (Equity),Active,https://www.sebi.gov.in,2026-10-03,false
INZ000243831,GENUINE STOCK BROKERS PRIVATE LIMITED,Stock Broker (Equity),Active,https://www.sebi.gov.in,2026-10-03,false
INZ000243934,JKB FINANCIAL SERVICES LIMITED,Stock Broker (Equity),Active,https://www.sebi.gov.in,2026-10-03,false
INZ000244134,AMIT NALIN SECURITIES PVT.LTD.,Stock Broker (Equity),Active,https://www.sebi.gov.in,2026-10-03,false
INZ000244231,SOUTH GUJARAT SHARES & SHAREBROKERS LIMITED,Stock Broker (Equity),Active,https://www.sebi.gov.in,2026-10-03,false
INZ000244338,EDGE SECURITIES PRIVATE LIMITED,Stock Broker (Equity),Active,https://www.sebi.gov.in,2026-10-03,false
INZ000244438,MORGAN STANLEY INDIA COMPANY PRIVATE LIMITED,Stock Broker (Equity),Active,https://www.sebi.gov.in,2026-10-03,false
INZ000244833,MERWANJEE SECURITIES LIMITED,Stock Broker (Equity),Active,https://www.sebi.gov.in,2026-10-03,false
INZ000244957,KIFS BROKING PRIVATE LIMITED,Stock Broker (Equity),Active,https://www.sebi.gov.in,2026-10-03,false
INZ000245032,GSB SECURITIES PVT. LTD.,Stock Broker (Equity),Active,https://www.sebi.gov.in,2026-10-03,false
INZ000245133,GHANSHYAM SHARES & STOCK BROKERS PVT. LTD.,Stock Broker (Equity),Active,https://www.sebi.gov.in,2026-10-03,false
INZ000245232,WOODSTOCK SECURITIES PVT. LTD.,Stock Broker (Equity),Active,https://www.sebi.gov.in,2026-10-03,false
INZ000245338,VJB FINANCIAL SERVICES PRIVATE LIMITED,Stock Broker (Equity),Active,https://www.sebi.gov.in,2026-10-03,false
INZ000245435,ANGEL SECURITIES LIMITED,Stock Broker (Equity),Active,https://www.sebi.gov.in,2026-10-03,false
INZ000245530,VISARIA SECURITIES PVT. LTD.,Stock Broker (Equity),Active,https://www.sebi.gov.in,2026-10-03,false
INZ000245638,D.H. SECURITIES PVT. LTD.,Stock Broker (Equity),Active,https://www.sebi.gov.in,2026-10-03,false
INZ000245833,BHANSALI VALUE CREATIONS PRIVATE LIMITED,Stock Broker (Equity),Active,https://www.sebi.gov.in,2026-10-03,false
INZ000246038,HB SECURITIES LIMITED,Stock Broker (Equity),Active,https://www.sebi.gov.in,2026-10-03,false
INZ000246138,OHM STOCK BROKER PVT. LTD.,Stock Broker (Equity),Active,https://www.sebi.gov.in,2026-10-03,false
INZ000246238,SAURASHTRA CAPITAL BROKING PRIVATE LIMITED,Stock Broker (Equity),Active,https://www.sebi.gov.in,2026-10-03,false
INZ000246334,UNIFI CAPITAL PRIVATE LIMITED,Stock Broker (Equity),Active,https://www.sebi.gov.in,2026-10-03,false
INZ000246535,4A SECURITIES LIMITED,Stock Broker (Equity),Active,https://www.sebi.gov.in,2026-10-03,false
INZ000246635,ACTIVE DERIVATIVES PRIVATE LIMITED,Stock Broker (Equity),Active,https://www.sebi.gov.in,2026-10-03,false
INZ000246833,AMOL FINANCIAL SERVICES PRIVATE LIMITED,Stock Broker (Equity),Active,https://www.sebi.gov.in,2026-10-03,false
INZ000246930,TRACOM STOCK BROKERS PVT. LTD.,Stock Broker (Equity),Active,https://www.sebi.gov.in,2026-10-03,false
INZ000247133,NARIMAN POINT FINANCE LIMITED,Stock Broker (Equity),Active,https://www.sebi.gov.in,2026-10-03,false
INZ000247236,PRAMESH FORTUNE FISCAL LIMITED,Stock Broker (Equity),Active,https://www.sebi.gov.in,2026-10-03,false
INZ000247335,NAGARMAL SARAF SECURITIES PVT. LTD.,Stock Broker (Equity),Active,https://www.sebi.gov.in,2026-10-03,false
INZ000247433,MANSI SHARE & STOCK BROKING PRIVATE LIMITED,Stock Broker (Equity),Active,https://www.sebi.gov.in,2026-10-03,false
INZ000247532,P. P. J. SHROFF SECURITIES PVT.LTD.,Stock Broker (Equity),Active,https://www.sebi.gov.in,2026-10-03,false
INZ000247638,PRANAV SECURITIES PVT. LTD.,Stock Broker (Equity),Active,https://www.sebi.gov.in,2026-10-03,false
INZ000247736,TradeSmart Fintech Securities Limited,Stock Broker (Equity),Active,https://www.sebi.gov.in,2026-10-03,false
INZ000247838,JAMNADAS VIRJI SHARES & STOCK BROKERS PVT. LTD,Stock Broker (Equity),Active,https://www.sebi.gov.in,2026-10-03,false
INZ000247937,GATEWAY FINANCIAL SERVICES LTD,Stock Broker (Equity),Active,https://www.sebi.gov.in,2026-10-03,false
INZ000248031,GANDHI SECURITIES & INVESTMENT PRIVATE LTD,Stock Broker (Equity),Active,https://www.sebi.gov.in,2026-10-03,false
INZ000248337,VACHANA INVESTMENTS PRIVATE LIMITED,Stock Broker (Equity),Active,https://www.sebi.gov.in,2026-10-03,false
INZ000248439,GOPANI SECURITIES & INVESTMENTS PVT. LTD.,Stock Broker (Equity),Active,https://www.sebi.gov.in,2026-10-03,false
INZ000248617,SHAILESH MULCHAND NISSAR,Stock Broker (Equity),Active,https://www.sebi.gov.in,2026-10-03,false
INZ000248731,BHAVIK RAJESH KHANDHAR SHARE & STOCK BROKERS PVT.LTD.,Stock Broker (Equity),Active,https://www.sebi.gov.in,2026-10-03,false
INZ000248836,NOVEL SECURITIES PVT. LTD.,Stock Broker (Equity),Active,https://www.sebi.gov.in,2026-10-03,false
INZ000248937,JSEL SECURITIES LIMITED,Stock Broker (Equity),Active,https://www.sebi.gov.in,2026-10-03,false
INZ000249037,AFN LANGRANA SHARE & STOCK BROKERS PVT. LTD.,Stock Broker (Equity),Active,https://www.sebi.gov.in,2026-10-03,false
INZ000249130,VRAMATH FINANCIAL SERVICES PRIVATE LIMITED,Stock Broker (Equity),Active,https://www.sebi.gov.in,2026-10-03,false
INZ000249314,KISHOR R. AJMERA,Stock Broker (Equity),Active,https://www.sebi.gov.in,2026-10-03,false
INZ000249438,BABA BHOOTHNATH COMMEX PRIVATE LIMITED,Stock Broker (Equity),Active,https://www.sebi.gov.in,2026-10-03,false
INZ000249832,PRADIP C DOSHI STOCK BROKERS PVT. LTD.,Stock Broker (Equity),Active,https://www.sebi.gov.in,2026-10-03,false
INZ000250037,Profitex Shares & Securities Pvt. Ltd.,Stock Broker (Equity),Active,https://www.sebi.gov.in,2026-10-03,false
INZ000250133,VFC SECURITIES P LTD,Stock Broker (Equity),Active,https://www.sebi.gov.in,2026-10-03,false
INZ000250232,KB CAPITAL MARKETS PVT. LTD.,Stock Broker (Equity),Active,https://www.sebi.gov.in,2026-10-03,false
INZ000250337,FINANCE MONITOR (I) PVT. LTD.,Stock Broker (Equity),Active,https://www.sebi.gov.in,2026-10-03,false
INZ000250436,JUPITER STOCK BROKERS LTD,Stock Broker (Equity),Active,https://www.sebi.gov.in,2026-10-03,false
INZ000250531,Marwadi Chandarana Intermediaries Brokers Private Limited,Stock Broker (Equity),Active,https://www.sebi.gov.in,2026-10-03,false
INZ000250611,DHILAN D. KOTHARI,Stock Broker (Equity),Active,https://www.sebi.gov.in,2026-10-03,false
INZ000250731,RAJYOVARS CAPITAL PRIVATE LIMITED,Stock Broker (Equity),Active,https://www.sebi.gov.in,2026-10-03,false
INZ000250836,JHP SECURITIES PRIVATE LIMITED,Stock Broker (Equity),Active,https://www.sebi.gov.in,2026-10-03,false
INZ000251236,HASMUKH LALBHAI SHARE BROKERS PVT. LTD.,Stock Broker (Equity),Active,https://www.sebi.gov.in,2026-10-03,false
INZ000251333,GARG SECURITIES PVT. LTD.,Stock Broker (Equity),Active,https://www.sebi.gov.in,2026-10-03,false
INZ000251536,EQUIRUS SECURITIES PRIVATE LIMITED,Stock Broker (Equity),Active,https://www.sebi.gov.in,2026-10-03,false
INZ000251639,PRABODH ARTHA WARDHINI PRIVATE LIMITED,Stock Broker (Equity),Active,https://www.sebi.gov.in,2026-10-03,false
INZ000251723,NIKHIL K. VAKHARIA,Stock Broker (Equity),Active,https://www.sebi.gov.in,2026-10-03,false
INZ000251837,Doogar and Associates Securities Private Ltd.,Stock Broker (Equity),Active,https://www.sebi.gov.in,2026-10-03,false
INZ000252037,U L J K SECURITIES PVT LTD,Stock Broker (Equity),Active,https://www.sebi.gov.in,2026-10-03,false
INZ000252232,ROLTA SHARES & STOCKS PVT. LTD.,Stock Broker (Equity),Active,https://www.sebi.gov.in,2026-10-03,false
INZ000252338,M.D.SHUKLA SHARE & SECURITIES PVT.LTD.,Stock Broker (Equity),Active,https://www.sebi.gov.in,2026-10-03,false
INZ000252437,DEUTSCHE EQUITIES INDIA PRIVATE LIMITED,Stock Broker (Equity),Active,https://www.sebi.gov.in,2026-10-03,false
INZ000252637,MILI CONSULTANTS & INVESTMENT PRIVATE LIMITED,Stock Broker (Equity),Active,https://www.sebi.gov.in,2026-10-03,false
INZ000252814,NANDKISHOR JAGMOHANLAL DALAL,Stock Broker (Equity),Active,https://www.sebi.gov.in,2026-10-03,false
INZ000252932,MEFCOM SECURITIES LIMITED,Stock Broker (Equity),Active,https://www.sebi.gov.in,2026-10-03,false
INZ000253038,TWIN EARTH SECURITIES PVT. LTD.,Stock Broker (Equity),Active,https://www.sebi.gov.in,2026-10-03,false
INZ000253131,KBS INDIA LIMITED,Stock Broker (Equity),Active,https://www.sebi.gov.in,2026-10-03,false
INZ000253222,KALPANA A. GUNDERIA,Stock Broker (Equity),Active,https://www.sebi.gov.in,2026-10-03,false
INZ000253432,GANGOUR INVESTMENTS LTD.,Stock Broker (Equity),Active,https://www.sebi.gov.in,2026-10-03,false
INZ000253531,D. P. VORA SECURITIES PVT. LTD.,Stock Broker (Equity),Active,https://www.sebi.gov.in,2026-10-03,false
INZ000253632,AMOL CAPITAL MARKETS PVT. LTD.,Stock Broker (Equity),Active,https://www.sebi.gov.in,2026-10-03,false
INZ000253730,C. R. KOTHARI & SONS SHARES & STOCK BROKERS PVT. LTD.,Stock Broker (Equity),Active,https://www.sebi.gov.in,2026-10-03,false
INZ000253835,R. R. CHOKHANI STOCK BROKERS PVT.LTD.,Stock Broker (Equity),Active,https://www.sebi.gov.in,2026-10-03,false
INZ000253914,R. V. VAKIL,Stock Broker (Equity),Active,https://www.sebi.gov.in,2026-10-03,false
INZ000254038,STELLAR SECURITIES PRIVATE LIMITED,Stock Broker (Equity),Active,https://www.sebi.gov.in,2026-10-03,false
INZ000254231,IFCI FINANCIAL SERVICES LTD.,Stock Broker (Equity),Active,https://www.sebi.gov.in,2026-10-03,false
INZ000254336,KELLTON SECURITIES PRIVATE LIMITED,Stock Broker (Equity),Active,https://www.sebi.gov.in,2026-10-03,false
INZ000254439,SHAILESH SHAH SECURITIES PVT. LTD.,Stock Broker (Equity),Active,https://www.sebi.gov.in,2026-10-03,false
INZ000254538,P. SURYAKANT SHARE & STOCK BROKERS PRIVATE LIMITED,Stock Broker (Equity),Active,https://www.sebi.gov.in,2026-10-03,false
INZ000254635,BNR STOCK BROKING PRIVATE LIMITED,Stock Broker (Equity),Active,https://www.sebi.gov.in,2026-10-03,false
INZ000254833,VIJETA BROKING INDIA PRIVATE LIMITED,Stock Broker (Equity),Active,https://www.sebi.gov.in,2026-10-03,false
INZ000254938,JAYSHREE FINVEST LIMITED,Stock Broker (Equity),Active,https://www.sebi.gov.in,2026-10-03,false
INZ000255037,GURUSTOX LIMITED,Stock Broker (Equity),Active,https://www.sebi.gov.in,2026-10-03,false
INZ000255131,GCM SECURITIES LIMITED,Stock Broker (Equity),Active,https://www.sebi.gov.in,2026-10-03,false
INZ000255231,AMBIT SECURITIES BROKING PVT. LTD.,Stock Broker (Equity),Active,https://www.sebi.gov.in,2026-10-03,false
INZ000255337,SHREE NAVKAR INTERMEDIATORY SERVICES PRIVATE LIMITED,Stock Broker (Equity),Active,https://www.sebi.gov.in,2026-10-03,false
INZ000255437,RELAN INDUSTRIAL FINANCE LIMITED,Stock Broker (Equity),Active,https://www.sebi.gov.in,2026-10-03,false
INZ000255536,R. C. SHAH SHARE BROKING PVT. LTD.,Stock Broker (Equity),Active,https://www.sebi.gov.in,2026-10-03,false
INZ000255633,NOMURA FINANCIAL ADVISORY & SECURITIES (INDIA) PVT. LTD.,Stock Broker (Equity),Active,https://www.sebi.gov.in,2026-10-03,false
INZ000255731,ALLEGRO SECURITIES PRIVATE LIMITED,Stock Broker (Equity),Active,https://www.sebi.gov.in,2026-10-03,false
INZ000255831,VICTORY FINANCIAL SERVICES LTD.,Stock Broker (Equity),Active,https://www.sebi.gov.in,2026-10-03,false
INZ000255932,STANDARD STOCK BROKERS LTD.,Stock Broker (Equity),Active,https://www.sebi.gov.in,2026-10-03,false
INZ000256132,GOYAL STOCK TRADING PRIVATE LIMITED,Stock Broker (Equity),Active,https://www.sebi.gov.in,2026-10-03,false
INZ000256332,KAUSHIK SHAH SHARES & SEC. PVT. LTD.,Stock Broker (Equity),Active,https://www.sebi.gov.in,2026-10-03,false
INZ000256417,KHIMCHAND S. RAWAL,Stock Broker (Equity),Active,https://www.sebi.gov.in,2026-10-03,false
INZ000256532,PARAS SHARE BROKERS PRIVATE LIMITED,Stock Broker (Equity),Active,https://www.sebi.gov.in,2026-10-03,false
INZ000256637,HARJIVANDAS NEMIDAS SECURITIES PVT. LTD.,Stock Broker (Equity),Active,https://www.sebi.gov.in,2026-10-03,false
INZ000256739,V.R.M. SHARE BROKING PVT.LTD.,Stock Broker (Equity),Active,https://www.sebi.gov.in,2026-10-03,false
INZ000256930,VIKRAM KENIA SECURITIES PVT. LTD.,Stock Broker (Equity),Active,https://www.sebi.gov.in,2026-10-03,false
INZ000257137,DEAL DEPOT BROKERAGE PRIVATE LIMITED,Stock Broker (Equity),Active,https://www.sebi.gov.in,2026-10-03,false
INZ000257237,SPARKLE SECURITIES SOLUTIONS PRIVATE LIMITED,Stock Broker (Equity),Active,https://www.sebi.gov.in,2026-10-03,false
INZ000257335,ALB STOCK BROKING PRIVATE LIMITED,Stock Broker (Equity),Active,https://www.sebi.gov.in,2026-10-03,false
INZ000257435,AXIS BANK LIMITED,Stock Broker (Equity),Active,https://www.sebi.gov.in,2026-10-03,false
INZ000257533,RRS SHARES & STOCK BROKERS PVT. LTD.,Stock Broker (Equity),Active,https://www.sebi.gov.in,2026-10-03,false
INZ000257632,VINAY M SHAH SECURITIES PVT. LTD.,Stock Broker (Equity),Active,https://www.sebi.gov.in,2026-10-03,false
INZ000257737,ASIAN FINTRADE SERVICES PRIVATE LIMITED,Stock Broker (Equity),Active,https://www.sebi.gov.in,2026-10-03,false
INZ000257837,INMACS LTD.,Stock Broker (Equity),Active,https://www.sebi.gov.in,2026-10-03,false
INZ000258036,TAURUS CORPORATE ADVISORY SERVICES LIMITED,Stock Broker (Equity),Active,https://www.sebi.gov.in,2026-10-03,false
INZ000258113,MURARILAL SARAF,Stock Broker (Equity),Active,https://www.sebi.gov.in,2026-10-03,false
INZ000258234,DYNA WEGMANS SECURITIES LIMITED,Stock Broker (Equity),Active,https://www.sebi.gov.in,2026-10-03,false
INZ000258432,BETALA STOCK BROKING LIMITED,Stock Broker (Equity),Active,https://www.sebi.gov.in,2026-10-03,false
INZ000258532,M R SHARE BROKING PVT. LTD.,Stock Broker (Equity),Active,https://www.sebi.gov.in,2026-10-03,false
INZ000259139,NALANDA SECURITIES PVT. LTD.,Stock Broker (Equity),Active,https://www.sebi.gov.in,2026-10-03,false
INZ000259221,RAPID CAPITAL SERVICES,Stock Broker (Equity),Active,https://www.sebi.gov.in,2026-10-03,false
INZ000259334,AMBIT CAPITAL PVT. LTD.,Stock Broker (Equity),Active,https://www.sebi.gov.in,2026-10-03,false
INZ000259437,KALPATARU MULTIPLIER LTD.,Stock Broker (Equity),Active,https://www.sebi.gov.in,2026-10-03,false
INZ000259512,RAVINDRA JUMAKHLAL SHAH,Stock Broker (Equity),Active,https://www.sebi.gov.in,2026-10-03,false
INZ000259732,ULJK FINANCIAL SERVICES PRIVATE LIMITED,Stock Broker (Equity),Active,https://www.sebi.gov.in,2026-10-03,false
INZ000259830,UBS SECURITIES INDIA PRIVATE LIMITED,Stock Broker (Equity),Active,https://www.sebi.gov.in,2026-10-03,false
INZ000260036,INVESTMENTOR SECURITIES LIMITED,Stock Broker (Equity),Active,https://www.sebi.gov.in,2026-10-03,false
INZ000260134,ACML CAPITAL MARKETS LIMITED,Stock Broker (Equity),Active,https://www.sebi.gov.in,2026-10-03,false
INZ000260216,JAYESH RAMNIKLAL LALAN,Stock Broker (Equity),Active,https://www.sebi.gov.in,2026-10-03,false
INZ000260334,NCO SECURITIES AND SHARE BROKING PRIVATE LIMITED,Stock Broker (Equity),Active,https://www.sebi.gov.in,2026-10-03,false
INZ000260530,KIRTI R. SHAH SHARES & STOCK BROKERS PVT. LTD.,Stock Broker (Equity),Active,https://www.sebi.gov.in,2026-10-03,false
INZ000260637,NAM SECURITIES LTD.,Stock Broker (Equity),Active,https://www.sebi.gov.in,2026-10-03,false
INZ000260714,SURESH KUMAR JALAN,Stock Broker (Equity),Active,https://www.sebi.gov.in,2026-10-03,false
INZ000260833,MACY SECURITIES PVT. LTD.,Stock Broker (Equity),Active,https://www.sebi.gov.in,2026-10-03,false
INZ000261035,DAULAT SECURITIES LIMITED,Stock Broker (Equity),Active,https://www.sebi.gov.in,2026-10-03,false
INZ000261131,KHAMBATTA SECURITIES LTD.,Stock Broker (Equity),Active,https://www.sebi.gov.in,2026-10-03,false
INZ000261234,GOVIND PARIKH SECURITIES PVT. LTD.,Stock Broker (Equity),Active,https://www.sebi.gov.in,2026-10-03,false
INZ000261338,VAIBHAV STOCK & DERIVATIVES BROKING PVT. LTD.,Stock Broker (Equity),Active,https://www.sebi.gov.in,2026-10-03,false
INZ000261433,WELLWORTH SHARE AND STOCK BROKING LTD.,Stock Broker (Equity),Active,https://www.sebi.gov.in,2026-10-03,false
INZ000261612,ASHISH VAID,Stock Broker (Equity),Active,https://www.sebi.gov.in,2026-10-03,false
INZ000261738,MADHUVAN SECURITIES PVT. LTD.,Stock Broker (Equity),Active,https://www.sebi.gov.in,2026-10-03,false
INZ000261833,LOTUS GLOBAL EQUITIES PRIVATE LIMITED,Stock Broker (Equity),Active,https://www.sebi.gov.in,2026-10-03,false
INZ000261922,VENKATARAMAN & CO.,Stock Broker (Equity),Active,https://www.sebi.gov.in,2026-10-03,false
INZ000262133,JMP SECURITIES PRIVATE LIMITED,Stock Broker (Equity),Active,https://www.sebi.gov.in,2026-10-03,false
INZ000262331,BHH SECURITIES PVT LTD,Stock Broker (Equity),Active,https://www.sebi.gov.in,2026-10-03,false
INZ000262430,MONEYPLEX SECURITIES PRIVATE LIMITED,Stock Broker (Equity),Active,https://www.sebi.gov.in,2026-10-03,false
INZ000262532,SHIVNARAYAN NEMANI SHARE & STOCK BROKERS PVT. LTD.,Stock Broker (Equity),Active,https://www.sebi.gov.in,2026-10-03,false
INZ000262737,R. J. STOCK BROKING PVT. LTD.,Stock Broker (Equity),Active,https://www.sebi.gov.in,2026-10-03,false
INZ000262810,KIRIT KANTILAL VAKHARIA,Stock Broker (Equity),Active,https://www.sebi.gov.in,2026-10-03,false
INZ000262939,BHARTI THAKKAR INDIA SECURITIES PVT. LTD.,Stock Broker (Equity),Active,https://www.sebi.gov.in,2026-10-03,false
INZ000263033,CITIGROUP GLOBAL MARKETS INDIA PRIVATE LIMITED,Stock Broker (Equity),Active,https://www.sebi.gov.in,2026-10-03,false
INZ000263532,ANJANEY STOCK BROKING LTD.,Stock Broker (Equity),Active,https://www.sebi.gov.in,2026-10-03,false
INZ000263638,VLS SECURITIES LIMITED,Stock Broker (Equity),Active,https://www.sebi.gov.in,2026-10-03,false
INZ000263738,PEERLESS SECURITIES LIMITED,Stock Broker (Equity),Active,https://www.sebi.gov.in,2026-10-03,false
INZ000263832,RAIMA EQUITIES PRIVATE LIMITED,Stock Broker (Equity),Active,https://www.sebi.gov.in,2026-10-03,false
INZ000263944,YES BANK LIMITED,Stock Broker (Equity),Active,https://www.sebi.gov.in,2026-10-03,false
INZ000264117,ASHOK DHIRAJLAL DALAL,Stock Broker (Equity),Active,https://www.sebi.gov.in,2026-10-03,false
INZ000264236,MATRIX EQUITRADE PRIVATE LIMITED,Stock Broker (Equity),Active,https://www.sebi.gov.in,2026-10-03,false
INZ000264435,PINAKINI SHARE & STOCK BROKERS LTD.,Stock Broker (Equity),Active,https://www.sebi.gov.in,2026-10-03,false
INZ000264636,MATA SECURITIES INDIA PRIVATE LIMITED,Stock Broker (Equity),Active,https://www.sebi.gov.in,2026-10-03,false
INZ000264734,INANI SECURITIES LTD.,Stock Broker (Equity),Active,https://www.sebi.gov.in,2026-10-03,false
INZ000264838,PATERSON SECURITIES PRIVATE LIMITED,Stock Broker (Equity),Active,https://www.sebi.gov.in,2026-10-03,false
INZ000265037,DAYCO SECURITIES PVT LTD,Stock Broker (Equity),Active,https://www.sebi.gov.in,2026-10-03,false
INZ000265139,GOENKA SECURITIES PVT. LTD.,Stock Broker (Equity),Active,https://www.sebi.gov.in,2026-10-03,false
INZ000265237,RRB MASTER SECURITIES DELHI LTD.,Stock Broker (Equity),Active,https://www.sebi.gov.in,2026-10-03,false
INZ000265335,NJ SHARES & SECURITIES PVT. LTD.,Stock Broker (Equity),Active,https://www.sebi.gov.in,2026-10-03,false
INZ000265636,SHARAD AGARWAL BROKING SERVS P. LTD,Stock Broker (Equity),Active,https://www.sebi.gov.in,2026-10-03,false
INZ000265714,RAMRAKH R. BOHRA,Stock Broker (Equity),Active,https://www.sebi.gov.in,2026-10-03,false
INZ000265936,INVESTSMART STOCK BROKERS PRIVATE LIMITED,Stock Broker (Equity),Active,https://www.sebi.gov.in,2026-10-03,false
INZ000266039,DEEP FINANCIAL CONSULTANTS PVT. LTD.,Stock Broker (Equity),Active,https://www.sebi.gov.in,2026-10-03,false
INZ000266131,V.G. CAPITAL MARKET PVT. LTD.,Stock Broker (Equity),Active,https://www.sebi.gov.in,2026-10-03,false
INZ000266332,RAJENDRA SHARE BROKING PRIVATE LIMITED,Stock Broker (Equity),Active,https://www.sebi.gov.in,2026-10-03,false
INZ000266439,GNG STOCK HOLDINGS PVT. LTD.,Stock Broker (Equity),Active,https://www.sebi.gov.in,2026-10-03,false
INZ000266638,TRANS SCAN SECURITIES PRIVATE LIMITED,Stock Broker (Equity),Active,https://www.sebi.gov.in,2026-10-03,false
INZ000266734,Urja Investment Private Limited,Stock Broker (Equity),Active,https://www.sebi.gov.in,2026-10-03,false
INZ000266935,MONEYCARE SECURITIES & FINANCIAL SERVICES PRIVATE LIMITED,Stock Broker (Equity),Active,https://www.sebi.gov.in,2026-10-03,false
INZ000267033,JNP SHARES & STOCK BROKERS P LTD,Stock Broker (Equity),Active,https://www.sebi.gov.in,2026-10-03,false
INZ000267132,JAYSUKHLAL JAGJIVAN STOCK BROKING PVT. LTD.,Stock Broker (Equity),Active,https://www.sebi.gov.in,2026-10-03,false
INZ000267312,KRANT N. AGNANI,Stock Broker (Equity),Active,https://www.sebi.gov.in,2026-10-03,false
INZ000267437,GOOD FORTUNE CAPITALS PRIVATE LIMITED,Stock Broker (Equity),Active,https://www.sebi.gov.in,2026-10-03,false
INZ000267617,SHRIKANT G MANTRI,Stock Broker (Equity),Active,https://www.sebi.gov.in,2026-10-03,false
INZ000267738,OJASTEJ SHARE BROKING PVT. LTD.,Stock Broker (Equity),Active,https://www.sebi.gov.in,2026-10-03,false
INZ000267835,SHAILESH MERCHANT STOCK BROKERS PVT. LTD.,Stock Broker (Equity),Active,https://www.sebi.gov.in,2026-10-03,false
INZ000267931,Amtiger Consultants Private Limited,Stock Broker (Equity),Active,https://www.sebi.gov.in,2026-10-03,false
INZ000268132,MOTHER INDIA SECURITIES PVT. LTD,Stock Broker (Equity),Active,https://www.sebi.gov.in,2026-10-03,false
INZ000268232,MUKESH BROKERAGE & FINANCIAL (INDIA) LIMITED,Stock Broker (Equity),Active,https://www.sebi.gov.in,2026-10-03,false
INZ000268435,FINQUEST SECURITIES PRIVATE LIMITED,Stock Broker (Equity),Active,https://www.sebi.gov.in,2026-10-03,false
INZ000268538,SHRENI SHARES LTD,Stock Broker (Equity),Active,https://www.sebi.gov.in,2026-10-03,false
INZ000268635,ADVENT STOCK BROKING PRIVATE LIMITED,Stock Broker (Equity),Active,https://www.sebi.gov.in,2026-10-03,false
INZ000268831,PSJ SECURITIES PVT. LTD.,Stock Broker (Equity),Active,https://www.sebi.gov.in,2026-10-03,false
INZ000268933,SPARK CAPITAL ADVISORS (INDIA) PVT. LTD.,Stock Broker (Equity),Active,https://www.sebi.gov.in,2026-10-03,false
INZ000269034,VIMGI INVESTMENTS PRIVATE LIMITED,Stock Broker (Equity),Active,https://www.sebi.gov.in,2026-10-03,false
INZ000269133,BISHWANATH MURLIDHAR SECURITIES LLP,Stock Broker (Equity),Active,https://www.sebi.gov.in,2026-10-03,false
INZ000269434,LALKAR SECURITIES PVT. LTD.,Stock Broker (Equity),Active,https://www.sebi.gov.in,2026-10-03,false
INZ000269539,BARCLAYS SECURITIES (INDIA) PRIVATE LIMITED,Stock Broker (Equity),Active,https://www.sebi.gov.in,2026-10-03,false
INZ000269635,MSS SECURITIES PVT. LTD.,Stock Broker (Equity),Active,https://www.sebi.gov.in,2026-10-03,false
INZ000269735,AMRAPALI CAPITAL & FINANCE SER LTD.,Stock Broker (Equity),Active,https://www.sebi.gov.in,2026-10-03,false
INZ000269834,L D K SHARES & SECURITIES PRIVATE LIMITED,Stock Broker (Equity),Active,https://www.sebi.gov.in,2026-10-03,false
INZ000269935,ISJ SECURITIES PVT. LTD.,Stock Broker (Equity),Active,https://www.sebi.gov.in,2026-10-03,false
INZ000270035,TRUSTED SHARES & INVESTMENTS LTD.,Stock Broker (Equity),Active,https://www.sebi.gov.in,2026-10-03,false
INZ000270134,JASH SECURITIES PVT LTD,Stock Broker (Equity),Active,https://www.sebi.gov.in,2026-10-03,false
INZ000270222,VIMAL & SONS,Stock Broker (Equity),Active,https://www.sebi.gov.in,2026-10-03,false
INZ000270338,BANG EQUITY BROKING PVT. LTD.,Stock Broker (Equity),Active,https://www.sebi.gov.in,2026-10-03,false
INZ000270435,RR EQUITY BROKERS PVT. LTD.,Stock Broker (Equity),Active,https://www.sebi.gov.in,2026-10-03,false
INZ000270837,PLUSTRADE HOLDING (IFSC) PRIVATE LIMITED,Stock Broker (Equity),Active,https://www.sebi.gov.in,2026-10-03,false
INZ000271136,BANAYANTREE SERVICES LIMITED,Stock Broker (Equity),Active,https://www.sebi.gov.in,2026-10-03,false
INZ000271235,ANUSH SHARES & SECURITIES PRIVATE LIMITED,Stock Broker (Equity),Active,https://www.sebi.gov.in,2026-10-03,false
INZ000271355,Centillion Research India LLP,Stock Broker (Equity),Active,https://www.sebi.gov.in,2026-10-03,false
INZ000271433,UPMOVE FINANCIAL TECHNOLOGIES SERVICES PRIVATE LIMITED,Stock Broker (Equity),Active,https://www.sebi.gov.in,2026-10-03,false
INZ000271536,I VENTURES CAPITAL PRIVATE LIMITED,Stock Broker (Equity),Active,https://www.sebi.gov.in,2026-10-03,false
INZ000271639,QUEST SECURITIES LIMITED,Stock Broker (Equity),Active,https://www.sebi.gov.in,2026-10-03,false
INZ000271830,MACY SHARES AND STOCK BROKERS PVT. LTD.,Stock Broker (Equity),Active,https://www.sebi.gov.in,2026-10-03,false
INZ000272027,DEAL DEPOT EQUITIES,Stock Broker (Equity),Active,https://www.sebi.gov.in,2026-10-03,false
INZ000272139,JADE SECURITIES PVT. LTD.,Stock Broker (Equity),Active,https://www.sebi.gov.in,2026-10-03,false
INZ000272237,EXCEL FINCAP LTD.,Stock Broker (Equity),Active,https://www.sebi.gov.in,2026-10-03,false
INZ000272434,AYUSHAJAY STOCK BROKERS PRIVATE LIMITED,Stock Broker (Equity),Active,https://www.sebi.gov.in,2026-10-03,false
INZ000272531,SI INVESTMENTS & BROKING PRIVATE LIMITED,Stock Broker (Equity),Active,https://www.sebi.gov.in,2026-10-03,false
INZ000272623,MAUZAMPURIA SECURITIES,Stock Broker (Equity),Active,https://www.sebi.gov.in,2026-10-03,false
INZ000272831,TOUCHSTONE CAPITAL MARKET SERVICES PVT. LTD,Stock Broker (Equity),Active,https://www.sebi.gov.in,2026-10-03,false
INZ000273031,INTENSIVE SOFTSHARE PRIVATE LIMITED,Stock Broker (Equity),Active,https://www.sebi.gov.in,2026-10-03,false
INZ000273311,VIDYUT DEVENDRAKUMAR,Stock Broker (Equity),Active,https://www.sebi.gov.in,2026-10-03,false
INZ000273432,SAVA SECURITIES PRIVATE LIMITED,Stock Broker (Equity),Active,https://www.sebi.gov.in,2026-10-03,false
INZ000273538,SOMAYAJULU & CO. LIMITED,Stock Broker (Equity),Active,https://www.sebi.gov.in,2026-10-03,false
INZ000273631,VED BROTHERS SECURITIES PRIVATE LIMITED,Stock Broker (Equity),Active,https://www.sebi.gov.in,2026-10-03,false
INZ000273820,DINESH KUMAR RAMANLAL THANVI,Stock Broker (Equity),Active,https://www.sebi.gov.in,2026-10-03,false
INZ000273930,ORACLE SECURITIES PVT. LTD.,Stock Broker (Equity),Active,https://www.sebi.gov.in,2026-10-03,false
INZ000274033,SHRIYAM BROKING INTERMEDIARY LTD,Stock Broker (Equity),Active,https://www.sebi.gov.in,2026-10-03,false
INZ000274132,DOLAT CAPITAL MARKET PVT. LTD.,Stock Broker (Equity),Active,https://www.sebi.gov.in,2026-10-03,false
INZ000274334,CONSORTIUM CAPITAL PVT. LTD.,Stock Broker (Equity),Active,https://www.sebi.gov.in,2026-10-03,false
INZ000274438,KALASH SHARES & SECURITIES PRIVATE LIMITED,Stock Broker (Equity),Active,https://www.sebi.gov.in,2026-10-03,false
INZ000274634,ROONGTA RISING STOCK PRIVATE LIMITED,Stock Broker (Equity),Active,https://www.sebi.gov.in,2026-10-03,false
INZ000274734,SMP SECURITIES LIMITED,Stock Broker (Equity),Active,https://www.sebi.gov.in,2026-10-03,false
INZ000275132,THAR SHARE BROKERS PRIVATE LIMITED,Stock Broker (Equity),Active,https://www.sebi.gov.in,2026-10-03,false
INZ000275235,ADINATH PROGRESSIVE LIMITED,Stock Broker (Equity),Active,https://www.sebi.gov.in,2026-10-03,false
INZ000275537,MERFIN SHARES & STOCK BROKING PRIVATE LIMITED,Stock Broker (Equity),Active,https://www.sebi.gov.in,2026-10-03,false
INZ000275738,KHAJANCHI & GANDHI STOCK BROKING PRIVATE LIMITED,Stock Broker (Equity),Active,https://www.sebi.gov.in,2026-10-03,false
INZ000275939,KASAT SECURITIES PVT LTD,Stock Broker (Equity),Active,https://www.sebi.gov.in,2026-10-03,false
INZ000276131,RAKHECHA SECURITIES LTD.,Stock Broker (Equity),Active,https://www.sebi.gov.in,2026-10-03,false
INZ000276236,MPC SECURITIES LTD.,Stock Broker (Equity),Active,https://www.sebi.gov.in,2026-10-03,false
INZ000276333,VIVEK FINANCIAL FOCUS LTD.,Stock Broker (Equity),Active,https://www.sebi.gov.in,2026-10-03,false
INZ000276438,PRAKASH K SHAH SHARES & SECURITIES PVT. LTD,Stock Broker (Equity),Active,https://www.sebi.gov.in,2026-10-03,false
INZ000276516,PARESH DHIRAJLAL SHAH,Stock Broker (Equity),Active,https://www.sebi.gov.in,2026-10-03,false
INZ000276636,RASHI EQUISEARCH PRIVATE LIMITED,Stock Broker (Equity),Active,https://www.sebi.gov.in,2026-10-03,false
INZ000276734,LEO FINANCIAL SERVICES LTD.,Stock Broker (Equity),Active,https://www.sebi.gov.in,2026-10-03,false
INZ000276847,KOTAK MAHINDRA BANK LTD.,Stock Broker (Equity),Active,https://www.sebi.gov.in,2026-10-03,false
INZ000276939,ORION STOCKS LIMITED,Stock Broker (Equity),Active,https://www.sebi.gov.in,2026-10-03,false
INZ000277034,GOLDMAN SACHS (INDIA) SECURITIES PRIVATE LIMITED,Stock Broker (Equity),Active,https://www.sebi.gov.in,2026-10-03,false
INZ000277131,AMU SHARES & SECURITIES LIMITED,Stock Broker (Equity),Active,https://www.sebi.gov.in,2026-10-03,false
INZ000277311,SURESH O KHANDELWAL,Stock Broker (Equity),Active,https://www.sebi.gov.in,2026-10-03,false
INZ000277536,VOGUE COMMERCIAL COMPANY LIMITED,Stock Broker (Equity),Active,https://www.sebi.gov.in,2026-10-03,false
INZ000277934,THE FIRST CUSTODIAN FUND (INDIA) LTD,Stock Broker (Equity),Active,https://www.sebi.gov.in,2026-10-03,false
INZ000278033,I KAY HOLDING CO. PRIVATE LIMITED,Stock Broker (Equity),Active,https://www.sebi.gov.in,2026-10-03,false
INZ000278135,MADHAV STOCK VISION PVT. LTD.,Stock Broker (Equity),Active,https://www.sebi.gov.in,2026-10-03,false
INZ000278336,SHRIAM FINANCIAL PRIVATE LIMITED,Stock Broker (Equity),Active,https://www.sebi.gov.in,2026-10-03,false
INZ000278434,MANOG SECURITIES PVT. LTD.,Stock Broker (Equity),Active,https://www.sebi.gov.in,2026-10-03,false
INZ000278532,PNR SECURITIES LTD.,Stock Broker (Equity),Active,https://www.sebi.gov.in,2026-10-03,false
INZ000278634,PRACTICAL FINANCIAL SERVICES PRIVATE LIMITED,Stock Broker (Equity),Active,https://www.sebi.gov.in,2026-10-03,false
INZ000278739,ADROIT SHARE & STOCK BROKER PRIVATE LIMITED,Stock Broker (Equity),Active,https://www.sebi.gov.in,2026-10-03,false
INZ000278838,COMPOSITE SECURITIES LIMITED,Stock Broker (Equity),Active,https://www.sebi.gov.in,2026-10-03,false
INZ000278937,RELYBULLS STOCK BROKING PRIVATE LIMITED,Stock Broker (Equity),Active,https://www.sebi.gov.in,2026-10-03,false
INZ000279135,CANARA BANK SECURITIES LIMITED,Stock Broker (Equity),Active,https://www.sebi.gov.in,2026-10-03,false
INZ000279232,FRR SHARES AND SECURITIES LIMITED,Stock Broker (Equity),Active,https://www.sebi.gov.in,2026-10-03,false
INZ000279336,C. R. KOTHARI & SONS STOCK BROKING PRIVATE LIMITED,Stock Broker (Equity),Active,https://www.sebi.gov.in,2026-10-03,false
INZ000279438,ALDAN INVESTMENTS PRIVATE LIMITED,Stock Broker (Equity),Active,https://www.sebi.gov.in,2026-10-03,false
INZ000279531,COMPOSITE INVESTMENTS PVT. LTD.,Stock Broker (Equity),Active,https://www.sebi.gov.in,2026-10-03,false
INZ000279635,PRATIBHUTI VINIHIT LTD.,Stock Broker (Equity),Active,https://www.sebi.gov.in,2026-10-03,false
INZ000279713,SONAWALA GLOBAL EQUITIES PRIVATE LIMITED,Stock Broker (Equity),Active,https://www.sebi.gov.in,2026-10-03,false
INZ000279832,VIJAN SHARE & SECURITIES PVT. LTD.,Stock Broker (Equity),Active,https://www.sebi.gov.in,2026-10-03,false
INZ000279936,PREMIER SHARES LIMITED,Stock Broker (Equity),Active,https://www.sebi.gov.in,2026-10-03,false
INZ000280037,VIRTU INDIA PRIVATE LIMITED,Stock Broker (Equity),Active,https://www.sebi.gov.in,2026-10-03,false
INZ000280133,AMIT JASANI FINANCIAL SERVICES PVT. LTD.,Stock Broker (Equity),Active,https://www.sebi.gov.in,2026-10-03,false
INZ000280233,MURARI SECURITIES LTD.,Stock Broker (Equity),Active,https://www.sebi.gov.in,2026-10-03,false
INZ000280338,BENISON STOCK BROKING PRIVATE LIMITED,Stock Broker (Equity),Active,https://www.sebi.gov.in,2026-10-03,false
INZ000280532,MAX STOCK BROKING PRIVATE LIMITED,Stock Broker (Equity),Active,https://www.sebi.gov.in,2026-10-03,false
INZ000280636,R.SS. INVESTMENTS (P) LTD,Stock Broker (Equity),Active,https://www.sebi.gov.in,2026-10-03,false
INZ000280737,MLB CAPITAL PRIVATE LIMITED,Stock Broker (Equity),Active,https://www.sebi.gov.in,2026-10-03,false
INZ000280832,S. S. A. T. CONSULTANTS PRIVATE LIMITED,Stock Broker (Equity),Active,https://www.sebi.gov.in,2026-10-03,false
INZ000281030,BANHEM SECURITIES PVT. LTD.,Stock Broker (Equity),Active,https://www.sebi.gov.in,2026-10-03,false
INZ000281336,HRTI PRIVATE LIMITED,Stock Broker (Equity),Active,https://www.sebi.gov.in,2026-10-03,false
INZ000281430,INDIA PACIFIC SECURITIES & FINANCIAL SERVICES LTD,Stock Broker (Equity),Active,https://www.sebi.gov.in,2026-10-03,false
INZ000281635,J.V.S. SECURITIES PRIVATE LIMITED,Stock Broker (Equity),Active,https://www.sebi.gov.in,2026-10-03,false
INZ000281836,CAPITALSQUARE FINANCIAL SERVICES PRIVATE LIMITED,Stock Broker (Equity),Active,https://www.sebi.gov.in,2026-10-03,false
INZ000281939,SUNSHINE STOCK BROKING PRIVATE LIMITED,Stock Broker (Equity),Active,https://www.sebi.gov.in,2026-10-03,false
INZ000282138,G DAS CAPITAL MARKETS PRIVATE LIMITED,Stock Broker (Equity),Active,https://www.sebi.gov.in,2026-10-03,false
INZ000282237,CHUKNOO SECURITIES LIMITED,Stock Broker (Equity),Active,https://www.sebi.gov.in,2026-10-03,false
INZ000282511,KAMLESH SHETH,Stock Broker (Equity),Active,https://www.sebi.gov.in,2026-10-03,false
INZ000282730,BHARATHI SHARE BROKING PRIVATE LIMITED,Stock Broker (Equity),Active,https://www.sebi.gov.in,2026-10-03,false
INZ000283035,MUNOTH FINANCIAL SERVICES LTD.,Stock Broker (Equity),Active,https://www.sebi.gov.in,2026-10-03,false
INZ000283232,SUN N SUN FIN SERVICES LTD.,Stock Broker (Equity),Active,https://www.sebi.gov.in,2026-10-03,false
INZ000283615,NIRAV VASANTLAL GANDHI,Stock Broker (Equity),Active,https://www.sebi.gov.in,2026-10-03,false
INZ000283735,MLB SECURITIES LTD.,Stock Broker (Equity),Active,https://www.sebi.gov.in,2026-10-03,false
INZ000283837,MANALI TRADING & HOLDINGS PVT. LTD.,Stock Broker (Equity),Active,https://www.sebi.gov.in,2026-10-03,false
INZ000283937,SHREE NAMAN SECURITIES & FINANCE PRIVATE LIMITED,Stock Broker (Equity),Active,https://www.sebi.gov.in,2026-10-03,false
INZ000284039,MANYOG SECURITIES PRIVATE LIMITED,Stock Broker (Equity),Active,https://www.sebi.gov.in,2026-10-03,false
INZ000284247,CITIBANK N.A.,Stock Broker (Equity),Active,https://www.sebi.gov.in,2026-10-03,false
INZ000284334,ORTEM SECURITIES LTD.,Stock Broker (Equity),Active,https://www.sebi.gov.in,2026-10-03,false
INZ000284836,Batlivala & Karani Securities India Pvt.Ltd.,Stock Broker (Equity),Active,https://www.sebi.gov.in,2026-10-03,false
INZ000284933,SVS SECURITIES PVT.LTD.,Stock Broker (Equity),Active,https://www.sebi.gov.in,2026-10-03,false
INZ000285038,DOLAT ALGOTECH LIMITED,Stock Broker (Equity),Active,https://www.sebi.gov.in,2026-10-03,false
INZ000285135,SPARK FAMILY OFFICE AND INVESTMENT ADVISORS (INDIA) PRIVATE LIMITED,Stock Broker (Equity),Active,https://www.sebi.gov.in,2026-10-03,false
INZ000285230,ABHIPRA CAPITAL LTD.,Stock Broker (Equity),Active,https://www.sebi.gov.in,2026-10-03,false
INZ000285438,DHYAN STOCK BROKING PVT. LTD.,Stock Broker (Equity),Active,https://www.sebi.gov.in,2026-10-03,false
INZ000285533,PUNEET SECURITIES PVT. LTD.,Stock Broker (Equity),Active,https://www.sebi.gov.in,2026-10-03,false
INZ000285637,SAURIN INVESTMENTS PRIVATE LIMITED,Stock Broker (Equity),Active,https://www.sebi.gov.in,2026-10-03,false
INZ000285732,SANKALP SHARE BROKERS PRIVATE LIMITED,Stock Broker (Equity),Active,https://www.sebi.gov.in,2026-10-03,false
INZ000285935,RIDHI SHARE BROKERS PRIVATE LIMITED,Stock Broker (Equity),Active,https://www.sebi.gov.in,2026-10-03,false
INZ000286134,SINGHAL CAPITAL MARKET LIMITED,Stock Broker (Equity),Active,https://www.sebi.gov.in,2026-10-03,false
INZ000286649,IDBI BANK LIMITED,Stock Broker (Equity),Active,https://www.sebi.gov.in,2026-10-03,false
INZ000286735,SANCHAY FINCOM LTD.,Stock Broker (Equity),Active,https://www.sebi.gov.in,2026-10-03,false
INZ000286953,CLOPEN RESEARCH CAPITAL LLP,Stock Broker (Equity),Active,https://www.sebi.gov.in,2026-10-03,false
INZ000287035,DERIVIUM TRADITION SECURITIES (INDIA) PRIVATE LIMITED,Stock Broker (Equity),Active,https://www.sebi.gov.in,2026-10-03,false
INZ000287139,TRANSGLOBAL SECURITIES LIMITED,Stock Broker (Equity),Active,https://www.sebi.gov.in,2026-10-03,false
INZ000287235,DG GOENKA EQUITIES PRIVATE LIMITED,Stock Broker (Equity),Active,https://www.sebi.gov.in,2026-10-03,false
INZ000287337,K DAMANI SECURITIES PRIVATE LIMITED,Stock Broker (Equity),Active,https://www.sebi.gov.in,2026-10-03,false
INZ000287438,SAL SECURITIES PVT. LTD.,Stock Broker (Equity),Active,https://www.sebi.gov.in,2026-10-03,false
INZ000287736,SHUBHAM STOCK BROKING SERVICES PVT. LTD.,Stock Broker (Equity),Active,https://www.sebi.gov.in,2026-10-03,false
INZ000288135,VINOD AGARWAL & CO. PVT. LTD.,Stock Broker (Equity),Active,https://www.sebi.gov.in,2026-10-03,false
INZ000288425,PARIM FINSERV PRIVATE LIMITED,Stock Broker (Equity),Active,https://www.sebi.gov.in,2026-10-03,false
INZ000288639,R. B. JAJU SECURITIES INDIA PVT. LTD.,Stock Broker (Equity),Active,https://www.sebi.gov.in,2026-10-03,false
INZ000288836,FOCUS STOCK BROKERS LTD,Stock Broker (Equity),Active,https://www.sebi.gov.in,2026-10-03,false
INZ000288933,HOTLINE STOCK BROKERS PRIVATE LIMITED,Stock Broker (Equity),Active,https://www.sebi.gov.in,2026-10-03,false
INZ000289036,SANCHAY FINVEST LTD.,Stock Broker (Equity),Active,https://www.sebi.gov.in,2026-10-03,false
INZ000289238,FINCAP GLOBAL SECURITIES LIMITED,Stock Broker (Equity),Active,https://www.sebi.gov.in,2026-10-03,false
INZ000289536,MBL & COMPANY LIMITED,Stock Broker (Equity),Active,https://www.sebi.gov.in,2026-10-03,false
INZ000289933,SIC STOCKS & SERVICES PRIVATE LIMITED,Stock Broker (Equity),Active,https://www.sebi.gov.in,2026-10-03,false
INZ000290639,RELIABLE STOCKS & SHARES (INDIA) LTD,Stock Broker (Equity),Active,https://www.sebi.gov.in,2026-10-03,false
INZ000290830,VOLTAIRE SECURITIES PRIVATE LIMITED,Stock Broker (Equity),Active,https://www.sebi.gov.in,2026-10-03,false
INZ000290936,PUMARTH CREDIT & CAPITAL LTD.,Stock Broker (Equity),Active,https://www.sebi.gov.in,2026-10-03,false
INZ000291038,AARNIK SECURITIES PVT. LTD.,Stock Broker (Equity),Active,https://www.sebi.gov.in,2026-10-03,false
INZ000291131,GREENBUCKS SECURITIES PRIVATE LIMITED,Stock Broker (Equity),Active,https://www.sebi.gov.in,2026-10-03,false
INZ000291231,JUNJHARJI INVESTMENT PVT. LTD.,Stock Broker (Equity),Active,https://www.sebi.gov.in,2026-10-03,false
INZ000291332,O3 Securities Private Limited,Stock Broker (Equity),Active,https://www.sebi.gov.in,2026-10-03,false
INZ000291411,LOTUS CAPITAL,Stock Broker (Equity),Active,https://www.sebi.gov.in,2026-10-03,false
INZ000291630,More Fintech Private Limited,Stock Broker (Equity),Active,https://www.sebi.gov.in,2026-10-03,false
INZ000291732,SEH INVESTMENTS PVT. LIMITED,Stock Broker (Equity),Active,https://www.sebi.gov.in,2026-10-03,false
INZ000291834,TIME CAPITAL LTD,Stock Broker (Equity),Active,https://www.sebi.gov.in,2026-10-03,false
INZ000291930,INDO MONEY SECURITIES PRIVATE LIMITED,Stock Broker (Equity),Active,https://www.sebi.gov.in,2026-10-03,false
INZ000292027,A. N. SECURITIES,Stock Broker (Equity),Active,https://www.sebi.gov.in,2026-10-03,false
INZ000292335,MAXGROWTH CAPITAL PRIVATE LIMITED,Stock Broker (Equity),Active,https://www.sebi.gov.in,2026-10-03,false
INZ000292435,SACHDEVA STOCKS PRIVATE LIMITED,Stock Broker (Equity),Active,https://www.sebi.gov.in,2026-10-03,false
INZ000292538,QUEST FIN-SEC MARKETS LTD,Stock Broker (Equity),Active,https://www.sebi.gov.in,2026-10-03,false
INZ000292638,Troo Tribe Tech Ltd.,Stock Broker (Equity),Active,https://www.sebi.gov.in,2026-10-03,false
INZ000292736,LOKNATH SARAF SECURITIES PVT. LTD.,Stock Broker (Equity),Active,https://www.sebi.gov.in,2026-10-03,false
INZ000292836,ENAM HOLDINGS PRIVATE LIMITED,Stock Broker (Equity),Active,https://www.sebi.gov.in,2026-10-03,false
INZ000292939,ANAND RATHI INTERNATIONAL VENTURES (IFSC) PRIVATE LIMITED,Stock Broker (Equity),Active,https://www.sebi.gov.in,2026-10-03,false
INZ000293058,XTX MARKETS LLP,Stock Broker (Equity),Active,https://www.sebi.gov.in,2026-10-03,false
INZ000293234,JUMP TRADING FINANCIAL INDIA PRIVATE LIMITED,Stock Broker (Equity),Active,https://www.sebi.gov.in,2026-10-03,false
INZ000293432,SKSE Securities Ltd.,Stock Broker (Equity),Active,https://www.sebi.gov.in,2026-10-03,false
INZ000293634,Prudent Corporate Advisory Services Limited,Stock Broker (Equity),Active,https://www.sebi.gov.in,2026-10-03,false
INZ000293732,SVCM Securities Private Limited,Stock Broker (Equity),Active,https://www.sebi.gov.in,2026-10-03,false
INZ000293836,Tradewings Solutions Limited,Stock Broker (Equity),Active,https://www.sebi.gov.in,2026-10-03,false
INZ000293911,IQBAL SINGH,Stock Broker (Equity),Active,https://www.sebi.gov.in,2026-10-03,false
INZ000294230,JUNOMONETA FINSOL PRIVATE LIMITED,Stock Broker (Equity),Active,https://www.sebi.gov.in,2026-10-03,false
INZ000294339,ABHIK FINANCE PRIVATE LIMITED,Stock Broker (Equity),Active,https://www.sebi.gov.in,2026-10-03,false
INZ000294632,INCRED CAPITAL WEALTH PORTFOLIO MANAGERS PRIVATE LIMITED,Stock Broker (Equity),Active,https://www.sebi.gov.in,2026-10-03,false
INZ000294735,DELTA TECHINVEST PRIVATE LIMITED,Stock Broker (Equity),Active,https://www.sebi.gov.in,2026-10-03,false
INZ000295046,DBS BANK INDIA LIMITED,Stock Broker (Equity),Active,https://www.sebi.gov.in,2026-10-03,false
INZ000295134,Navi Securities Private Limited,Stock Broker (Equity),Active,https://www.sebi.gov.in,2026-10-03,false
INZ000295235,BIGCAPITA SECURITIES PRIVATE LIMITED,Stock Broker (Equity),Active,https://www.sebi.gov.in,2026-10-03,false
INZ000295333,PLOUTOS QUANT RESEARCH CAPITAL PRIVATE LIMITED,Stock Broker (Equity),Active,https://www.sebi.gov.in,2026-10-03,false
INZ000295436,OSWAL SHARES & SECURITIES LIMITED,Stock Broker (Equity),Active,https://www.sebi.gov.in,2026-10-03,false
INZ000295634,MALIRAM MAKHARIA FINSTOCK PVT. LTD.,Stock Broker (Equity),Active,https://www.sebi.gov.in,2026-10-03,false
INZ000295733,WALLFORT SHARE AND STOCK BROKERS PRIVATE LIMITED,Stock Broker (Equity),Active,https://www.sebi.gov.in,2026-10-03,false
INZ000295835,SANCHIT FINANCIAL & MANAGEMENT SERVICES LTD.,Stock Broker (Equity),Active,https://www.sebi.gov.in,2026-10-03,false
INZ000295913,PKG SECURITIES,Stock Broker (Equity),Active,https://www.sebi.gov.in,2026-10-03,false
INZ000296036,PALLATON CAPITAL PRIVATE LIMITED,Stock Broker (Equity),Active,https://www.sebi.gov.in,2026-10-03,false
INZ000296136,ROLTA HOLDING AND FINANCE CORPORATION PRIVATE LIMITED,Stock Broker (Equity),Active,https://www.sebi.gov.in,2026-10-03,false
INZ000296230,KESHAV SECURITIES PVT. LTD.,Stock Broker (Equity),Active,https://www.sebi.gov.in,2026-10-03,false
INZ000296339,IIFL WEALTH DISTRIBUTION SERVICES LIMITED,Stock Broker (Equity),Active,https://www.sebi.gov.in,2026-10-03,false
INZ000296432,BLUE DAIMOND PROPERTIES PVT LTD,Stock Broker (Equity),Active,https://www.sebi.gov.in,2026-10-03,false
INZ000296535,Tradewalk Broking Private Limited,Stock Broker (Equity),Active,https://www.sebi.gov.in,2026-10-03,false
INZ000297032,SUNSHINE FINSEC & MERCANTILE LTD.,Stock Broker (Equity),Active,https://www.sebi.gov.in,2026-10-03,false
INZ000297230,NINE STAR BROKING PRIVATE LIMITED,Stock Broker (Equity),Active,https://www.sebi.gov.in,2026-10-03,false
INZ000297338,Estelle Securities Private Limited,Stock Broker (Equity),Active,https://www.sebi.gov.in,2026-10-03,false
INZ000297436,MSE FINANCIAL SERVICES LIMITED,Stock Broker (Equity),Active,https://www.sebi.gov.in,2026-10-03,false
INZ000297535,FLUX CAPITAL PRIVATE LIMITED,Stock Broker (Equity),Active,https://www.sebi.gov.in,2026-10-03,false
INZ000297738,NETWORTH PORTFOLIO & FINANCE PVT.LTD.,Stock Broker (Equity),Active,https://www.sebi.gov.in,2026-10-03,false
INZ000298037,GOPALJI BROKING PRIVATE LIMITED,Stock Broker (Equity),Active,https://www.sebi.gov.in,2026-10-03,false
INZ000298721,SANKALP FINANCE,Stock Broker (Equity),Active,https://www.sebi.gov.in,2026-10-03,false
INZ000298936,MICROCURVES TRADING PRIVATE LIMITED,Stock Broker (Equity),Active,https://www.sebi.gov.in,2026-10-03,false
INZ000299131,ATISHAY STOCK BROKING PRIVATE LIMITED,Stock Broker (Equity),Active,https://www.sebi.gov.in,2026-10-03,false
INZ000299236,GROWTH SECURITIES PRIVATE LIMITED,Stock Broker (Equity),Active,https://www.sebi.gov.in,2026-10-03,false
INZ000299350,QI BROKERAGE LLP,Stock Broker (Equity),Active,https://www.sebi.gov.in,2026-10-03,false
INZ000299437,Evareap Securities Private Limited,Stock Broker (Equity),Active,https://www.sebi.gov.in,2026-10-03,false
INZ000299835,HOLANI CONSULTANTS PRIVATE LIMITED,Stock Broker (Equity),Active,https://www.sebi.gov.in,2026-10-03,false
INZ000299936,Torus Financial Markets Private Limited,Stock Broker (Equity),Active,https://www.sebi.gov.in,2026-10-03,false
INZ000300137,Urudavan Investment and Trading Private Limited,Stock Broker (Equity),Active,https://www.sebi.gov.in,2026-10-03,false
INZ000300631,SHARE WISE EQUITY BROKERS PVT.LTD.,Stock Broker (Equity),Active,https://www.sebi.gov.in,2026-10-03,false
INZ000300737,ESTEE ADVISORS PRIVATE LIMITED,Stock Broker (Equity),Active,https://www.sebi.gov.in,2026-10-03,false
INZ000300834,VIJIT GLOBAL SECURITIES PRIVATE LIMITED,Stock Broker (Equity),Active,https://www.sebi.gov.in,2026-10-03,false
INZ000300936,Market Pulse Securities Private Limited,Stock Broker (Equity),Active,https://www.sebi.gov.in,2026-10-03,false
INZ000301034,IMC INDIA SECURITIES PRIVATE LIMITED,Stock Broker (Equity),Active,https://www.sebi.gov.in,2026-10-03,false
INZ000301132,DEFINEDGE SECURITIES BROKING PRIVATE LIMITED,Stock Broker (Equity),Active,https://www.sebi.gov.in,2026-10-03,false
INZ000301236,Stockal Securities Private Limited,Stock Broker (Equity),Active,https://www.sebi.gov.in,2026-10-03,false
INZ000301331,ECONO BROKING PRIVATE LIMITED,Stock Broker (Equity),Active,https://www.sebi.gov.in,2026-10-03,false
INZ000301435,Get Prosper Capital Private Limited,Stock Broker (Equity),Active,https://www.sebi.gov.in,2026-10-03,false
INZ000301733,EPP Securities Private Limited,Stock Broker (Equity),Active,https://www.sebi.gov.in,2026-10-03,false
INZ000301838,GROWW INVEST TECH PRIVATE LIMITED,Stock Broker (Equity),Active,https://www.sebi.gov.in,2026-10-03,false
INZ000301934,Share India AlgoPlus Private Limited,Stock Broker (Equity),Active,https://www.sebi.gov.in,2026-10-03,false
INZ000302136,BRSB SECURITIES PRIVATE LIMITED,Stock Broker (Equity),Active,https://www.sebi.gov.in,2026-10-03,false
INZ000302233,TARA CAPITAL PARTNERS INDIA PRIVATE LIMITED,Stock Broker (Equity),Active,https://www.sebi.gov.in,2026-10-03,false
INZ000302337,MUNOTH CAPITAL MARKET LIMITED,Stock Broker (Equity),Active,https://www.sebi.gov.in,2026-10-03,false
INZ000302434,SHRI KRISHNA SHARE BROKERS PRIVATE LIMITED,Stock Broker (Equity),Active,https://www.sebi.gov.in,2026-10-03,false
INZ000302639,PHONEPE WEALTH BROKING PRIVATE LIMITED,Stock Broker (Equity),Active,https://www.sebi.gov.in,2026-10-03,false
INZ000302735,PALS OVERSEAS PVT. LTD.,Stock Broker (Equity),Active,https://www.sebi.gov.in,2026-10-03,false
INZ000302836,VLS FINANCE LIMITED,Stock Broker (Equity),Active,https://www.sebi.gov.in,2026-10-03,false
INZ000303035,Kanjalochana Finserve Private Limited,Stock Broker (Equity),Active,https://www.sebi.gov.in,2026-10-03,false
INZ000303136,Dezerv Investments Private Limited,Stock Broker (Equity),Active,https://www.sebi.gov.in,2026-10-03,false
INZ000303236,BONDBAZAAR SECURITIES PRIVATE LIMITED,Stock Broker (Equity),Active,https://www.sebi.gov.in,2026-10-03,false
INZ000303333,RELIABLENIVESH SECURITIES PRIVATE LIMITED,Stock Broker (Equity),Active,https://www.sebi.gov.in,2026-10-03,false
INZ000303435,Arihant Commo Derivatives Private Limited,Stock Broker (Equity),Active,https://www.sebi.gov.in,2026-10-03,false
INZ000303634,GOODFLOW SECURITIES PRIVATE LIMITED,Stock Broker (Equity),Active,https://www.sebi.gov.in,2026-10-03,false
INZ000303733,MAHARATNA SECURITIES PRIVATE LIMITED,Stock Broker (Equity),Active,https://www.sebi.gov.in,2026-10-03,false
INZ000303957,PLUTUS WEALTH MANAGEMENT LLP,Stock Broker (Equity),Active,https://www.sebi.gov.in,2026-10-03,false
INZ000304235,CITADEL SECURITIES INDIA MARKETS PRIVATE LIMITED,Stock Broker (Equity),Active,https://www.sebi.gov.in,2026-10-03,false
INZ000304538,GANPATI FINSEC PRIVATE LIMITED,Stock Broker (Equity),Active,https://www.sebi.gov.in,2026-10-03,false
INZ000304635,Finopia Fintech Private Limited,Stock Broker (Equity),Active,https://www.sebi.gov.in,2026-10-03,false
INZ000304837,NU INVESTORS TECHNOLOGIES PRIVATE LIMITED,Stock Broker (Equity),Active,https://www.sebi.gov.in,2026-10-03,false
INZ000305026,A&G STOCK BROKING & CO,Stock Broker (Equity),Active,https://www.sebi.gov.in,2026-10-03,false
INZ000305131,MLB STOCK BROKING PRIVATE LIMITED,Stock Broker (Equity),Active,https://www.sebi.gov.in,2026-10-03,false
INZ000305337,INDSTOCKS PRIVATE LIMITED,Stock Broker (Equity),Active,https://www.sebi.gov.in,2026-10-03,false
INZ000305432,ASMAH SHARES & STOCK BROKERS PVT.LTD.,Stock Broker (Equity),Active,https://www.sebi.gov.in,2026-10-03,false
INZ000305534,Gainn Fintech Private Limited,Stock Broker (Equity),Active,https://www.sebi.gov.in,2026-10-03,false
INZ000305735,ELLIOTT FINANCIAL SERVICES PRIVATE LIMITED,Stock Broker (Equity),Active,https://www.sebi.gov.in,2026-10-03,false
INZ000305857,ACA Finserv LLP,Stock Broker (Equity),Active,https://www.sebi.gov.in,2026-10-03,false
INZ000305931,KHOSLA TRADEWISE PRIVATE LIMITED,Stock Broker (Equity),Active,https://www.sebi.gov.in,2026-10-03,false
INZ000306053,VERSATILE STOCK BROKING LLP,Stock Broker (Equity),Active,https://www.sebi.gov.in,2026-10-03,false
INZ000306136,SANATAN FINANCIAL ADVISORY SERVICES PRIVATE LIMITED,Stock Broker (Equity),Active,https://www.sebi.gov.in,2026-10-03,false
INZ000306235,Anantroop Financial Advisory Services Private Limited,Stock Broker (Equity),Active,https://www.sebi.gov.in,2026-10-03,false
INZ000306350,NAASAA Securities LLP,Stock Broker (Equity),Active,https://www.sebi.gov.in,2026-10-03,false
INZ000306537,NEO WEALTH MANAGEMENT PRIVATE LIMITED,Stock Broker (Equity),Active,https://www.sebi.gov.in,2026-10-03,false
INZ000306633,RAEDAN CAPITAL PRIVATE LIMITED,Stock Broker (Equity),Active,https://www.sebi.gov.in,2026-10-03,false
INZ000306737,ELIOS FINANCIAL SERVICES PRIVATE LIMITED,Stock Broker (Equity),Active,https://www.sebi.gov.in,2026-10-03,false
INZ000306837,KEDAR BORGAONKAR SECURITIES PRIVATE LIMITED,Stock Broker (Equity),Active,https://www.sebi.gov.in,2026-10-03,false
INZ000306935,Lotusdew Securities Private Limited,Stock Broker (Equity),Active,https://www.sebi.gov.in,2026-10-03,false
INZ000307037,SPARK INSTITUTIONAL EQUITIES PRIVATE LIMITED,Stock Broker (Equity),Active,https://www.sebi.gov.in,2026-10-03,false
INZ000307157,DIAMOND HANDS LLP,Stock Broker (Equity),Active,https://www.sebi.gov.in,2026-10-03,false
INZ000307234,RAGHUNANDAN CAPITAL PRIVATE LIMITED,Stock Broker (Equity),Active,https://www.sebi.gov.in,2026-10-03,false
INZ000307336,PRUTHVI BROKERS & SHAREHOLDINGS PRIVATE LIMITED,Stock Broker (Equity),Active,https://www.sebi.gov.in,2026-10-03,false
INZ000307633,SADRAVYA MONEY PRIVATE LIMITED,Stock Broker (Equity),Active,https://www.sebi.gov.in,2026-10-03,false
INZ000307736,Sixth Sense Securities Private Limited,Stock Broker (Equity),Active,https://www.sebi.gov.in,2026-10-03,false
INZ000307836,Illuminati Trading Private Limited,Stock Broker (Equity),Active,https://www.sebi.gov.in,2026-10-03,false
INZ000307935,SB PATIL SECURITIES PRIVATE LIMITED,Stock Broker (Equity),Active,https://www.sebi.gov.in,2026-10-03,false
INZ000308336,YMS Financial Private Limited,Stock Broker (Equity),Active,https://www.sebi.gov.in,2026-10-03,false
INZ000308458,9 CAPITAL CONSULTANTS LLP,Stock Broker (Equity),Active,https://www.sebi.gov.in,2026-10-03,false
INZ000308532,WealthyIN Broking Private Limited,Stock Broker (Equity),Active,https://www.sebi.gov.in,2026-10-03,false
INZ000308636,TATA FINTECH PRIVATE LIMITED,Stock Broker (Equity),Active,https://www.sebi.gov.in,2026-10-03,false
INZ000308735,BUTTERFLY BROKING PRIVATE LIMITED,Stock Broker (Equity),Active,https://www.sebi.gov.in,2026-10-03,false
INZ000308934,NX Block Trades Private Limited,Stock Broker (Equity),Active,https://www.sebi.gov.in,2026-10-03,false
INZ000309029,EXATRADE TECHNOLOGIES,Stock Broker (Equity),Active,https://www.sebi.gov.in,2026-10-03,false
INZ000309137,EQUIRUS WEALTH PRIVATE LIMITED,Stock Broker (Equity),Active,https://www.sebi.gov.in,2026-10-03,false
INZ000309457,Psynance Trading LLP,Stock Broker (Equity),Active,https://www.sebi.gov.in,2026-10-03,false
INZ000309534,RUDRANATH STOCK BROKING PRIVATE LIMITED,Stock Broker (Equity),Active,https://www.sebi.gov.in,2026-10-03,false
INZ000309628,DHAID INVESTMENTS,Stock Broker (Equity),Active,https://www.sebi.gov.in,2026-10-03,false
INZ000309758,OUR BROKING SERVICES LLP,Stock Broker (Equity),Active,https://www.sebi.gov.in,2026-10-03,false
INZ000309838,Aetram Trades Private Limited,Stock Broker (Equity),Active,https://www.sebi.gov.in,2026-10-03,false
INZ000309934,Discovery Wealth Management Services Pvt. Ltd.,Stock Broker (Equity),Active,https://www.sebi.gov.in,2026-10-03,false
INZ000310054,Power Gilt Fixed Income Debt Management LLP,Stock Broker (Equity),Active,https://www.sebi.gov.in,2026-10-03,false
INZ000310233,J EKLERA SECURITIES PRIVATE LIMITED,Stock Broker (Equity),Active,https://www.sebi.gov.in,2026-10-03,false
INZ000310451,DELTAMARK PARTNERS LLP,Stock Broker (Equity),Active,https://www.sebi.gov.in,2026-10-03,false
INZ000310632,JAS-ONE SECURITIES PRIVATE LIMITED,Stock Broker (Equity),Active,https://www.sebi.gov.in,2026-10-03,false
INZ000310834,Abbott Wealth Management Limited,Stock Broker (Equity),Active,https://www.sebi.gov.in,2026-10-03,false
INZ000310930,SPREAD X SECURITIES PRIVATE LIMITED,Stock Broker (Equity),Active,https://www.sebi.gov.in,2026-10-03,false
INZ000311032,Salai Derivatives Private Limited,Stock Broker (Equity),Active,https://www.sebi.gov.in,2026-10-03,false
INZ000311236,GOLDSTREET SECURITIES LIMITED,Stock Broker (Equity),Active,https://www.sebi.gov.in,2026-10-03,false
INZ000311338,Lavanaya Securities & Technologies Private Limited,Stock Broker (Equity),Active,https://www.sebi.gov.in,2026-10-03,false
INZ000311728,PK INVESTMENTS,Stock Broker (Equity),Active,https://www.sebi.gov.in,2026-10-03,false
INZ000311839,ACME CAPITAL MARKET LIMITED,Stock Broker (Equity),Active,https://www.sebi.gov.in,2026-10-03,false
INZ000311938,TRDEZ INVESTMENT PRIVATE LIMITED,Stock Broker (Equity),Active,https://www.sebi.gov.in,2026-10-03,false
INZ000312132,ENAM INVESTMENTS PRIVATE LIMITED,Stock Broker (Equity),Active,https://www.sebi.gov.in,2026-10-03,false
INZ000312436,HKKR Finserv Private Limited,Stock Broker (Equity),Active,https://www.sebi.gov.in,2026-10-03,false
INZ000312534,ORO FINANCIAL CONSULTANTS PRIVATE LIMITED,Stock Broker (Equity),Active,https://www.sebi.gov.in,2026-10-03,false
INZ000312637,Globe Derivatives and Securities Limited,Stock Broker (Equity),Active,https://www.sebi.gov.in,2026-10-03,false
INZ000312738,STOCKPRO 9 CAPITAL PRIVATE LIMITED,Stock Broker (Equity),Active,https://www.sebi.gov.in,2026-10-03,false
INZ000312836,GRIP BROKING PRIVATE LIMITED,Stock Broker (Equity),Active,https://www.sebi.gov.in,2026-10-03,false
INZ000312953,Trimurti Capital Broking Private Limited,Stock Broker (Equity),Active,https://www.sebi.gov.in,2026-10-03,false
INZ000313032,Bhagya Shree Securities Private Limited,Stock Broker (Equity),Active,https://www.sebi.gov.in,2026-10-03,false
INZ000313434,MIRACLES FIN-TECH PRIVATE LIMITED,Stock Broker (Equity),Active,https://www.sebi.gov.in,2026-10-03,false
INZ000313536,CLK Shares And Securities Private Limited,Stock Broker (Equity),Active,https://www.sebi.gov.in,2026-10-03,false
INZ000313632,WINT SECURITIES PRIVATE LIMITED,Stock Broker (Equity),Active,https://www.sebi.gov.in,2026-10-03,false
INZ000313732,POCKETFUL FINTECH CAPITAL PRIVATE LIMITED,Stock Broker (Equity),Active,https://www.sebi.gov.in,2026-10-03,false
INZ000313854,NEO APEX SHARE BROKING SERVICES LLP,Stock Broker (Equity),Active,https://www.sebi.gov.in,2026-10-03,false
INZ000313927,SHREE RAM FINCARE,Stock Broker (Equity),Active,https://www.sebi.gov.in,2026-10-03,false
INZ000314033,Discovery Financial Services Private Limited,Stock Broker (Equity),Active,https://www.sebi.gov.in,2026-10-03,false
INZ000314234,TOSS FINANCIAL SERVICES PVT. LTD.,Stock Broker (Equity),Active,https://www.sebi.gov.in,2026-10-03,false
INZ000314336,WMG BROKING PRIVATE LIMITED,Stock Broker (Equity),Active,https://www.sebi.gov.in,2026-10-03,false
INZ000314438,GRIFFIN STOCK BROKING PRIVATE LIMITED,Stock Broker (Equity),Active,https://www.sebi.gov.in,2026-10-03,false
INZ000314637,STABLE BROKING PRIVATE LIMITED,Stock Broker (Equity),Active,https://www.sebi.gov.in,2026-10-03,false
INZ000314736,SAFEGOLD DIGIDEMAT PRIVATE LIMITED,Stock Broker (Equity),Active,https://www.sebi.gov.in,2026-10-03,false
INZ000314837,ROI NET SECURITIES PRIVATE LIMITED,Stock Broker (Equity),Active,https://www.sebi.gov.in,2026-10-03,false
INZ000314927,CAPMATRIX COMMODITY AND EQUITY INVESTMENT,Stock Broker (Equity),Active,https://www.sebi.gov.in,2026-10-03,false
INZ000315235,Skywards Investec Private Limited,Stock Broker (Equity),Active,https://www.sebi.gov.in,2026-10-03,false
INZ000315351,Quantify Broking LLP,Stock Broker (Equity),Active,https://www.sebi.gov.in,2026-10-03,false
INZ000315657,KARNA STOCK BROKING LLP,Stock Broker (Equity),Active,https://www.sebi.gov.in,2026-10-03,false
INZ000315755,PINDI SECURITIES LLP,Stock Broker (Equity),Active,https://www.sebi.gov.in,2026-10-03,false
INZ000315837,Upstox Securities Private Limited,Stock Broker (Equity),Active,https://www.sebi.gov.in,2026-10-03,false
INZ000315955,KARAMAZOV QUANTS LLP,Stock Broker (Equity),Active,https://www.sebi.gov.in,2026-10-03,false
INZ000316035,RAJGUL SECURITIES (P) LIMITED,Stock Broker (Equity),Active,https://www.sebi.gov.in,2026-10-03,false
INZ000316136,Devgiri Securities Private Limited,Stock Broker (Equity),Active,https://www.sebi.gov.in,2026-10-03,false
INZ000316338,Muni Broking House Limited,Stock Broker (Equity),Active,https://www.sebi.gov.in,2026-10-03,false
INZ000316433,GRATIAS VENTURES PRIVATE LIMITED,Stock Broker (Equity),Active,https://www.sebi.gov.in,2026-10-03,false
INZ000316631,ZANSKAR SECURITIES PRIVATE LIMITED,Stock Broker (Equity),Active,https://www.sebi.gov.in,2026-10-03,false
INZ000316732,Lares Algotech India Private Limited,Stock Broker (Equity),Active,https://www.sebi.gov.in,2026-10-03,false
INZ000316838,S A ARTHA SECURITIES PRIVATE LIMITED,Stock Broker (Equity),Active,https://www.sebi.gov.in,2026-10-03,false
INZ000316937,TRISHAKTI CAPITAL LIMITED,Stock Broker (Equity),Active,https://www.sebi.gov.in,2026-10-03,false
INZ000317039,OPTIVER INDIA SECURITIES PRIVATE LIMITED,Stock Broker (Equity),Active,https://www.sebi.gov.in,2026-10-03,false
INZ000317139,JEVIN STOCK BROKER PRIVATE LIMITED,Stock Broker (Equity),Active,https://www.sebi.gov.in,2026-10-03,false
INZ000317337,INVEXMART FINANCIAL SERVICES PRIVATE LIMITED,Stock Broker (Equity),Active,https://www.sebi.gov.in,2026-10-03,false
INZ000317437,UNIVEST STOCK BROKING PRIVATE LIMITED,Stock Broker (Equity),Active,https://www.sebi.gov.in,2026-10-03,false
INZ000317534,CENTRUM FINVERSE LIMITED,Stock Broker (Equity),Active,https://www.sebi.gov.in,2026-10-03,false
INZ000317632,AARITYA BROKING PRIVATE LIMITED,Stock Broker (Equity),Active,https://www.sebi.gov.in,2026-10-03,false
INZ000317833,ABSOLUTE BROKING PRIVATE LIMITED,Stock Broker (Equity),Active,https://www.sebi.gov.in,2026-10-03,false
INZ000317930,KANCO STOCK & SECURITIES PRIVATE LIMITED,Stock Broker (Equity),Active,https://www.sebi.gov.in,2026-10-03,false
INZ000318238,SIG INDIA TRADING PRIVATE LIMITED,Stock Broker (Equity),Active,https://www.sebi.gov.in,2026-10-03,false
INZ000318357,PATRONUS TRADETECH LLP,Stock Broker (Equity),Active,https://www.sebi.gov.in,2026-10-03,false
INZ000318434,AASHVIK SECURITIES PRIVATE LIMITED,Stock Broker (Equity),Active,https://www.sebi.gov.in,2026-10-03,false
INZ000318532,AIONION CAPITAL MARKET SERVICES PRIVATE LIMITED,Stock Broker (Equity),Active,https://www.sebi.gov.in,2026-10-03,false
INZ000318637,ALPHA MATRIX SECURITIES PRIVATE LIMITED,Stock Broker (Equity),Active,https://www.sebi.gov.in,2026-10-03,false
INZ000318730,APEX FINGROW PRIVATE LIMITED,Stock Broker (Equity),Active,https://www.sebi.gov.in,2026-10-03,false
INZ000318938,GEOJIT INVESTMENTS LIMITED,Stock Broker (Equity),Active,https://www.sebi.gov.in,2026-10-03,false
INZ000319254,QUANTICKER RESEARCH LLP,Stock Broker (Equity),Active,https://www.sebi.gov.in,2026-10-03,false
INZ000319333,JSK SECURITIES AND SERVICES PRIVATE LIMITED,Stock Broker (Equity),Active,https://www.sebi.gov.in,2026-10-03,false
INZ000319433,Acegrowth Brokers Private Limited,Stock Broker (Equity),Active,https://www.sebi.gov.in,2026-10-03,false
INZ000319530,ARCEDGE SECURITIES PRIVATE LIMITED,Stock Broker (Equity),Active,https://www.sebi.gov.in,2026-10-03,false
INZ000319637,LGT CAPITAL MARKETS PRIVATE LIMITED,Stock Broker (Equity),Active,https://www.sebi.gov.in,2026-10-03,false
INZ000319736,Neova Global Fintech Private Limited,Stock Broker (Equity),Active,https://www.sebi.gov.in,2026-10-03,false
INZ000319830,JBV SHARE BROKER AND FINTECH PRIVATE LIMITED,Stock Broker (Equity),Active,https://www.sebi.gov.in,2026-10-03,false
INZ000320338,DEXIF SECURITY BROKING PRIVATE LIMITED,Stock Broker (Equity),Active,https://www.sebi.gov.in,2026-10-03,false
INZ000321036,STELLAREDGE BROKERS PRIVATE LIMITED,Stock Broker (Equity),Active,https://www.sebi.gov.in,2026-10-03,false
INZ000321232,AIKYAM CAPITAL PRIVATE LIMITED,Stock Broker (Equity),Active,https://www.sebi.gov.in,2026-10-03,false
INZ000321331,Oneworld Securities Private Limited,Stock Broker (Equity),Active,https://www.sebi.gov.in,2026-10-03,false
INZ000321452,JIAUM BROKING LLP,Stock Broker (Equity),Active,https://www.sebi.gov.in,2026-10-03,false
INZ000321535,INFINITE BROKING PRIVATE LIMITED,Stock Broker (Equity),Active,https://www.sebi.gov.in,2026-10-03,false
INZ000321758,BALAJI FINCAP LLP,Stock Broker (Equity),Active,https://www.sebi.gov.in,2026-10-03,false
INZ000322030,TRADE PULSE BROKING PRIVATE LIMITED,Stock Broker (Equity),Active,https://www.sebi.gov.in,2026-10-03,false
INZ000322231,ISHAN STOCK BROKING PRIVATE LIMITED,Stock Broker (Equity),Active,https://www.sebi.gov.in,2026-10-03,false
INZ000322337,AVENDUS WEALTH MANAGEMENT PRIVATE LIMITED,Stock Broker (Equity),Active,https://www.sebi.gov.in,2026-10-03,false
INZ000322436,ANISHA FINCAP CONSULTANTS LIMITED,Stock Broker (Equity),Active,https://www.sebi.gov.in,2026-10-03,false
INZ000322732,MINTCAP BROKERS PRIVATE LIMITED,Stock Broker (Equity),Active,https://www.sebi.gov.in,2026-10-03,false
INZ000322839,PRACHAY SECURITIES PRIVATE LIMITED,Stock Broker (Equity),Active,https://www.sebi.gov.in,2026-10-03,false
INZ000322935,PALAK TRADE TECH PRIVATE LIMITED,Stock Broker (Equity),Active,https://www.sebi.gov.in,2026-10-03,false
INZ000323030,INARAA FINANCIAL SERVICES PRIVATE LIMITED,Stock Broker (Equity),Active,https://www.sebi.gov.in,2026-10-03,false
INZ000323153,SENTINELSEC INDIA LLP,Stock Broker (Equity),Active,https://www.sebi.gov.in,2026-10-03,false
INZ000323234,CENTRICITY SECURITIES PRIVATE LIMITED,Stock Broker (Equity),Active,https://www.sebi.gov.in,2026-10-03,false
INZ000323330,SUPERNAL VENTURES PRIVATE LIMITED,Stock Broker (Equity),Active,https://www.sebi.gov.in,2026-10-03,false
INZ000323534,VRIDHI CAPITAL & FINANCE PRIVATE LIMITED,Stock Broker (Equity),Active,https://www.sebi.gov.in,2026-10-03,false
INZ000323634,BULLPULSE MARKETEDGE PRIVATE LIMITED,Stock Broker (Equity),Active,https://www.sebi.gov.in,2026-10-03,false
INZ000323934,DJS STOCK AND SHARES LIMITED,Stock Broker (Equity),Active,https://www.sebi.gov.in,2026-10-03,false
INZ000324038,SHRI VIJAYSHREE INVESTMENT SERVICES PRIVATE LIMITED,Stock Broker (Equity),Active,https://www.sebi.gov.in,2026-10-03,false
INZ000324155,PJP STOCK BROKING LLP,Stock Broker (Equity),Active,https://www.sebi.gov.in,2026-10-03,false
INZ000324234,KG STOCK BROKING PRIVATE LIMITED,Stock Broker (Equity),Active,https://www.sebi.gov.in,2026-10-03,false
INZ000324434,ISK EQUITIES PRIVATE LIMITED,Stock Broker (Equity),Active,https://www.sebi.gov.in,2026-10-03,false
INZ000324536,SPENNY FINTECH PRIVATE LIMITED,Stock Broker (Equity),Active,https://www.sebi.gov.in,2026-10-03,false
INZ000324635,QUBE RESEARCH AND TRADING PRIVATE LIMITED,Stock Broker (Equity),Active,https://www.sebi.gov.in,2026-10-03,false
INZ000324733,MATTERHORN BROKING SERVICES PRIVATE LIMITED,Stock Broker (Equity),Active,https://www.sebi.gov.in,2026-10-03,false
INZ000325038,PERQ CAPITAL MARKETS PRIVATE LIMITED,Stock Broker (Equity),Active,https://www.sebi.gov.in,2026-10-03,false
INZ000325733,K2J STOCK BROKING SERVICES PRIVATE LIMITED,Stock Broker (Equity),Active,https://www.sebi.gov.in,2026-10-03,false
INZ000325835,AMBIT BROKING SERVICES PRIVATE LIMITED,Stock Broker (Equity),Active,https://www.sebi.gov.in,2026-10-03,false
INZ000325937,Pawan Parmeshwar Capital Private Limited,Stock Broker (Equity),Active,https://www.sebi.gov.in,2026-10-03,false
INZ000326036,BANSAL SHARES AND SECURITIES PRIVATE LIMITED,Stock Broker (Equity),Active,https://www.sebi.gov.in,2026-10-03,false
INZ000326131,SHANNON FINSERVE PRIVATE LIMITED,Stock Broker (Equity),Active,https://www.sebi.gov.in,2026-10-03,false
INZ000326233,STOCKOLOGY SECURITIES PRIVATE LIMITED,Stock Broker (Equity),Active,https://www.sebi.gov.in,2026-10-03,false
INZ000326336,FINSTREAM PRIVATE LIMITED,Stock Broker (Equity),Active,https://www.sebi.gov.in,2026-10-03,false
INZ000326631,Algoquant Fintech Limited,Stock Broker (Equity),Active,https://www.sebi.gov.in,2026-10-03,false
INZ000326734,MINIX FINTECH PRIVATE LIMITED,Stock Broker (Equity),Active,https://www.sebi.gov.in,2026-10-03,false
INZ000326834,AMITY HOLDINGS PRIVATE LIMITED,Stock Broker (Equity),Active,https://www.sebi.gov.in,2026-10-03,false
INZ000327038,ANAND RATHI GLOBAL INTERMEDIARIES LIMITED,Stock Broker (Equity),Active,https://www.sebi.gov.in,2026-10-03,false
INZ000327155,FORTUFUSION STOCK BROKING SERVICES LLP,Stock Broker (Equity),Active,https://www.sebi.gov.in,2026-10-03,false
INZ000327333,Jio BlackRock Broking Private Limited,Stock Broker (Equity),Active,https://www.sebi.gov.in,2026-10-03,false
INZ000327425,GIRDHAR SECURITIES,Stock Broker (Equity),Active,https://www.sebi.gov.in,2026-10-03,false
INZ000327535,MOBIKWIK SECURITIES BROKING PRIVATE LIMITED,Stock Broker (Equity),Active,https://www.sebi.gov.in,2026-10-03,false
INZ000327636,EQVILENT INDIA SECURITIES PRIVATE LIMITED,Stock Broker (Equity),Active,https://www.sebi.gov.in,2026-10-03,false
INZ000327759,HRJ Stock Brokers LLP,Stock Broker (Equity),Active,https://www.sebi.gov.in,2026-10-03,false
INZ000327932,ARTH CRAFT CAPITAL MARKET PRIVATE LIMITED,Stock Broker (Equity),Active,https://www.sebi.gov.in,2026-10-03,false
INZ000328032,TECSTOX SECURITIES PRIVATE LIMITED,Stock Broker (Equity),Active,https://www.sebi.gov.in,2026-10-03,false
INZ000328134,ATHENA CAPITAL PRIVATE LIMITED,Stock Broker (Equity),Active,https://www.sebi.gov.in,2026-10-03,false
INZ000328330,AS BULLISHIFY PRIVATE LIMITED,Stock Broker (Equity),Active,https://www.sebi.gov.in,2026-10-03,false
INZ000328431,ADROIT ALGOTECH PRIVATE LIMITED,Stock Broker (Equity),Active,https://www.sebi.gov.in,2026-10-03,false
INZ000328638,TRADEBOOK CONSULTANCY SERVICES PRIVATE LIMITED,Stock Broker (Equity),Active,https://www.sebi.gov.in,2026-10-03,false
INZ000328737,Prospera Finstocks Private Limited,Stock Broker (Equity),Active,https://www.sebi.gov.in,2026-10-03,false
INZ000329131,RELIGO BROKING PRIVATE LIMITED,Stock Broker (Equity),Active,https://www.sebi.gov.in,2026-10-03,false
INZ000329332,Roha Wellworth Securities Private Limited,Stock Broker (Equity),Active,https://www.sebi.gov.in,2026-10-03,false
INZ000329631,VERIQUS PARTNERS PRIVATE LIMITED,Stock Broker (Equity),Active,https://www.sebi.gov.in,2026-10-03,false
INZ000329823,SAPPHIRE BROKING,Stock Broker (Equity),Active,https://www.sebi.gov.in,2026-10-03,false
INZ000330031,OBSIDIAN INVESTMENT PRIVATE LIMITED,Stock Broker (Equity),Active,https://www.sebi.gov.in,2026-10-03,false
INZ000330135,RELIGARE BROKING LIMITED,Stock Broker (Equity),Active,https://www.sebi.gov.in,2026-10-03,false
INZ000330535,R J EQUITY EDGE PRIVATE LIMITED,Stock Broker (Equity),Active,https://www.sebi.gov.in,2026-10-03,false
INZ000330756,ANW ALPHA LLP,Stock Broker (Equity),Active,https://www.sebi.gov.in,2026-10-03,false
INZ000330839,ALLVEST SECURITIES PRIVATE LIMITED,Stock Broker (Equity),Active,https://www.sebi.gov.in,2026-10-03,false
INZ000330930,FINVERSE PLATFORM PRIVATE LIMITED,Stock Broker (Equity),Active,https://www.sebi.gov.in,2026-10-03,false
INZ000331050,EKLINGJI BROKING LLP,Stock Broker (Equity),Active,https://www.sebi.gov.in,2026-10-03,false
INZ000331337,ANTARA CAPITAL PRIVATE LIMITED,Stock Broker (Equity),Active,https://www.sebi.gov.in,2026-10-03,false
INZ000331734,ALGOQUANT GLOBAL SECURITIES PRIVATE LIMITED,Stock Broker (Equity),Active,https://www.sebi.gov.in,2026-10-03,false
INZ000331832,PARSHWA PRISM GEMS AND JEWELLERY LIMITED,Stock Broker (Equity),Active,https://www.sebi.gov.in,2026-10-03,false
INZ000331933,RATNAKAR SECURITIES LIMITED,Stock Broker (Equity),Active,https://www.sebi.gov.in,2026-10-03,false
INZ000332036,DELTAX BROKING PRIVATE LIMITED,Stock Broker (Equity),Active,https://www.sebi.gov.in,2026-10-03,false
INZ000332533,STOCKFIELD FINANCIAL SERVICES PRIVATE LIMITED,Stock Broker (Equity),Active,https://www.sebi.gov.in,2026-10-03,false
INZ000333052,DHRUTEIVA TRADING LLP,Stock Broker (Equity),Active,https://www.sebi.gov.in,2026-10-03,false
INZ000333130,1FC SECURITIES PRIVATE LIMITED,Stock Broker (Equity),Active,https://www.sebi.gov.in,2026-10-03,false
INZ000333231,DELTA VIBE BROKING PRIVATE LIMITED,Stock Broker (Equity),Active,https://www.sebi.gov.in,2026-10-03,false
INZ000333451,FINNOVATIVE SHARE BROKING LLP,Stock Broker (Equity),Active,https://www.sebi.gov.in,2026-10-03,false
INZ000333633,DOROS CAPITAL SERVICES PRIVATE LIMITED,Stock Broker (Equity),Active,https://www.sebi.gov.in,2026-10-03,false
INZ000333735,KWIKWIZ ALPHA PRIVATE LIMITED,Stock Broker (Equity),Active,https://www.sebi.gov.in,2026-10-03,false
INZ000333839,S D NISSAR SECURITIES PRIVATE LIMITED,Stock Broker (Equity),Active,https://www.sebi.gov.in,2026-10-03,false
INZ000334132,BIDASK MANAGEMENT PRIVATE LIMITED,Stock Broker (Equity),Active,https://www.sebi.gov.in,2026-10-03,false
INZ000334231,TRADEXA PRIVATE LIMITED,Stock Broker (Equity),Active,https://www.sebi.gov.in,2026-10-03,false
INZ000334334,VIPIN VENTURES PRIVATE LIMITED,Stock Broker (Equity),Active,https://www.sebi.gov.in,2026-10-03,false
INZ000334557,BLUE SAPPHIRE GLOBAL MARKETS LLP,Stock Broker (Equity),Active,https://www.sebi.gov.in,2026-10-03,false
INZ000334651,CHRONON TRADETECH LLP,Stock Broker (Equity),Active,https://www.sebi.gov.in,2026-10-03,false
INZ000335131,Kristar Market Ventures Private Limited,Stock Broker (Equity),Active,https://www.sebi.gov.in,2026-10-03,false
INZ000335233,SOARING PEAKS CAPITAL SERVICES PRIVATE LIMITED,Stock Broker (Equity),Active,https://www.sebi.gov.in,2026-10-03,false
INZ000335533,Monetic Stock Broking Private Limited,Stock Broker (Equity),Active,https://www.sebi.gov.in,2026-10-03,false
INZ000335830,FYERS CAPITAL MARKETS PRIVATE LIMITED,Stock Broker (Equity),Active,https://www.sebi.gov.in,2026-10-03,false
INZ000335933,TRADL BROKING PRIVATE LIMITED,Stock Broker (Equity),Active,https://www.sebi.gov.in,2026-10-03,false
INZ000336133,TRUENINE SHARES AND STOCK BROKING PRIVATE LIMITED,Stock Broker (Equity),Active,https://www.sebi.gov.in,2026-10-03,false
INZ010000131,ALTIUS FINCAP MARKETS LIMITED,Stock Broker (Equity),Active,https://www.sebi.gov.in,2026-10-03,false
INZ010000230,GETCO INDIA PRIVATE LIMITED,Stock Broker (Equity),Active,https://www.sebi.gov.in,2026-10-03,false
INZ010001535,SAFFRON GLOBAL MARKETS PRIVATE LIMITED,Stock Broker (Equity),Active,https://www.sebi.gov.in,2026-10-03,false
INZ010003135,PURE SHARE CONSULTANT (INDIA) PRIVATE LIMITED,Stock Broker (Equity),Active,https://www.sebi.gov.in,2026-10-03,false
INZ010005437,FINVISION CAPITAL MARKETS PRIVATE LIMITED,Stock Broker (Equity),Active,https://www.sebi.gov.in,2026-10-03,false
INZ010008522,SUNSTAR SECURITIES,Stock Broker (Equity),Active,https://www.sebi.gov.in,2026-10-03,false
INZ010013233,STOCK HOLDING CORPORATION OF INDIA LIMITED,Stock Broker (Equity),Active,https://www.sebi.gov.in,2026-10-03,false
INZ010013837,MC SECURITIES LIMITED,Stock Broker (Equity),Active,https://www.sebi.gov.in,2026-10-03,false
INZ010013936,KIFS SECURITIES PRIVATE LIMITED,Stock Broker (Equity),Active,https://www.sebi.gov.in,2026-10-03,false
INZ010078939,SBI DFHI LTD,Stock Broker (Equity),Active,https://www.sebi.gov.in,2026-10-03,false
INZ030002216,V V V RAMA CHANDRA MURTHY,Stock Broker (Equity),Active,https://www.sebi.gov.in,2026-10-03,false
INZ030002836,UJALA CAPITAL MARKET PRIVATE LIMITED,Stock Broker (Equity),Active,https://www.sebi.gov.in,2026-10-03,false
INZ030004139,MARS SHARE BROKING HOUSE PRIVATE LIMITED,Stock Broker (Equity),Active,https://www.sebi.gov.in,2026-10-03,false
INZ030006035,SKYBULL SHARES & SECURITIES PRIVATE LIMITED,Stock Broker (Equity),Active,https://www.sebi.gov.in,2026-10-03,false
INZ030006936,NAYAN M. VALA SECURITIES PRIVATE LIMITED,Stock Broker (Equity),Active,https://www.sebi.gov.in,2026-10-03,false
INZ030008312,KAVITA KHERA,Stock Broker (Equity),Active,https://www.sebi.gov.in,2026-10-03,false
INZ230001430,SAFFRON GLOBAL MARKETS PRIVATE LIMITED,Stock Broker (Equity),Active,https://www.sebi.gov.in,2026-10-03,false
INZ230002735,PURE SHARE CONSULTANT (INDIA) PRIVATE LIMITED,Stock Broker (Equity),Active,https://www.sebi.gov.in,2026-10-03,false
INZ230004236,ADVENTURES INDIA FINANCIAL SERVICES LIMITED,Stock Broker (Equity),Active,https://www.sebi.gov.in,2026-10-03,false
INZ230008732,REPL SECURITIES PRIVATE LIMITED,Stock Broker (Equity),Active,https://www.sebi.gov.in,2026-10-03,false
INZ230009532,AVON MANAGEMENT PRIVATE LIMITED,Stock Broker (Equity),Active,https://www.sebi.gov.in,2026-10-03,false
INZ230013716,GAUTAM DUTTA MUNSI,Stock Broker (Equity),Active,https://www.sebi.gov.in,2026-10-03,false
INZ260002035,PADMALAXMI TRADECOM INTERNATIONAL PRIVATE LIMITED,Stock Broker (Equity),Active,https://www.sebi.gov.in,2026-10-03,false
INZ260007737,LIFECARE SHARE VENTURES PRIVATE LIMITED,Stock Broker (Equity),Active,https://www.sebi.gov.in,2026-10-03,false
